// File: 'ceraRoundProBold.ttf' (172740 bytes)
// Exported using binary_to_compressed_c.exe -u32 "ceraRoundProBold.ttf" CeraBold
static const unsigned int cera_size = 172740;
static const unsigned int cera_data[172740/4] =
{
    0x00000100, 0x00011100, 0x10000400, 0x46454447, 0x4682a184, 0x1c010000, 0xf6010000, 0x534f5047, 0x02e90bb8, 0x14030000, 0xa2ad0000, 0x42555347, 0xc90bfffb, 0xb8b00000, 
    0xfc2a0000, 0x322f534f, 0x407dac69, 0xb4db0000, 0x60000000, 0x70616d63, 0xaed3bbe9, 0x14dc0000, 0xc8070000, 0x20747663, 0xcf090d49, 0xdce30000, 0xd0000000, 0x6d677066, 
    0xf7a95e21, 0xace40000, 0x1e0e0000, 0x70736167, 0x10000000, 0xccf20000, 0x08000000, 0x66796c67, 0x9178e0e1, 0xd4f20000, 0xb46f0100, 0x64616568, 0xf0c2f610, 0xac690200, 
    0x36000000, 0x61656868, 0x3507b907, 0xe4690200, 0x24000000, 0x78746d68, 0xbf5b5a12, 0x086a0200, 0x400e0000, 0x61636f6c, 0x4e273984, 0x88620200, 0x22070000, 0x7078616d, 
    0x720f4c05, 0x48780200, 0x20000000, 0x656d616e, 0xf7400cd9, 0x68780200, 0x680a0000, 0x74736f70, 0xb73bce8d, 0xd0820200, 0x171f0000, 0x70657270, 0x9e5fba17, 0xe8a10200, 
    0xd9000000, 0x00000100, 0x00000c00, 0xda01ba01, 0x47000200, 0x3b000200, 0x3d000100, 0x01006900, 0x74006b00, 0x76000100, 0x0100b000, 0xb200b200, 0xb4000100, 0x0100bc00, 
    0xc100be00, 0xc3000100, 0x0100d800, 0xef00da00, 0xf1000100, 0x0100fb00, 0x1a01fd00, 0x1b010100, 0x02001c01, 0x20012001, 0x22010100, 0x01002401, 0x30012701, 0x32010100, 
    0x01003401, 0x3a013601, 0x3c010100, 0x01003d01, 0x44014401, 0x47010100, 0x01004c01, 0x4f014e01, 0x53010100, 0x01005301, 0x56015501, 0x58010100, 0x01005801, 0x5b015a01, 
    0x5d010100, 0x01005d01, 0x6a016001, 0x6e010100, 0x01006e01, 0x72017101, 0x75010100, 0x01007e01, 0x82018201, 0x84010100, 0x01008501, 0x88018701, 0x8a010100, 0x01008b01, 
    0x92019201, 0x95010100, 0x01009801, 0x9a019a01, 0x9c010100, 0x01009d01, 0xa101a101, 0xa4010100, 0x0100a501, 0xa801a801, 0xab010100, 0x0100ab01, 0xad01ad01, 0xaf010100, 
    0x0100b801, 0xc101ba01, 0xc3010100, 0x0100c401, 0xca01ca01, 0xcc010100, 0x0100cc01, 0xcf01ce01, 0xd1010100, 0x0100d501, 0xd901d701, 0xdb010100, 0x0100dc01, 0xdf01de01, 
    0xe1010100, 0x0100e101, 0xe301e301, 0xe5010100, 0x0100e601, 0xe801e801, 0xea010100, 0x0100f301, 0xf501f501, 0xf9010100, 0x0100f901, 0xfb01fb01, 0xfd010100, 0x0100fd01, 
    0x01020102, 0x03020100, 0x01000302, 0x09020902, 0x0d020100, 0x01001802, 0x12031203, 0x5e030100, 0x01005e03, 0x6d036003, 0x7b030300, 0x03008a03, 0x8e038d03, 0x18000300, 
    0x08000200, 0x01001000, 0x01000400, 0x01003901, 0x01000400, 0x01003901, 0x1b010200, 0x02001c01, 0x60030400, 0x02006a03, 0x6c036b03, 0x7b030100, 0x02008a03, 0x8e038d03, 
    0x00000200, 0x00000100, 0x2a010a00, 0x0400de03, 0x544c4644, 0x79631a00, 0x2a006c72, 0x6b657267, 0x616c5e00, 0x6e006e74, 0x00000400, 0xffff0000, 0x00000300, 0x1e000f00, 
    0x02001000, 0x20524742, 0x52531c00, 0x28002042, 0xffff0000, 0x01000300, 0x1f001000, 0xffff0000, 0x02000300, 0x20001100, 0xffff0000, 0x03000300, 0x21001200, 0x00000400, 
    0xffff0000, 0x04000300, 0x22001300, 0x09003a00, 0x20455a41, 0x41434600, 0x52002054, 0x20545243, 0x414b5e00, 0x6a00205a, 0x204c4f4d, 0x4c4e7600, 0x82002044, 0x204d4f52, 
    0x41548e00, 0x9a002054, 0x204b5254, 0x0000a600, 0x0300ffff, 0x14000500, 0x00002300, 0x0300ffff, 0x15000600, 0x00002400, 0x0300ffff, 0x16000700, 0x00002500, 0x0300ffff, 
    0x17000800, 0x00002600, 0x0300ffff, 0x18000900, 0x00002700, 0x0300ffff, 0x19000a00, 0x00002800, 0x0300ffff, 0x1a000b00, 0x00002900, 0x0300ffff, 0x1b000c00, 0x00002a00, 
    0x0300ffff, 0x1c000d00, 0x00002b00, 0x0300ffff, 0x1d000e00, 0x2d002c00, 0x6e72656b, 0x656b1001, 0x18016e72, 0x6e72656b, 0x656b2001, 0x28016e72, 0x6e72656b, 0x656b3001, 
    0x38016e72, 0x6e72656b, 0x656b4001, 0x48016e72, 0x6e72656b, 0x656b5001, 0x58016e72, 0x6e72656b, 0x656b6001, 0x68016e72, 0x6e72656b, 0x656b7001, 0x78016e72, 0x6e72656b, 
    0x616d8001, 0x88016b72, 0x6b72616d, 0x616d9401, 0xa0016b72, 0x6b72616d, 0x616dac01, 0xb8016b72, 0x6b72616d, 0x616dc401, 0xd0016b72, 0x6b72616d, 0x616ddc01, 0xe8016b72, 
    0x6b72616d, 0x616df401, 0x00026b72, 0x6b72616d, 0x616d0c02, 0x18026b72, 0x6b72616d, 0x616d2402, 0x30026b72, 0x6b6d6b6d, 0x6b6d3c02, 0x44026b6d, 0x6b6d6b6d, 0x6b6d4c02, 
    0x54026b6d, 0x6b6d6b6d, 0x6b6d5c02, 0x64026b6d, 0x6b6d6b6d, 0x6b6d6c02, 0x74026b6d, 0x6b6d6b6d, 0x6b6d7c02, 0x84026b6d, 0x6b6d6b6d, 0x6b6d8c02, 0x94026b6d, 0x6b6d6b6d, 
    0x6b6d9c02, 0xa4026b6d, 0x6b6d6b6d, 0x0000ac02, 0x00000200, 0x00000100, 0x00000200, 0x00000100, 0x00000200, 0x00000100, 0x00000200, 0x00000100, 0x00000200, 0x00000100, 
    0x00000200, 0x00000100, 0x00000200, 0x00000100, 0x00000200, 0x00000100, 0x00000200, 0x00000100, 0x00000200, 0x00000100, 0x00000200, 0x00000100, 0x00000200, 0x00000100, 
    0x00000200, 0x00000100, 0x00000200, 0x00000100, 0x00000200, 0x00000100, 0x02000400, 0x04000300, 0x00000500, 0x02000400, 0x04000300, 0x00000500, 0x02000400, 0x04000300, 
    0x00000500, 0x02000400, 0x04000300, 0x00000500, 0x02000400, 0x04000300, 0x00000500, 0x02000400, 0x04000300, 0x00000500, 0x02000400, 0x04000300, 0x00000500, 0x02000400, 
    0x04000300, 0x00000500, 0x02000400, 0x04000300, 0x00000500, 0x02000400, 0x04000300, 0x00000500, 0x02000400, 0x04000300, 0x00000500, 0x02000400, 0x04000300, 0x00000500, 
    0x02000400, 0x04000300, 0x00000500, 0x02000400, 0x04000300, 0x00000500, 0x02000400, 0x04000300, 0x00000500, 0x06000200, 0x00000700, 0x06000200, 0x00000700, 0x06000200, 
    0x00000700, 0x06000200, 0x00000700, 0x06000200, 0x00000700, 0x06000200, 0x00000700, 0x06000200, 0x00000700, 0x06000200, 0x00000700, 0x06000200, 0x00000700, 0x06000200, 
    0x00000700, 0x06000200, 0x00000700, 0x06000200, 0x00000700, 0x06000200, 0x00000700, 0x06000200, 0x00000700, 0x06000200, 0x08000700, 0x20001200, 0x4e004600, 0x5e005600, 
    0x6e006600, 0x08000900, 0x64000400, 0x74006c00, 0x09007c00, 0x10000800, 0x7e007600, 0x8e008600, 0x9e009600, 0xae00a600, 0xbe00b600, 0xce00c600, 0xde00d600, 0xee00e600, 
    0x00000900, 0xd0000100, 0x00000900, 0xd0000100, 0x00000900, 0xd0000100, 0x00000900, 0xd0000100, 0x00010600, 0xd0000100, 0x00020600, 0xf4000100, 0x02000100, 0x6a020000, 
    0x02000100, 0x60070000, 0x02000100, 0x38100000, 0x02000100, 0xec100000, 0x02000100, 0x44160000, 0x02000100, 0x1e190000, 0x02000100, 0xae1e0000, 0x02000100, 0x5c210000, 
    0x02000100, 0x4a330000, 0x02000100, 0x1e440000, 0x02000100, 0xd85a0000, 0x02000100, 0x545b0000, 0x02000100, 0x345c0000, 0x02000100, 0x426e0000, 0x02000100, 0xea7d0000, 
    0x02000100, 0x867e0000, 0x02000100, 0xf67e0000, 0x02000100, 0x5a860000, 0x02000100, 0x00870000, 0x02000100, 0x4c8f0000, 0x04000100, 0x988f0000, 0x04000100, 0xae900000, 
    0x04000100, 0x46980000, 0x04000100, 0xec9b0000, 0x64010100, 0x01006c01, 0x16000c00, 0x00000200, 0x00000e00, 0x01001400, 0x01001000, 0x00000fff, 0x1cff0100, 0x01000000, 
    0x24ff0dff, 0x46010100, 0x01005c01, 0x82000c00, 0x00001d00, 0x0000c000, 0x0000c000, 0x0000c600, 0x0000cc00, 0x0000d200, 0x0000c000, 0x0000c000, 0x0000c000, 0x0000c000, 
    0x0000d800, 0x0000c000, 0x0000de00, 0x0000de00, 0x0000e400, 0x0000ea00, 0x0000f000, 0x0000de00, 0x0000f600, 0x0000de00, 0x0000de00, 0x0000de00, 0x0000de00, 0x0000fc00, 
    0x0000c000, 0x0000d800, 0x0000c000, 0x00000201, 0x0000c000, 0x2400de00, 0x92009200, 0x92009800, 0x92009200, 0x92009200, 0x92009200, 0x9e009e00, 0x9e009e00, 0xa4009e00, 
    0x9e009e00, 0x9e009e00, 0xaa00aa00, 0xaa00aa00, 0xaa00aa00, 0xaa00aa00, 0xaa00aa00, 0xaa00aa00, 0x92009200, 0xb0009200, 0x06ff0100, 0x0100e001, 0xe00139ff, 0xd1fe0100, 
    0x0100e001, 0xe001cdfe, 0x05ff0100, 0x0100e001, 0x940206ff, 0x4aff0100, 0x01009402, 0x9402d3fe, 0xd5fe0100, 0x01009402, 0x940207ff, 0xe7fe0100, 0x01009402, 0xe001fbfe, 
    0x06ff0100, 0x0100ee02, 0xee0203ff, 0xfa000100, 0x0100ee02, 0xee02f700, 0x06ff0100, 0x01008e03, 0xee02fbfe, 0x02000100, 0x6c036b03, 0x01000100, 0x02006b03, 0x60030300, 
    0x00006a03, 0x8a037b03, 0x8d030b00, 0x1b008e03, 0x05000200, 0x62036003, 0x64030000, 0x03006a03, 0x70036f03, 0x72030a00, 0x0c007703, 0x8a037903, 0x01001200, 0x04008e04, 
    0x41000000, 0x92008c00, 0xb600a000, 0xd600c400, 0x0201f000, 0x26011001, 0x42013401, 0x6e015401, 0x96018001, 0xb601a801, 0xc601bc01, 0xda01d401, 0xfa01e401, 0x06020002, 
    0x1e021002, 0x32022802, 0x4e024802, 0x5e025402, 0x7e026c02, 0x9a028c02, 0xbe02b402, 0xd202c802, 0xde02d802, 0xfe02ec02, 0x16030803, 0x3a033003, 0x5e034003, 0x6e036803, 
    0xde03b403, 0xee03e403, 0x0e040004, 0x3e043004, 0x82047c04, 0x01008804, 0xd8ffa302, 0x1c020300, 0x2102f6ff, 0xa202f6ff, 0x0500ceff, 0xf6ff1b02, 0x14001e02, 0xecff2102, 
    0xecffa202, 0x9cffa302, 0x21020300, 0x2302f6ff, 0xa202f6ff, 0x0400c7ff, 0xf6ff1b02, 0xecff2102, 0xceffa202, 0xd8ffa302, 0x85000600, 0x1c02d8ff, 0x1e02ecff, 0x2002c4ff, 
    0x2202c4ff, 0xa202e2ff, 0x04004cff, 0xf6ff2102, 0xd8ffa202, 0xc1ffa302, 0xf6ffeb02, 0x21020300, 0xa202f6ff, 0xa30288ff, 0x0500c4ff, 0xc4ff1d01, 0xecff3f02, 0xe2ff4102, 
    0x7effa302, 0xe2ffe702, 0x3f020300, 0xa302f6ff, 0xe70292ff, 0x0300ecff, 0xf6ffa202, 0xc4ffa302, 0xecffe702, 0x1d010400, 0x3b02e2ff, 0xa3021400, 0xe70259ff, 0x0600ecff, 
    0xecff3f02, 0xf6ff4102, 0xf6ffa202, 0xc1ffa302, 0x0a00e402, 0xecffe702, 0x3b020400, 0x3f02f6ff, 0xa202ecff, 0xa302ceff, 0x0500d0ff, 0xceff3c02, 0xe7ff3e02, 0xf6ff4102, 
    0x7effa202, 0xc4ffa302, 0x3f020400, 0xa202ecff, 0xa302d0ff, 0xe702c1ff, 0x0300ecff, 0xf6ff4002, 0xb0ffa202, 0x9cffa302, 0x61020100, 0x0200f9ff, 0xf9ff5c02, 0xf9ff6102, 
    0x5b020300, 0x5e02f9ff, 0x61020d00, 0x0100f3ff, 0xf9ff6102, 0x5b020200, 0x6102f9ff, 0x0500f3ff, 0xecff5a02, 0xf3ff5c02, 0xd9ff5e02, 0xd9ff6002, 0xecff6202, 0x61020100, 
    0x0100f9ff, 0xf9ff6b02, 0x66020200, 0x6b02f9ff, 0x0300f9ff, 0xf9ff6502, 0x0d006802, 0xf3ff6b02, 0x6b020200, 0x6d02f9ff, 0x0200f9ff, 0xf9ff6502, 0xf3ff6b02, 0x64020500, 
    0x6602ecff, 0x6802f3ff, 0x6a02d9ff, 0x6c02d9ff, 0x0100ecff, 0xf9ff6b02, 0x6b020100, 0x0200f9ff, 0xf9ff7502, 0xc4ff8202, 0x70020300, 0x7502f9ff, 0x8202f9ff, 0x0400ddff, 
    0xf9ff6f02, 0x0d007202, 0xf3ff7502, 0x0a008202, 0x75020300, 0x7702f9ff, 0x8202f9ff, 0x0300ddff, 0xf9ff6f02, 0xf3ff7502, 0xe2ff8202, 0x6e020600, 0x7002ecff, 0x7202f3ff, 
    0x7402d9ff, 0x7602d9ff, 0x8202ecff, 0x02009eff, 0xf9ff7502, 0xe2ff8202, 0x75020200, 0x8202f9ff, 0x0200bfff, 0xf9ff7f02, 0xa9fe1603, 0x16030100, 0x0100a9fe, 0xa9fe1603, 
    0x7a020300, 0x7f02f9ff, 0x1603f9ff, 0x0400a9fe, 0xf9ff7902, 0x0d007c02, 0xf3ff7f02, 0xa9fe1603, 0x7f020200, 0x1603f9ff, 0x0300a9fe, 0xf9ff7902, 0xf3ff7f02, 0xa9fe1603, 
    0x78020600, 0x7a02ecff, 0x7c02f3ff, 0x7e02d9ff, 0x8002d9ff, 0x1603ecff, 0x0200a9fe, 0xf9ff7f02, 0xa9fe1603, 0x16030100, 0x0700a9fe, 0xc4ff6402, 0xddff6602, 0xc4ff6802, 
    0xf8ff6902, 0xb0ff6a02, 0xd3ff6c02, 0xe2ff6d02, 0x9a020200, 0x9c02dbff, 0x0100d8ff, 0xe2ff9a02, 0x1c021100, 0x1d02d8ff, 0x1e02ecff, 0x200292ff, 0x220288ff, 0x2302c4ff, 
    0x3902e2ff, 0x3a02c4ff, 0x3b029cff, 0x3c02ceff, 0x3d026aff, 0x3e02c4ff, 0x3f0288ff, 0x4002c4ff, 0x4102c4ff, 0xa2029cff, 0xa802e8fe, 0x0a00e8fe, 0xb0ff1b02, 0xecff1d02, 
    0xecff1f02, 0xceff2002, 0xd8ff2202, 0xe2ff2302, 0xc4ff3e02, 0xd8ff4002, 0xe8fea302, 0xe8fea902, 0xa2020100, 0x0200e8fe, 0x14ffa302, 0x14ffa902, 0x1b020400, 0x1c02ecff, 
    0x2102ecff, 0x3f02e2ff, 0x0300d8ff, 0xe2ff1e02, 0xceff3c02, 0xf6ff4102, 0x1d020800, 0x1e02ecff, 0x2002ceff, 0x2102ecff, 0x3c02f6ff, 0x3e02e2ff, 0x3f02ecff, 0xa302ecff, 
    0x0300fdff, 0x0a001b02, 0xecff3c02, 0xf6ff3f02, 0x1c020f00, 0x1e02e2ff, 0x1f02b0ff, 0x2002e2ff, 0x2202baff, 0x2302e2ff, 0x3902e2ff, 0x3a02baff, 0x3b02baff, 0x3c02baff, 
    0x3d0288ff, 0x3e02baff, 0x3f029cff, 0x4002ceff, 0x4102ceff, 0x0100baff, 0x92ff3603, 0x34030100, 0x010092ff, 0xd8ff3c02, 0x12000200, 0x23021c02, 0x39020000, 0x08004102, 
    0x5a025a02, 0x5d021100, 0x12006202, 0x64026402, 0x67021800, 0x19006e02, 0x82027102, 0x9a022100, 0x33009a02, 0x9c029c02, 0xa2023400, 0x3500a302, 0xa902a802, 0xe4023700, 
    0x3900e402, 0xe702e602, 0xeb023a00, 0x3c00eb02, 0x16031603, 0x34033d00, 0x3e003403, 0x36033603, 0x5c033f00, 0x40005c03, 0x28060200, 0x00000400, 0x3e079206, 0x34000f00, 
    0x32000000, 0xecff9cff, 0xe2fffbff, 0xf6ffbaff, 0xf6ff1400, 0xf6ffecff, 0x00000000, 0x00000000, 0x00000000, 0x00000000, 0x00000000, 0x00000000, 0x00000000, 0x00000000, 
    0x00000000, 0x00000000, 0x00000000, 0x00000000, 0x00000000, 0x00000000, 0x00000000, 0x00000000, 0x00000000, 0x00000000, 0x00000000, 0x00000000, 0x00000000, 0xecff0000, 
    0x00000000, 0x00000000, 0xecff0000, 0x0000ecff, 0xecffe2ff, 0x00000000, 0x00000000, 0x00000000, 0x00000000, 0x00000000, 0x00000000, 0x00000000, 0x00000000, 0x00000000, 
    0x00000000, 0x00000000, 0x00000000, 0x00000000, 0x00000000, 0x00000000, 0x00000000, 0x00000000, 0x00000000, 0x00000000, 0x00000000, 0x00000000, 0x0a000000, 0x00000000, 
    0x00000000, 0x00000000, 0x00000000, 0x00001e00, 0x00000000, 0x00000000, 0x00000000, 0x00000000, 0x00000000, 0x00000000, 0x00000000, 0x00000000, 0x00000000, 0x00000000, 
    0x00000000, 0x00000000, 0x00000000, 0x00000000, 0x00000000, 0x00000000, 0x00000000, 0x00000000, 0x9cff0000, 0x00000000, 0x0a000000, 0xf6ff0000, 0x0000ceff, 0x00000000, 
    0xf6ffceff, 0xceff0000, 0x9cfff1ff, 0x9cffe7ff, 0x9cff9cff, 0x9cff9cff, 0xecff9cff, 0x9cff9cff, 0x9cff9cff, 0xf6ff9cff, 0xf6ff9cff, 0x9cff9cff, 0x9cff9cff, 0x9cff9cff, 
    0x9cff9cff, 0x00009cff, 0x00000000, 0x00000000, 0x00000000, 0x00000000, 0x00000000, 0x00000000, 0x00000000, 0x00000000, 0x00000000, 0x00000000, 0x00000000, 0x00000000, 
    0x00000000, 0x00000000, 0x00000000, 0x00000000, 0x00000000, 0x00000000, 0x00000000, 0x00000000, 0x00000000, 0x00000000, 0x00000000, 0x00000000, 0x00000000, 0xf6ff0000, 
    0x00000000, 0x00000000, 0x00000000, 0x00000000, 0x00000000, 0x00000000, 0x00000000, 0x00000000, 0x00000000, 0x00000000, 0x00000000, 0x00000000, 0x00000000, 0x00000000, 
    0x00000000, 0x00000000, 0x00000000, 0x00000000, 0x00000000, 0x00000000, 0x00000000, 0x0000f6ff, 0x00000000, 0x00000000, 0x00000000, 0x00000000, 0x00000000, 0x00000000, 
    0x00000000, 0x00000000, 0x00000000, 0x0000ceff, 0x00000000, 0x0000ecff, 0x0000f6ff, 0x00000000, 0x000074ff, 0x00000000, 0x00000000, 0x0000c4ff, 0x00000000, 0x00000000, 
    0x00000000, 0x00000000, 0x00000000, 0xd8ff0000, 0x00000000, 0x00000000, 0x00000000, 0x00000000, 0x00000000, 0x00000000, 0xceffe2ff, 0x0000f6ff, 0x00000000, 0x00000000, 
    0x00000000, 0x0000ceff, 0x00000000, 0x00000000, 0x00000000, 0x00000000, 0x00000000, 0x74ff0000, 0x00000000, 0x0000ceff, 0x00000000, 0x00000000, 0x00000000, 0x00000000, 
    0x00000000, 0xd8ff0000, 0x00000000, 0x00000000, 0x00000000, 0x00000000, 0x00000000, 0x00000000, 0xceff0000, 0x00000000, 0x00000000, 0x00000000, 0x00000000, 0x0000f4ff, 
    0x00000000, 0x00000000, 0x00000000, 0x00000000, 0x00000000, 0x00000000, 0x00000000, 0x0000e1ff, 0x00000000, 0x00000000, 0x00000000, 0x00000000, 0x00000000, 0x00000000, 
    0x00000000, 0x00000000, 0x00000000, 0x00000000, 0x00000000, 0x00000000, 0xecff0000, 0xecff0000, 0x00000000, 0x00000000, 0x00000000, 0x00000000, 0x00000000, 0x00000000, 
    0x00000000, 0x00000000, 0x00000000, 0x00000000, 0x00000000, 0x0000e1ff, 0x00000000, 0x00000000, 0x00000000, 0x00000000, 0x00000000, 0x00000000, 0x00000000, 0x00000000, 
    0x00000000, 0x00000000, 0x00000000, 0x00000000, 0xecff0000, 0x00000000, 0x00000000, 0x00000000, 0x00000000, 0xecff9cff, 0xc4ff0000, 0xf6ffb0ff, 0xd8ff0000, 0xecffceff, 
    0xf6ff0000, 0x0000f6ff, 0x00000000, 0x00000000, 0x00000000, 0x00000000, 0x00000000, 0x00000000, 0x00000000, 0x00000000, 0xf6ff0000, 0x00000000, 0x00000000, 0x00000000, 
    0x00000000, 0x00000000, 0x00000000, 0xc1ff0000, 0xcbfff6ff, 0x0000f6ff, 0x00000000, 0xc4ff0000, 0x00000000, 0x00000000, 0x00000000, 0x00000000, 0xc4ffceff, 0xceff0000, 
    0x0000ecff, 0x00000000, 0x00000000, 0x00000000, 0x00000000, 0x00000000, 0x00000000, 0x00000000, 0x00000000, 0x00000000, 0x00000000, 0x00000000, 0x00000000, 0x00000000, 
    0x00000000, 0x00000000, 0x00000000, 0xecff0000, 0x00000000, 0x0000efff, 0x00000000, 0x00000000, 0x00000000, 0x00000000, 0x00000000, 0x00000000, 0x0000e2ff, 0x00000000, 
    0x00000000, 0x00000000, 0x00000000, 0x00000000, 0x00000000, 0x00000000, 0x00000000, 0x00000000, 0x00000000, 0x00000000, 0x00000000, 0x00000000, 0x00000000, 0x00000000, 
    0x00000000, 0xe7ff0000, 0x00000000, 0x92ffe7ff, 0x00000000, 0x00000000, 0x00000000, 0x00000000, 0xc4ffc4ff, 0xceff0000, 0x0000e1ff, 0x00000000, 0x00000000, 0x00000000, 
    0x00000000, 0x00000000, 0x00000000, 0x00000000, 0x00000000, 0x00000000, 0x00000000, 0x00000000, 0x00000000, 0x00000000, 0x00000000, 0x00000000, 0x00000000, 0xe1ff0000, 
    0x00000000, 0x00000000, 0x00000000, 0x00000000, 0x00000000, 0x00000000, 0x00000000, 0xc4ff0000, 0x00000000, 0x00000000, 0x00000000, 0x00000000, 0x00000000, 0x00000000, 
    0x00000000, 0x00000000, 0x00000000, 0x00000000, 0x00000000, 0x00000000, 0x00000000, 0x00000000, 0x00000000, 0x00000000, 0x00000000, 0x00000000, 0x33000100, 0x96029502, 
    0x98029702, 0x9c029902, 0x9f029e02, 0xa202a002, 0xa602a302, 0xa802a702, 0xae02ac02, 0xba02b002, 0xbc02bb02, 0xbe02bd02, 0xc002bf02, 0xc202c102, 0xc402c302, 0xc602c502, 
    0xc802c702, 0xca02c902, 0xce02cc02, 0xd002cf02, 0xd402d202, 0xd602d502, 0xd802d702, 0x2303fc02, 0x55032703, 0x57035603, 0x02005b03, 0x95021c00, 0x03009602, 0x98029702, 
    0x99020200, 0x03009902, 0x9c029c02, 0x9e020c00, 0x06009f02, 0xa202a202, 0xa3020d00, 0x0b00a302, 0xa702a602, 0xa8020700, 0x0e00a802, 0xac02ac02, 0xae020100, 0x0100ae02, 
    0xb002b002, 0xba020100, 0x0600be02, 0xbf02bf02, 0xc0020300, 0x0700c402, 0xc602c502, 0xc7020300, 0x0a00ca02, 0xcc02cc02, 0xce020800, 0x0800ce02, 0xd002cf02, 0xd2020a00, 
    0x0900d202, 0xd402d402, 0xd5020900, 0x0400d602, 0xd802d702, 0xfc020500, 0x0600fc02, 0x23032303, 0x27030600, 0x06002703, 0x57035603, 0x02000a00, 0x1a024500, 0x0d001a02, 
    0x1b021b02, 0x1c020800, 0x2e001c02, 0x1e021e02, 0x20020500, 0x09002002, 0x21022102, 0x23021f00, 0x19002302, 0x38023802, 0x39020300, 0x0e003902, 0x3a023a02, 0x3b020b00, 
    0x32003b02, 0x3c023c02, 0x3d020600, 0x30003d02, 0x3e023e02, 0x3f020a00, 0x21003f02, 0x40024002, 0x41020400, 0x07004102, 0x42024202, 0x59020300, 0x0d005902, 0x61026102, 
    0x6e022b00, 0x29006e02, 0x6f026f02, 0x70021c00, 0x27007002, 0x71027102, 0x72022500, 0x17007202, 0x73027302, 0x74021500, 0x23007402, 0x75027502, 0x76022000, 0x13007602, 
    0x77027702, 0x78021a00, 0x2a007802, 0x79027902, 0x7a021d00, 0x28007a02, 0x7b027b02, 0x7c022600, 0x18007c02, 0x7d027d02, 0x7e021600, 0x24007e02, 0x7f027f02, 0x80022200, 
    0x14008002, 0x81028102, 0x95021b00, 0x02009602, 0x99029902, 0x9d020200, 0x2f009d02, 0x9f029e02, 0xa0020c00, 0x0100a002, 0xa202a202, 0xa3022d00, 0x1200a302, 0xa502a502, 
    0xa6023100, 0x0f00a702, 0xad02ad02, 0xaf022c00, 0x2c00af02, 0xb102b102, 0xb2022c00, 0x1e00b202, 0xbe02ba02, 0xbf020c00, 0x0200bf02, 0xc402c002, 0xc5020f00, 0x0200c602, 
    0xca02c702, 0xcb021100, 0x1000cb02, 0xcd02cd02, 0xcf021000, 0x1100d002, 0xd102d102, 0xd3023300, 0x3300d302, 0xfc02fc02, 0x1f030c00, 0x0c001f03, 0x28032803, 0x55030c00, 
    0x01005503, 0x57035603, 0x5b031100, 0x01005b03, 0x56000200, 0x00000400, 0x88006600, 0x07000500, 0xecff0000, 0x0000f6ff, 0x00000000, 0x00000000, 0xf6ff0000, 0xf6ffecff, 
    0x00000000, 0x00000000, 0x00000000, 0x9cff0000, 0x0000ceff, 0x00000000, 0x00000000, 0x0000f6ff, 0x00000000, 0x00000000, 0xd8ff0000, 0x0100f6ff, 0xdd020600, 0xe602e302, 
    0xe802e702, 0x02001603, 0xe3020500, 0x0100e302, 0xe602e602, 0xe7020300, 0x0400e702, 0xe802e802, 0x16030100, 0x02001603, 0x08000200, 0x1a021a02, 0x20020600, 0x04002002, 
    0x21022102, 0x38020200, 0x05003802, 0x3c023c02, 0x41020100, 0x03004102, 0x42024202, 0x59020500, 0x06005902, 0xa8030200, 0x00000400, 0x5404d803, 0x17001400, 0xecff0000, 
    0x92ffecff, 0xecff0a00, 0x0000c4ff, 0x00000000, 0x00000000, 0x00000000, 0x00000000, 0x00000000, 0x00000000, 0x00000000, 0x00000000, 0x00000000, 0x0000c4ff, 0xc4ff0000, 
    0xf6fff6ff, 0x00000000, 0x00000000, 0x00000000, 0x00000000, 0x00000000, 0x00000000, 0x00000000, 0xecff0000, 0x0000f6ff, 0x00000000, 0x00000000, 0xf6ff0000, 0x00000000, 
    0x00000000, 0x00000000, 0x00000000, 0x00000000, 0x00000000, 0x00000000, 0xf6fffbff, 0x00000000, 0x00000000, 0x00000000, 0x0000f6ff, 0x00000000, 0x00000000, 0x00000000, 
    0x00000000, 0x00000000, 0x00000000, 0xc4ff0000, 0x0000c4ff, 0x00000000, 0x14000000, 0xe2ff0000, 0x0000ecff, 0x00000000, 0x00000000, 0x00000000, 0x00000000, 0x00000000, 
    0x00000000, 0xb0ffbaff, 0x00000000, 0x00000000, 0x00001400, 0x0000ceff, 0xe2ffe2ff, 0x00000000, 0x00000000, 0x00000000, 0x00000000, 0x00000000, 0x00000000, 0x00000000, 
    0x00000000, 0xceff0000, 0x00000000, 0x00000000, 0xeeff0000, 0x00000000, 0x00000000, 0x00000000, 0x00000000, 0x00000000, 0xf6fff6ff, 0x00000000, 0x00000000, 0x0000ecff, 
    0x00000000, 0x00000000, 0x00000000, 0x00000000, 0x00000000, 0x00000000, 0x00000000, 0x00000000, 0x00000000, 0x00000000, 0x00000000, 0x00000000, 0x00000000, 0x00000000, 
    0x0000e7ff, 0x00000000, 0x00000000, 0x00000000, 0x00000000, 0x00000000, 0x00000000, 0x00000000, 0x00000000, 0x00000000, 0x00000000, 0x00000000, 0x0000e7ff, 0x00000000, 
    0x00000000, 0x00000000, 0xbaff0000, 0x0000baff, 0x00000000, 0x00000000, 0xd8ff0000, 0xe2ff0000, 0x0000c4ff, 0x00000000, 0x0000ecff, 0x00000000, 0x00000000, 0x00000000, 
    0x00001e00, 0x00000000, 0x00000000, 0x00009cff, 0x00000000, 0x0000c4ff, 0x0000bcff, 0xe2ff0000, 0xc4ffecff, 0xe2ffe2ff, 0x00000000, 0x28000000, 0x00000000, 0x00000000, 
    0xa6ff0000, 0x00000000, 0xf6ff0000, 0x00000000, 0x00000000, 0x00000000, 0x00000000, 0xecff0000, 0x0000ecff, 0x00000000, 0x00000000, 0x00000000, 0x00000000, 0x00000000, 
    0x00000000, 0xceff0000, 0x00000000, 0x00000000, 0x00000000, 0x00000000, 0x00000000, 0x00000000, 0x00000000, 0x00000000, 0x00000000, 0x00000000, 0x00000000, 0xceff0000, 
    0x00000000, 0x00000000, 0x00000000, 0x00000000, 0xecffecff, 0x00000000, 0x00000000, 0x00000000, 0x0000ecff, 0x00000000, 0x00000000, 0x00000000, 0x00000000, 0x00000000, 
    0x00000000, 0xecff0000, 0x0000ecff, 0x00000000, 0x00000000, 0xecff0000, 0x00000000, 0x00000000, 0x00000000, 0x00000000, 0x00000000, 0x00000000, 0x00000000, 0x00000000, 
    0x00000000, 0x00000000, 0x00000000, 0x0000f6ff, 0x00000000, 0x00000000, 0x00000000, 0x00000000, 0x00000000, 0x00000000, 0x00000000, 0x0000ecff, 0x00000000, 0x00000000, 
    0x00000000, 0xf6ff0000, 0x00000000, 0x00000000, 0x0000f6ff, 0x00000000, 0x00000000, 0x00000000, 0xe2ffecff, 0x00000000, 0x00000000, 0x00000000, 0x00000000, 0x00000000, 
    0x00000000, 0x00000000, 0x00000000, 0x00000000, 0x00000000, 0x16000100, 0x1d021a02, 0x20021e02, 0x22022102, 0x38022302, 0x3a023902, 0x3c023b02, 0x3f023e02, 0x41024002, 
    0x59024202, 0x63026102, 0x81027f02, 0x14000200, 0x1a021a02, 0x1d020100, 0x11001d02, 0x1e021e02, 0x20020400, 0x0f002002, 0x21022102, 0x22020b00, 0x02002202, 0x23022302, 
    0x39020600, 0x0a003902, 0x3a023a02, 0x3b021300, 0x12003b02, 0x3c023c02, 0x3e020500, 0x10003e02, 0x3f023f02, 0x40020c00, 0x03004002, 0x41024102, 0x59020700, 0x01005902, 
    0x61026102, 0x63020d00, 0x08006302, 0x7f027f02, 0x81020e00, 0x09008102, 0x2c000200, 0x02000200, 0x1c000d00, 0x0d002400, 0x86008600, 0x1e010a00, 0x0c001f01, 0xf501f501, 
    0x03021500, 0x15000302, 0x07020602, 0x0a021500, 0x15000a02, 0x0d020d02, 0x14021500, 0x15001602, 0x1a021a02, 0x21021400, 0x08002102, 0x38023802, 0x3f021600, 0x05003f02, 
    0x42024202, 0x59021600, 0x14005902, 0x94028302, 0x95020900, 0x07009602, 0x99029902, 0x9e020700, 0x0b009f02, 0xa002a002, 0xa2020100, 0x0600a202, 0xa302a302, 0xa6020300, 
    0x1200a702, 0xbe02ba02, 0xbf020b00, 0x0700bf02, 0xc402c002, 0xc5021200, 0x0700c602, 0xca02c702, 0xcf020200, 0x0200d002, 0xd602d502, 0xd7020e00, 0x0f00d802, 0xdd02dd02, 
    0xdf021000, 0x1100df02, 0xe302e302, 0xe4021300, 0x0400e402, 0xe802e802, 0xfc021300, 0x0b00fc02, 0x1a031903, 0x1f030900, 0x0b001f03, 0x28032803, 0x55030b00, 0x01005503, 
    0x57035603, 0x5b030200, 0x01005b03, 0x92020100, 0x00000400, 0x56002600, 0x7e007000, 0xa2009400, 0xbe00b400, 0xce00c800, 0xee00e400, 0x0201f800, 0x16011001, 0x26012001, 
    0xa6012c01, 0x22021002, 0x32022c02, 0x3e023802, 0x4a024402, 0x56025002, 0x62025c02, 0x6e026802, 0x7a027402, 0x86028002, 0x06008c02, 0xecff1900, 0x14004e00, 0xf6ff6a00, 
    0x0a00d500, 0xe2ffa202, 0xa6ffa302, 0x9d020300, 0xa202f7ff, 0x4e03b2ff, 0x0500d8ff, 0xe2ff1900, 0x0a003c00, 0x96ffa202, 0xe2ffa302, 0xe7ff4e03, 0x19000300, 0x4e00f1ff, 
    0xd5000a00, 0x04000a00, 0xf6ffb100, 0xf6fff000, 0xe2ff3b01, 0xf6ff4e03, 0x9c020200, 0xa2023200, 0x0200efff, 0x1100c200, 0x0800d500, 0xa3020100, 0x050074ff, 0xd3ff1900, 
    0x0a00d500, 0xa2ffa202, 0xb0ffa302, 0xf6ff4e03, 0x19000200, 0xa202ecff, 0x0200e2ff, 0xa9ffa202, 0xf6ff4e03, 0xd5000200, 0xa3020a00, 0x0300baff, 0xf8ff1900, 0xceffa202, 
    0xceffa302, 0xa2020100, 0x0200f6ff, 0xe2ffa202, 0xb9ffa302, 0xa3020100, 0x0100b2ff, 0x0e00eb01, 0xb1001e00, 0xf000d8ff, 0x2601deff, 0x3b0192ff, 0x4701b0ff, 0x4f01e2ff, 
    0x6b01c4ff, 0x6f016aff, 0x7401c7ff, 0x950174ff, 0x9d01adff, 0xa20188ff, 0xaa01baff, 0xb901e2ff, 0xbd01e2ff, 0xc201baff, 0xcb014fff, 0xcd01e2ff, 0xd80147ff, 0xeb01f6ff, 
    0xf6010800, 0xfc01ecff, 0x0202ecff, 0x0502e2ff, 0x080292ff, 0x0b02ceff, 0x0f02baff, 0x10025c00, 0x19028e00, 0xe102e2ff, 0x1a00f2ff, 0xefff3c00, 0xa1ff6a00, 0xceffb100, 
    0xecfff000, 0xb0ff3b01, 0xdaff4301, 0xe2ff4701, 0x6aff5301, 0x74ff5b01, 0x9cff5c01, 0xdaff6f01, 0x14009a01, 0xf5ffaa01, 0xe2ffb901, 0xe2ffcb01, 0x9cffe501, 0x88ffe901, 
    0xcefff801, 0xddfffa01, 0xcefffc01, 0xe2ff0202, 0xc4ff0802, 0xe2ff0e02, 0xe2ff0f02, 0xe2ff1002, 0xe2ff1902, 0x26010400, 0x6f01acff, 0x7401e7ff, 0xa201c5ff, 0x0200e7ff, 
    0xdeff4301, 0xe7ff6f01, 0xeb010100, 0x01001100, 0x1100eb01, 0xeb010100, 0x01001100, 0x1100eb01, 0xeb010100, 0x01004500, 0x4500eb01, 0xeb010100, 0x01001100, 0x1100eb01, 
    0xeb010100, 0x01003400, 0x3400eb01, 0x3c020100, 0x0100e2ff, 0xe2ff1900, 0x6a000100, 0x0100f6ff, 0x0e00eb01, 0xeb010100, 0x01001100, 0x1100eb01, 0xeb010100, 0x01000e00, 
    0x03002600, 0x11000700, 0x19001200, 0x4b003c00, 0x5f004e00, 0x6a006800, 0xb1009700, 0xef00d500, 0xa002f000, 0xa302a202, 0xa902a802, 0xc802c702, 0xca02c902, 0xce02cc02, 
    0xd002cf02, 0xd402d202, 0x4d03e102, 0x55034e03, 0x57035603, 0x01005b03, 0x04006205, 0x19000000, 0x82003c00, 0x0601c400, 0x62012c01, 0xd2019c01, 0x5e021402, 0xf202ac02, 
    0x52031003, 0xa6038403, 0xd203ac03, 0x42040804, 0x96047804, 0x0605d004, 0x11004405, 0xc9ff2601, 0x0f004301, 0xfbff4701, 0xe7ff4f01, 0x14005101, 0xf6ff5301, 0x0f005401, 
    0xf1ff5b01, 0xf1ff5c01, 0x97ff6b01, 0xc8ff7401, 0xe3ff9d01, 0xa6ffc201, 0x92ffcd01, 0x96ffa202, 0xe2ffa302, 0xe7ff4e03, 0x26011000, 0x3b01d8ff, 0x4f01f0ff, 0x6b01ecff, 
    0x6f01b0ff, 0x7401faff, 0x9501b6ff, 0x9d01d0ff, 0xa201b9ff, 0xaa01d6ff, 0xbd01d6ff, 0xc201c4ff, 0xcb01a5ff, 0xcd01f6ff, 0xa20291ff, 0x4e039cff, 0x1000dfff, 0xd8ff2601, 
    0xf8ff4301, 0xfbff4701, 0xf1ff4f01, 0xe2ff5301, 0x0a005401, 0xddff5b01, 0xf6ff5c01, 0xe2ff6b01, 0xf1ff7401, 0xf1ff9d01, 0xf6ffbd01, 0xceffc201, 0xdfffcd01, 0xb0ffa202, 
    0xb0ffa302, 0x3b010900, 0x4701ddff, 0x6f01fbff, 0x9501f1ff, 0xaa01fbff, 0xb901f1ff, 0xbd01f6ff, 0xcb01e2ff, 0x4e03f1ff, 0x0d00f1ff, 0xfbff4701, 0xfbff4f01, 0xf1ff5301, 
    0x0a005401, 0xf1ff5b01, 0xfbff5c01, 0xf6ff9d01, 0x0a00a201, 0xf1ffaa01, 0xddffbd01, 0xf1ffc201, 0xe2ffa202, 0xe2ffa302, 0x26010e00, 0x4f01f6ff, 0x6b01f6ff, 0x6f01f6ff, 
    0x7401fbff, 0x9501f6ff, 0x9d01fbff, 0xaa01f6ff, 0xbd01fbff, 0xc201f6ff, 0xcb01e7ff, 0xcd01fbff, 0xa202f6ff, 0x4e03e7ff, 0x0d00fbff, 0xfbff3b01, 0xf8ff5101, 0xbaff5301, 
    0xbaff5b01, 0xdeff5c01, 0xfbff6f01, 0xf6ff9d01, 0xecffaa01, 0xf3ffb901, 0xddffbd01, 0xfbffcb01, 0xb4ffa302, 0xb4ffa902, 0x26011000, 0x3b01c9ff, 0x4f01fbff, 0x6b01f6ff, 
    0x6f018dff, 0x7401f5ff, 0x9501afff, 0x9d01d2ff, 0xa201b5ff, 0xaa01e6ff, 0xbd01f5ff, 0xc201cdff, 0xcb0187ff, 0xcd01f1ff, 0xa20273ff, 0x4e036aff, 0x1200f1ff, 0xc9ff2601, 
    0xf6ff3b01, 0xfbff4701, 0xecff4f01, 0xa6ff6b01, 0xf6ff6f01, 0xbaff7401, 0xf1ff9501, 0xceff9d01, 0xf8ffa201, 0xecffaa01, 0xe7ffbd01, 0xa4ffc201, 0xf6ffcb01, 0x9cffcd01, 
    0x96ffa202, 0xa4ffa802, 0xddff4e03, 0x26011300, 0x3b01c4ff, 0x4301ddff, 0x47010a00, 0x4f01f1ff, 0x6b01d8ff, 0x6f01a6ff, 0x7401e4ff, 0x9501a2ff, 0x9d01b4ff, 0xa201abff, 
    0xaa01d7ff, 0xb901dcff, 0xbd01f5ff, 0xc201b9ff, 0xcb019bff, 0xcd01e7ff, 0xa20287ff, 0x4e0374ff, 0x1100ceff, 0xecff2601, 0xf6ff3b01, 0xfbff4701, 0xe2ff4f01, 0xd8ff6b01, 
    0xf6ff6f01, 0xedff7401, 0xf6ff9501, 0xe7ff9d01, 0xe2ffaa01, 0xfbffb901, 0xd8ffbd01, 0xd3ffc201, 0xf1ffcb01, 0xc4ffcd01, 0x9cffa202, 0xf6ff4e03, 0x26010700, 0x3b010a00, 
    0x6b01f1ff, 0x6f010a00, 0x7401f6ff, 0xaa010a00, 0xcd01f6ff, 0x10000a00, 0x0a002601, 0xe2ff3b01, 0xccff4301, 0x8dff5301, 0xa6ff5b01, 0xd8ff5c01, 0x0a006b01, 0xf6ff6f01, 
    0x0a007401, 0x28009a01, 0x0a00a201, 0xecffaa01, 0xf1ffb901, 0xfbffcb01, 0x0a00cd01, 0x6affa302, 0x43010c00, 0x5101d6ff, 0x5301deff, 0x5b01efff, 0x6f01f8ff, 0x9d01fbff, 
    0xa201f6ff, 0xaa011400, 0xbd01f1ff, 0xc201e7ff, 0xa202f1ff, 0xa302ecff, 0x080094ff, 0xefff4301, 0xefff5301, 0xf8ff5b01, 0xf8ff5c01, 0xfbff9d01, 0x1400a201, 0xfbffc201, 
    0xb0ffa302, 0x9a010100, 0x09001100, 0x11005401, 0xd6ff6b01, 0xe2ff7401, 0xfbff9d01, 0x0a009f01, 0xceffc201, 0xbfffcd01, 0xadffa202, 0xe2ffa302, 0x26010d00, 0x4301efff, 
    0x5301f8ff, 0x5b01efff, 0x6b01deff, 0x7401d6ff, 0x9d01ecff, 0xc201f6ff, 0xcd01c9ff, 0xa202c4ff, 0xa302b3ff, 0xa802ceff, 0xa902ceff, 0x0e00e7ff, 0xf8ff2601, 0xdeff5301, 
    0xefff5b01, 0xb9ff6b01, 0xe2ff7401, 0xf6ff9501, 0xf1ff9d01, 0x0a009f01, 0x0800a201, 0xbaffc201, 0xf6ffcb01, 0xceffcd01, 0xdcffa202, 0xe2ffa302, 0x26010d00, 0x5301f8ff, 
    0x5b01efff, 0x5c01e3ff, 0x7401e7ff, 0x9d01f6ff, 0x9f01fbff, 0xa2010a00, 0xc2011100, 0xcb01f6ff, 0xcd01fbff, 0xa202f6ff, 0xa302f5ff, 0x0700e2ff, 0xf8ff5b01, 0x1400a201, 
    0xf6ffaa01, 0xecffbd01, 0xf1ffc201, 0xe2ffa202, 0xe2ffa302, 0x43010e00, 0x5101efff, 0x5301deff, 0x5b01efff, 0x5c01e7ff, 0x6f01f8ff, 0x9a01ecff, 0xa2011e00, 0xaa011400, 
    0xb901f6ff, 0xbd01fbff, 0xcb01f6ff, 0xa302f6ff, 0x4e039bff, 0x0d00f6ff, 0xd6ff3b01, 0xceff4301, 0xf3ff4701, 0xceff5101, 0xacff5301, 0xacff5b01, 0xdaff5c01, 0xe7ff6f01, 
    0xf6ffaa01, 0xecffb901, 0xe7ffbd01, 0xecffcb01, 0x4fffa302, 0x3b010f00, 0x4301e3ff, 0x5101c5ff, 0x5301d6ff, 0x5b019bff, 0x5c019bff, 0x6f01ceff, 0x7401f1ff, 0x9a010a00, 
    0xa2012800, 0xaa010a00, 0xb901f6ff, 0xcb01f6ff, 0xcd01f6ff, 0xa3020a00, 0x070047ff, 0xecff4301, 0xfbff4701, 0xecff4f01, 0xb0ff5301, 0xa6ff5b01, 0xc4ff5c01, 0xecffbd01, 
    0x19000100, 0x38013601, 0x3c013b01, 0x4c014701, 0x53014d01, 0x5b015401, 0x5d015c01, 0x70016b01, 0x9a019501, 0xa201a101, 0xaa01a901, 0xbd01b901, 0xcd01c201, 0x01004e03, 
    0x04008a02, 0x14000000, 0x54003200, 0xa4009200, 0xfc00d200, 0x58013201, 0x8c017201, 0xcc01b601, 0xfc01e201, 0x34021a02, 0x60023e02, 0x80027602, 0xd8010800, 0xe501fbff, 
    0xe901e7ff, 0xff01f6ff, 0x0802e7ff, 0x0b02f6ff, 0xa202e7ff, 0xa302e2ff, 0x0f00a6ff, 0xecffd801, 0xf6fff601, 0xd3fff801, 0xeefffa01, 0xdcffff01, 0xfeff0202, 0x9bff0502, 
    0xcdff0802, 0xb9ff0b02, 0x03000f02, 0x61001002, 0xfeff1902, 0x70ffa202, 0xecff4d03, 0xceff4e03, 0xfc010400, 0x0802f6ff, 0x0b02f1ff, 0x1002ecff, 0x0b003200, 0xf6ffe901, 
    0xe2fff801, 0xe7fffa01, 0xd8fffc01, 0xe2ff0202, 0xd8ff0802, 0xe7ff0b02, 0xecff0e02, 0xf6ff0f02, 0xf6ff1002, 0xe2ff1902, 0xd8010a00, 0xf801f1ff, 0xfa01f6ff, 0xff01f6ff, 
    0x0502d8ff, 0x0f02f1ff, 0x10020a00, 0xa2024300, 0xa30296ff, 0x4e03d8ff, 0x0d00e7ff, 0xe6fff801, 0xfefffa01, 0xeaffff01, 0xfeff0202, 0xbdff0502, 0xe0ff0802, 0xd6ff0b02, 
    0x1e000f02, 0x46001002, 0xfeff1902, 0x94ffa202, 0xecff4d03, 0xdfff4e03, 0xd8010900, 0xf801fbff, 0xfa01fbff, 0xff01fbff, 0x0502e2ff, 0x0f02eeff, 0x10021e00, 0xa2022800, 
    0x4e0388ff, 0x0600f6ff, 0xfbfffc01, 0xe7ffff01, 0xecff0b02, 0x46001002, 0xbfffa202, 0xc4ffa302, 0xe9010600, 0xff01fdff, 0x0b02ecff, 0x0f02f6ff, 0x10021400, 0xa2021400, 
    0x0a00ceff, 0xfdffe901, 0xf6fff801, 0xecfffa01, 0xe7fffc01, 0xf6ff0202, 0xc9ff0802, 0x14000f02, 0x32001002, 0xf6ff1902, 0x2800a202, 0xff010500, 0x0f02e2ff, 0x10021400, 
    0xa2021e00, 0xa302ceff, 0x0500ecff, 0xe7ffe501, 0xecfff801, 0xf1fffa01, 0xf6ff0b02, 0xc4ffa302, 0xe5010600, 0xe901efff, 0xff01e7ff, 0x0802baff, 0x0b02ddff, 0xa302e7ff, 
    0x07007eff, 0xf6fff801, 0xf6fffa01, 0xf1ffff01, 0xf6ff0202, 0x05000802, 0xf6ff1902, 0x9cffa302, 0xff010600, 0x0502d3ff, 0x0802f1ff, 0x0b02ceff, 0xa202c4ff, 0xa302c4ff, 
    0x0200c4ff, 0xf6ff0802, 0xbaffa302, 0xe5010800, 0xf801deff, 0xfa01e2ff, 0xfc01ecff, 0xff01fbff, 0x0202d8ff, 0x1902f6ff, 0xa302f6ff, 0x0500ceff, 0x1400ff01, 0xf6ff0802, 
    0xf6ff0b02, 0x1e009c02, 0x7c00a302, 0xe5010200, 0xff01d8ff, 0x0200f6ff, 0xb0ffe501, 0xecff0b02, 0x14000100, 0xd501d401, 0xdc01d801, 0xe501e301, 0xf601e901, 0xfa01f801, 
    0xfe01fc01, 0x0602ff01, 0x08020702, 0x10020b02, 0x4e034d03, 0xa00d0200, 0x00000400, 0x160fb00d, 0x38001f00, 0x0a000000, 0xfbfff1ff, 0xe7ffb5ff, 0xabffb0ff, 0x1400b0ff, 
    0xd8ffd8ff, 0xe2ffe7ff, 0xeefffbff, 0xceff92ff, 0xdfffceff, 0xc4fff1ff, 0xddffe2ff, 0x74fff1ff, 0xd3fff6ff, 0x0000ecff, 0x00000000, 0x00000000, 0x00000000, 0x00000000, 
    0x00000000, 0x00000000, 0x00000000, 0x00000000, 0x00000000, 0x00000000, 0x00000000, 0x00000000, 0x00000000, 0x00000000, 0x0000fbff, 0x00000000, 0xecfff6ff, 0x00000000, 
    0xf6fff6ff, 0xfbff0000, 0xf6ff0000, 0x00000000, 0x00000000, 0xf6ff0000, 0x00000000, 0xcdff0000, 0x00000000, 0xf6ff0000, 0xfbffecff, 0xfbfff6ff, 0xf6fffbff, 0xc7ffecff, 
    0x00000000, 0x00000000, 0x00000000, 0x00000000, 0x00000000, 0x00000000, 0x00000000, 0x00000000, 0x00000000, 0x00000000, 0x0000f1ff, 0x00000000, 0x00000000, 0x00000000, 
    0x0000ecff, 0xf6fffbff, 0xf6ff0000, 0x00000000, 0xf6ff0000, 0xe2fffbff, 0x0000fbff, 0x00000000, 0x0000fbff, 0x0000f6ff, 0x00000000, 0x00000000, 0x00000000, 0x00000000, 
    0x0000fbff, 0x00000000, 0x00000000, 0x00000000, 0x00000000, 0x00000000, 0x00000000, 0x00000000, 0x00000000, 0x00000000, 0x00000000, 0x0000f6ff, 0xecfff1ff, 0x00000000, 
    0x00000000, 0x00000000, 0x00000000, 0x0000f6ff, 0x00000000, 0xfbff0000, 0x00000000, 0xbaff0000, 0x00000000, 0xf6ff0000, 0x0000f1ff, 0x0000f6ff, 0xfbff0000, 0xc4ffecff, 
    0x0a000000, 0x00000a00, 0x00000000, 0x00000000, 0x00000000, 0x00000000, 0x00000000, 0x00000000, 0x00000000, 0x00000000, 0x00000000, 0x00000000, 0x00000000, 0x00000000, 
    0x00000000, 0x00000000, 0xfbff0000, 0x00000000, 0xfbff0000, 0xfbfffbff, 0x00000000, 0x00000000, 0x00000000, 0x00000000, 0xfbff0000, 0x00000000, 0xfbfffbff, 0x00000000, 
    0x00000000, 0xfbff0000, 0xfbfffbff, 0x00000000, 0x00000000, 0x00000000, 0x00000000, 0x00000000, 0x00000000, 0xf1ff0000, 0x00000000, 0x00000000, 0x00000000, 0xf6ff0000, 
    0x00000000, 0x00000000, 0xfbff0000, 0x00000000, 0xfbff0000, 0xfbfffbff, 0x00000000, 0x0000fbff, 0x0000fbff, 0xe2ff0000, 0xfbffd8ff, 0xfbff0000, 0xfbfffbff, 0xc3ff0000, 
    0x00000000, 0x00000000, 0xfbfffbff, 0x00000000, 0x00000000, 0x00000000, 0x00000000, 0x00000000, 0x00000000, 0x00000000, 0xf6ffceff, 0xf6fffbff, 0x00000000, 0x14000000, 
    0xc4ffceff, 0xd3ffd8ff, 0xddfff6ff, 0x0000ecff, 0xe7ff0000, 0xc4ffe2ff, 0x0000d8ff, 0x0000f1ff, 0x0000ecff, 0x0000e7ff, 0xf1ff0000, 0xf8ff0000, 0x0000f6ff, 0x00000000, 
    0x0000f6ff, 0x00000000, 0x00000000, 0xfbfff6ff, 0x00000000, 0x00000000, 0x00000000, 0x00000000, 0x00000000, 0x00000000, 0x0000f1ff, 0xf6ff83ff, 0xa1ffa6ff, 0x140092ff, 
    0x0000e2ff, 0xf1fff6ff, 0xfdff0000, 0x9cff88ff, 0xf1ffceff, 0xc4fffbff, 0xc4ffecff, 0x71ff0000, 0x0000fdff, 0x0000f6ff, 0x00000000, 0x00000000, 0x00000000, 0x00000000, 
    0x00000000, 0x00000000, 0x00000000, 0x00000000, 0x00000000, 0x00000000, 0x00000000, 0x00000000, 0x00000000, 0xefff0000, 0x00000000, 0x0000f3ff, 0xe2ffecff, 0xe1fffcff, 
    0x00000000, 0x00000000, 0x00000000, 0x0000f6ff, 0x00000000, 0xfdff0000, 0x00000000, 0xb3ff0000, 0x00000000, 0xf1ff0000, 0x0000ddff, 0x0000f6ff, 0xf6ff0000, 0xc4ffe7ff, 
    0x0a000000, 0x00000a00, 0x00000000, 0x00000000, 0xf5ff0a00, 0x0000a2ff, 0x00000000, 0x00000000, 0x00000000, 0x00000000, 0x00000000, 0x00000000, 0x00000000, 0x00000000, 
    0x00000000, 0x00000000, 0x00000000, 0x00000000, 0x00000000, 0x00000000, 0x00000000, 0x00000000, 0x00000000, 0x00000000, 0x00000000, 0x00000000, 0x00000000, 0x00000000, 
    0x00000000, 0x00000000, 0x00000000, 0x00000000, 0x00000000, 0xf5ff0000, 0x00000000, 0x00000000, 0x00000000, 0xfdff0000, 0x00000000, 0x00000000, 0x00000000, 0x00000000, 
    0x00000000, 0x00000000, 0x00000000, 0x00000000, 0x00000000, 0x00000000, 0x00000000, 0xecff0000, 0x00000000, 0xf1ff0000, 0x0000ddff, 0x00000000, 0xf6ff0000, 0xc4ff0000, 
    0x00000000, 0x00000a00, 0x00000000, 0x00000000, 0xfbff0a00, 0x00000000, 0x00000000, 0x00000000, 0x00000000, 0x00000000, 0xfbfff1ff, 0xecffe7ff, 0xddffddff, 0x1400f6ff, 
    0xf1ffecff, 0xf6fff1ff, 0xf1ff0000, 0xecfff6ff, 0xf6ff0000, 0xecfff1ff, 0xecfffbff, 0xbafff1ff, 0x0000f6ff, 0x0000fbff, 0xf6ff0000, 0x00000000, 0x0000fbff, 0x00000000, 
    0x00000000, 0x00000000, 0x00000000, 0x0000f6ff, 0x00000000, 0x00000000, 0x00000000, 0x00000000, 0x00000000, 0x00000000, 0xfbff0000, 0x00000000, 0xf1fff1ff, 0x00000000, 
    0x00000000, 0x00000000, 0x00000000, 0x00000000, 0xfbff0000, 0xecff0000, 0x00000000, 0xe2ff0000, 0x00000000, 0xfbff0000, 0x0000f6ff, 0x00000000, 0xf6ff0000, 0xe2fffbff, 
    0x0a000000, 0x00001400, 0x00000000, 0x00000000, 0x00000a00, 0x00000000, 0x00000000, 0x00000000, 0x00000000, 0xcbff0000, 0x0000f3ff, 0x00000000, 0x00000000, 0xa5ff0000, 
    0xe2ffd8ff, 0xceffceff, 0xb8ff0000, 0x00000000, 0xefffceff, 0xccffccff, 0x0000d6ff, 0x0000dfff, 0x0000feff, 0xb5fff2ff, 0xc2ffa6ff, 0xb8ff0000, 0xccffd1ff, 0x9cff0000, 
    0x0000f3ff, 0x00000000, 0xccffd4ff, 0xd8ff0000, 0x00000000, 0x00000000, 0xecffecff, 0x00000800, 0x00000000, 0xf1ff0000, 0xfbff0000, 0x00000000, 0x00000000, 0xf6ff0000, 
    0x00000000, 0x00000000, 0xfbff0000, 0x00000000, 0x00000000, 0xfbfffbff, 0x0000fbff, 0x0000fbff, 0x0000fbff, 0xe7ff0000, 0xfbffd3ff, 0xfbff0000, 0xfbfffbff, 0xceff0000, 
    0x00000000, 0x00000000, 0xfbfffbff, 0x00000000, 0x00000000, 0x00000000, 0x00000000, 0x00000000, 0x00000000, 0xc8ff0000, 0xecffecff, 0x00000000, 0x00000000, 0xa5ff0000, 
    0x0000d8ff, 0xd8ffd8ff, 0xc4ffecff, 0x00000000, 0xf6ffceff, 0xf6ffe2ff, 0x0000f6ff, 0x0000ceff, 0x0000f4ff, 0xb0fffeff, 0xd4ff9cff, 0xc4ff0000, 0xe2ffcdff, 0x7bff0000, 
    0x0000f1ff, 0x00000000, 0xe2ffe2ff, 0xecfff1ff, 0x00000000, 0x00000000, 0x0000e2ff, 0xf7ff0000, 0x00000000, 0xd0ff0000, 0xf1ffe2ff, 0x00000000, 0x00000000, 0xafff0000, 
    0x0000ceff, 0xceffceff, 0xafffe2ff, 0xecff0000, 0xe2ffd8ff, 0xd7ffcdff, 0x0000d7ff, 0x0000ceff, 0x0000edff, 0xabfff0ff, 0xb4ff97ff, 0xb4ff0000, 0xcdffb4ff, 0x74ff0000, 
    0x0000e7ff, 0x00000000, 0xcdffcdff, 0xe2ffecff, 0x00000000, 0x00000000, 0x0000ceff, 0x00000000, 0x00000000, 0x00000000, 0x0000f6ff, 0x00000000, 0x00000000, 0x00000000, 
    0x0000f6ff, 0xf6fffbff, 0x00000000, 0xecff0000, 0xfbff0000, 0xecff0000, 0x0000fbff, 0x00000000, 0x00000000, 0x0000fbff, 0x00000000, 0x00000000, 0x00000000, 0x00000000, 
    0x0a000000, 0x00000500, 0x00000000, 0x00000000, 0x00000000, 0x00000000, 0x00000000, 0x00000000, 0x00000000, 0x00000000, 0x00000000, 0x00000000, 0x00000000, 0x00000000, 
    0x00000000, 0x00000000, 0x00000000, 0x00000000, 0x00000000, 0x00000000, 0x00000000, 0x00000000, 0x00000000, 0x00000000, 0x00000000, 0x00000000, 0x00000000, 0x00000000, 
    0x00000000, 0x00000000, 0x00000000, 0x00000000, 0x00002a00, 0x00000000, 0x00000000, 0x00000000, 0x00000000, 0x00000000, 0x00000000, 0x00000000, 0x00000000, 0x00000000, 
    0x00000000, 0x00000000, 0x00000000, 0x00000000, 0x00000000, 0x00000000, 0x00000000, 0x00000000, 0x00000000, 0x00000000, 0x00000000, 0x00000000, 0x00000000, 0x00000000, 
    0x00000000, 0x00000000, 0x00000000, 0x00000000, 0x00000000, 0x00000000, 0x00000000, 0x00000000, 0x0000f5ff, 0x00000000, 0x00000000, 0x0000e7ff, 0xc6ffdfff, 0x0000f5ff, 
    0x00000000, 0x00000000, 0x00000000, 0xecffe2ff, 0xfbff0000, 0xe7ff0000, 0x0000f6ff, 0x00000000, 0x00000000, 0xf6ff0000, 0x0000e7ff, 0x0000ecff, 0xf1ff0000, 0x00000000, 
    0x00000000, 0x00000000, 0x00000000, 0x0000fbff, 0xfbff1400, 0x00000000, 0x00000000, 0x00000000, 0x00000000, 0xc1ff0000, 0x0000fbff, 0x00000000, 0x00000000, 0xadff0000, 
    0x0000f6ff, 0xf6fff6ff, 0xe8ff0000, 0x00000000, 0xfbffe2ff, 0xecfff1ff, 0x0000f1ff, 0x00000000, 0x00000000, 0xbfff0000, 0xe7ffb0ff, 0xf1ff0000, 0xf1fff1ff, 0x00000000, 
    0x00000000, 0x00000000, 0xf1fff1ff, 0xf6ff0000, 0xfbff0000, 0x00000000, 0x00000000, 0x00000000, 0x00000000, 0x00000000, 0x00000000, 0x0000f1ff, 0xe7ffecff, 0x0000f1ff, 
    0x00000000, 0x00000000, 0x00000000, 0x0000f6ff, 0x00000000, 0x00000000, 0x00000000, 0x00000000, 0x00000000, 0xf1ff0000, 0x0000f1ff, 0x0000f6ff, 0x00000000, 0x00000000, 
    0x00000000, 0x00000000, 0x00000000, 0x00000000, 0xfbff0000, 0x00000000, 0x00000000, 0x00000000, 0x00000000, 0x00000000, 0x00000000, 0x00000000, 0x00000000, 0x00003200, 
    0x00000000, 0x00000000, 0xfbff0000, 0x1e000000, 0x08000000, 0x00000000, 0x00000000, 0x00000000, 0x00000000, 0xf6ff0000, 0xfbff0000, 0x00000000, 0x00000000, 0x00000000, 
    0x00000000, 0x00000000, 0x00000000, 0x00000000, 0x00000000, 0x00000000, 0x00001e00, 0x00000000, 0x00000000, 0x00000000, 0x0000f6ff, 0x00001e00, 0x00000000, 0x00000000, 
    0x00000000, 0x00000000, 0xfdff0000, 0x28001e00, 0xfdff0000, 0xdaff0000, 0x00000000, 0x00000000, 0x00000000, 0x00000000, 0x00000000, 0x00000000, 0x00000000, 0x00000000, 
    0x00000000, 0x00000000, 0x00000000, 0x00000000, 0x00000000, 0x00000000, 0x00000000, 0x00000000, 0x00000000, 0x00000000, 0x00000000, 0x0000b5ff, 0xabffb5ff, 0x0000ceff, 
    0x00000000, 0xf6fffbff, 0x00000000, 0xe2ffd8ff, 0xf6ffd8ff, 0xd3fffbff, 0x0000f1ff, 0x00000000, 0x00000000, 0x00000000, 0x00000000, 0x00000000, 0x00000000, 0x00000000, 
    0x00000000, 0x00000000, 0x00000000, 0x00000000, 0x00000000, 0x00000000, 0x00000000, 0x00000000, 0x00000000, 0xd0ff0000, 0xfbff0000, 0x00000000, 0xf1fff6ff, 0xb4ff0000, 
    0x00000000, 0x0000f6ff, 0xf4ff0000, 0x00000000, 0x0000e2ff, 0x00000000, 0x00000000, 0x00000000, 0x00000000, 0xb0ff0000, 0xf6ff9cff, 0xf6fff6ff, 0x0000f6ff, 0x00000000, 
    0x00000000, 0x00000000, 0xfbff0000, 0x00000000, 0xf1ff0a00, 0x00000000, 0x00000000, 0x00000000, 0x00000000, 0xfeff0000, 0x00000000, 0x0000fbff, 0xe2ffecff, 0x33010000, 
    0x00000000, 0x00000000, 0x00000000, 0x00000000, 0x00000000, 0x00000000, 0x00000000, 0x00000000, 0x00000000, 0x00000000, 0x0000f6ff, 0x00003301, 0xfbff0000, 0x00000000, 
    0x00000000, 0x00000000, 0x00000000, 0x00000000, 0x00000a00, 0x00000000, 0x00000000, 0x00000000, 0x33010000, 0xd9ff0000, 0x00000000, 0x00000000, 0x00000000, 0xe2ff0000, 
    0x00000000, 0x00000000, 0x00000000, 0x00000000, 0x00000000, 0xf6ff0000, 0x0000f6ff, 0x00000000, 0x00000000, 0xddff0000, 0xf6ffd3ff, 0x00000000, 0xf6ff0000, 0x00000000, 
    0x00000000, 0x00000000, 0xf6ff0000, 0x00000000, 0xfbff0000, 0x00000000, 0x00000000, 0x00000000, 0x00000000, 0xe6ff0000, 0xf6ff0000, 0x0000f6ff, 0xd8ffe2ff, 0xe2fff6ff, 
    0x00000000, 0x00000000, 0x00000000, 0xf6ffe2ff, 0x00000000, 0x00000000, 0x00000000, 0x00000000, 0x00000000, 0xceff0000, 0xf6ffc4ff, 0x0000ecff, 0xf1ff0000, 0x00000000, 
    0x00000000, 0x00000000, 0x00000000, 0x00000000, 0xecff0a00, 0x00000000, 0x00000000, 0x00000000, 0x00000000, 0x00000000, 0xfbffe7ff, 0x00000000, 0x00000000, 0x14000000, 
    0xd8ffd8ff, 0xddffe2ff, 0xecfffbff, 0xecff0000, 0xf1ff0000, 0xcefff1ff, 0x0000e7ff, 0x00000000, 0x00000000, 0x00000000, 0xfbff0000, 0x00000000, 0x0000fbff, 0x00000000, 
    0x00000000, 0x00000000, 0x00000000, 0x00000000, 0x00000000, 0x00000000, 0x00000000, 0x00000000, 0x00000000, 0x02000200, 0x86000200, 0xd4000000, 0x8500d400, 0x3b000200, 
    0x03000300, 0x04001400, 0x01000400, 0x05000500, 0x06000800, 0x02000600, 0x07000700, 0x08001500, 0x03000800, 0x0a000900, 0x0b000400, 0x05000b00, 0x0c000c00, 0x0d000600, 
    0x07000d00, 0x0f000e00, 0x10000400, 0x08001000, 0x11001100, 0x12001a00, 0x1b001200, 0x13001300, 0x14000b00, 0x0c001400, 0x15001500, 0x16000d00, 0x0e001600, 0x18001700, 
    0x19000f00, 0x1e001900, 0x1a001a00, 0x1b001000, 0x11001b00, 0x26002500, 0x27000200, 0x01002b00, 0x2e002c00, 0x2f000800, 0x02003700, 0x3b003800, 0x3c000300, 0x17003c00, 
    0x3d003d00, 0x3e000400, 0x05003e00, 0x47003f00, 0x48000400, 0x05004800, 0x49004900, 0x4a000600, 0x07004a00, 0x4b004b00, 0x4c001800, 0x07004c00, 0x4d004d00, 0x4e001200, 
    0x19004e00, 0x53004f00, 0x54000400, 0x08005a00, 0x5c005b00, 0x5d000a00, 0x08005d00, 0x5e005e00, 0x5f000200, 0x1d005f00, 0x62006000, 0x63000b00, 0x0c006700, 0x68006800, 
    0x69001600, 0x08006900, 0x6a006a00, 0x6b001c00, 0x0d006d00, 0x77006e00, 0x78000e00, 0x0f007b00, 0x7f007c00, 0x80001000, 0x11008200, 0x83008300, 0x84000500, 0x04008400, 
    0x85008500, 0x86001300, 0x09008600, 0xd400d400, 0x02001200, 0x01007a00, 0x12000100, 0x02000200, 0x04001d00, 0x02000400, 0x08000800, 0x0b000200, 0x01000b00, 0x10001000, 
    0x12000200, 0x02001200, 0x14001400, 0x15000300, 0x04001500, 0x16001600, 0x17000500, 0x06001800, 0x19001900, 0x1a002400, 0x07001a00, 0x1b001b00, 0x1c002f00, 0x1d002400, 
    0x26002500, 0x27001e00, 0x02002b00, 0x2c002c00, 0x2e002e00, 0x2e002e00, 0x3b003800, 0x48000200, 0x01004800, 0x4e004e00, 0x54002700, 0x02005a00, 0x5c005b00, 0x5d002600, 
    0x02005e00, 0x67006300, 0x69000300, 0x02006900, 0x6a006a00, 0x6b001700, 0x04006d00, 0x77006e00, 0x78000500, 0x06007b00, 0x7f007c00, 0x80000700, 0x2f008200, 0x85008500, 
    0x86003100, 0x36008600, 0x87008700, 0x89001f00, 0x0f008b00, 0x8c008c00, 0x8d002c00, 0x0f008d00, 0x8f008f00, 0x93002900, 0x2a009400, 0x95009500, 0x96000f00, 0x2a009600, 
    0x97009700, 0x98000f00, 0x2a009800, 0x99009900, 0x9a002200, 0x13009a00, 0x9b009b00, 0x9c001400, 0x15009d00, 0x9e009e00, 0x9f002300, 0x16009f00, 0xa000a000, 0xa1002b00, 
    0x1f00ab00, 0xb000ac00, 0xb1000f00, 0x1a00b100, 0xc100b200, 0xc2000f00, 0x3400c200, 0xc400c400, 0xc5002a00, 0x2900cd00, 0xd500d500, 0xd6002800, 0x2a00da00, 0xe100db00, 
    0xe2000f00, 0x2100e300, 0xe500e400, 0xe7000f00, 0x2a00e900, 0xee00ea00, 0xf0002200, 0x1c00f000, 0xf300f100, 0xf4001300, 0x1400fe00, 0x0201ff00, 0x03011500, 0x16000601, 
    0x09010701, 0x0a012b00, 0x29000b01, 0x0c010c01, 0x0d010f00, 0x14000d01, 0x16010e01, 0x17010f00, 0x14001a01, 0x1c011b01, 0x4c012c00, 0x01004c01, 0x08020802, 0x95021b00, 
    0x09009602, 0x98029702, 0x99023200, 0x09009902, 0x9d029d02, 0x9e023500, 0x0a009f02, 0xa002a002, 0xa2020800, 0x2500a202, 0xa302a302, 0xa6021900, 0x0b00a702, 0xad02ad02, 
    0xaf022000, 0x2000af02, 0xb102b102, 0xb5022000, 0x3700b502, 0xb702b702, 0xb9023700, 0x3700b902, 0xbe02ba02, 0xbf020a00, 0x0900bf02, 0xc402c002, 0xc5020b00, 0x0900c602, 
    0xca02c702, 0xcb021000, 0x0c00cb02, 0xcc02cc02, 0xcd022d00, 0x0c00cd02, 0xce02ce02, 0xcf022d00, 0x1000d002, 0xd102d102, 0xd2020d00, 0x0e00d202, 0xd302d302, 0xd4020d00, 
    0x0e00d402, 0xda02da02, 0xfc021200, 0x0a00fc02, 0x1f031f03, 0x28030a00, 0x0a002803, 0x4d034d03, 0x4e033300, 0x18004e03, 0x52035203, 0x54031100, 0x11005403, 0x55035503, 
    0x56030800, 0x10005703, 0x5b035b03, 0x60030800, 0x30008503, 0x8f038703, 0x02003000, 0x0400fa0b, 0x100c0000, 0x1900420d, 0x00003d00, 0xe7ffdeff, 0xf6ffd6ff, 0x0a00baff, 
    0x00000000, 0x00000000, 0x00000000, 0x00000000, 0x00000000, 0x00000000, 0x00000000, 0x00000000, 0x00000000, 0x00000000, 0x00000000, 0x00000000, 0x00000000, 0x00000000, 
    0x00000000, 0x00000000, 0x00000000, 0x00000000, 0x00000000, 0x00000000, 0x00000000, 0x00000000, 0x00000000, 0x00000000, 0x00000000, 0x00000000, 0x00000000, 0xceff0000, 
    0xc9ffd6ff, 0xa3ff0000, 0xf8ff0000, 0xfbfff6ff, 0xf6fff6ff, 0xddfff6ff, 0x00000000, 0x00000000, 0x00000000, 0x00000000, 0x00000000, 0x00000000, 0x00000000, 0x00000000, 
    0x00000000, 0x00000000, 0x00000000, 0x00000000, 0x00000000, 0x00000000, 0x00000000, 0x00000000, 0x00000000, 0x00000000, 0x00000000, 0x00000000, 0x00000000, 0x00000000, 
    0x00000000, 0x00000000, 0x00000000, 0x00000000, 0x00000000, 0x66ff0000, 0x00000000, 0x000068ff, 0x68ff0000, 0x5cffa9ff, 0x7cff7cff, 0x68ffb1ff, 0xdeff68ff, 0x000068ff, 
    0x00000000, 0x00000000, 0x00000000, 0x00000000, 0x00000000, 0x00000000, 0x00000000, 0x00000000, 0x00000000, 0x00000000, 0x00000000, 0x00000000, 0x00000000, 0x00000000, 
    0x00000000, 0x00000000, 0x00000000, 0x00000000, 0xdeff0000, 0xdeffd6ff, 0x9dff0000, 0x00000000, 0x00000000, 0xecfff6ff, 0xe6fff6ff, 0x00000000, 0x00000000, 0x00000000, 
    0x00000000, 0x00000000, 0xfbfff6ff, 0x0000fdff, 0x00000000, 0x00000000, 0x00000000, 0x00000000, 0x00000000, 0x00000000, 0x00000000, 0x00000000, 0x00000000, 0x00000000, 
    0x00000000, 0x00000000, 0x00000000, 0x00000000, 0x00000000, 0x00000000, 0x00000000, 0x00000000, 0x32000000, 0x19002800, 0x0000efff, 0x1e000000, 0x00000000, 0x0000ceff, 
    0xe2ff0f00, 0x00000000, 0x00000a00, 0xe7ff0000, 0x32000000, 0x00000a00, 0xe2ff2800, 0x0f000f00, 0xe2ff0f00, 0x3200f6ff, 0x32000a00, 0x0f003200, 0x32003200, 0x1e003200, 
    0x32003200, 0x3200e2ff, 0x32003200, 0x00000000, 0x00000000, 0x00000000, 0x00000000, 0x00000000, 0x00000000, 0xdeff0000, 0xd6fff8ff, 0xbaff0000, 0x00000a00, 0x00000000, 
    0x00000000, 0x00000000, 0x00000000, 0x00000000, 0x00000000, 0x00000000, 0x00000000, 0x00000000, 0x00000000, 0x00000000, 0x00001900, 0x00000000, 0x00000000, 0x00000000, 
    0x00000000, 0x00000000, 0x00000000, 0x00000000, 0x00000000, 0x00000000, 0x00000000, 0x00000000, 0x00000000, 0x00000000, 0x00000000, 0x00000000, 0x00000000, 0x00000000, 
    0x0a000000, 0x00000000, 0x1e000000, 0x00000000, 0x00000000, 0x00000000, 0x00000000, 0x00000000, 0x00000000, 0x00000000, 0x00000000, 0x00001e00, 0x00000000, 0x00000000, 
    0x00000000, 0x00000000, 0x00000000, 0x00000000, 0x00000000, 0x00000000, 0x00000000, 0x00000000, 0x00000000, 0x00000000, 0x00000000, 0x00000000, 0x00000000, 0x00000000, 
    0x00000000, 0x00000000, 0x00000000, 0x00000a00, 0x00000000, 0x00000000, 0x00000000, 0x00000000, 0x00000000, 0x00000000, 0x00000000, 0x00000000, 0x00000000, 0x14000000, 
    0x00000000, 0x00001100, 0x00000000, 0x00000000, 0x00000000, 0x00000000, 0x00000000, 0x00000000, 0x00000000, 0x00000000, 0x00000000, 0x00000000, 0x00000000, 0x00000000, 
    0x00000000, 0x00000000, 0x00000000, 0xe7ffd6ff, 0x0000d6ff, 0x0000baff, 0xecff0000, 0x0000f6ff, 0x00000000, 0xf6ff0000, 0x00000000, 0xecfff5ff, 0x00000000, 0x00000000, 
    0x00000000, 0x00000000, 0x00000000, 0x00000000, 0x00000000, 0x0000f6ff, 0x0000f6ff, 0x00000000, 0x00000000, 0x00000000, 0x00000000, 0x00000000, 0x00000000, 0xfdffefff, 
    0x00000000, 0x00000000, 0x00000000, 0x00000000, 0x00000000, 0x00000000, 0x00000000, 0x00000000, 0x00000a00, 0x00000000, 0x00000000, 0x00000000, 0x00000000, 0x00000000, 
    0x00000000, 0x00000000, 0x00000000, 0x00000000, 0x00000000, 0x00000000, 0x00000000, 0x00000000, 0x00000000, 0x00000000, 0x00000000, 0x00000000, 0x00000000, 0x00000000, 
    0x00000000, 0x00000000, 0x00000000, 0x00000000, 0x00000000, 0x00000000, 0x00000000, 0x00000000, 0xe7ffd6ff, 0xf6ffdaff, 0x0a00a5ff, 0x00000000, 0xf6ff0000, 0x0000ecff, 
    0x00000000, 0x00000000, 0x00000000, 0x00000000, 0x00000000, 0x00000000, 0x00000000, 0x0000f6ff, 0x00000000, 0x00000000, 0x00000000, 0x00000000, 0x00000000, 0x00000000, 
    0x00000000, 0x00000000, 0x00000000, 0x00000000, 0x0000fdff, 0x00009aff, 0x00000000, 0x00000000, 0x00000000, 0x00000000, 0xc5ff0000, 0xafffc4ff, 0x94ffecff, 0xdeff1900, 
    0x00000000, 0xecfff6ff, 0xd7ffecff, 0x00000000, 0x0000f6ff, 0x00000000, 0x00000000, 0x00000000, 0xf6ffecff, 0xf2ffefff, 0x00000000, 0x00000000, 0x00000000, 0x00000000, 
    0x00000000, 0x00000000, 0x00000000, 0x00000000, 0x00000000, 0x00000000, 0xfdff0000, 0xa2ff0000, 0xfdffefff, 0xfdfffdff, 0x00000000, 0x00000000, 0x00000000, 0xe7ffefff, 
    0x0000e7ff, 0x0a00c4ff, 0x00000000, 0x00000000, 0x00000000, 0x0000ceff, 0xf6ff0000, 0x00000000, 0x00000000, 0x00000000, 0xf6ff0000, 0xf8ff0000, 0x00000000, 0x00000000, 
    0x00000000, 0x00000000, 0x00000000, 0x00000000, 0x00000000, 0x00000000, 0x00000000, 0x00000000, 0x00000000, 0x0000fdff, 0xf8ff0000, 0xfdff0000, 0x19000000, 0x00000000, 
    0x00000000, 0xf3ff0000, 0xceff0000, 0xceff0000, 0xe2ff0000, 0xf6fff6ff, 0x00000000, 0xbaff0000, 0x0000f6ff, 0x0000c0ff, 0x00000000, 0x00000000, 0x00000000, 0x0000f6ff, 
    0x0000f8ff, 0x00000000, 0x00000000, 0xecff0000, 0xfbff0000, 0x00000000, 0x00000000, 0x00000000, 0x00000000, 0x00000000, 0x00000000, 0x00000000, 0x00000000, 0x0000ecff, 
    0x0000ecff, 0xfbff0000, 0x00000000, 0x00000000, 0xefffdaff, 0x0000ceff, 0x0f009cff, 0x00000000, 0xf6ff0000, 0xfbfffbff, 0x00000000, 0x00000000, 0x00000000, 0x00000000, 
    0x00000000, 0xf6ff0000, 0xfdff0000, 0x00000000, 0x00000000, 0x00000000, 0x00000000, 0x00000000, 0x00000000, 0x00000000, 0x00000000, 0x00000000, 0x00000000, 0x00000000, 
    0x0000fdff, 0x00000000, 0x0000fdff, 0x00000000, 0x00000000, 0x00000000, 0xdeff0000, 0xdefff8ff, 0xafff0000, 0x00000000, 0x0000f6ff, 0x00000000, 0x00000000, 0x00000000, 
    0xfbff0000, 0x00000000, 0x00000000, 0x0000e2ff, 0x00000000, 0x0000fdff, 0x00000000, 0x00000000, 0x00000000, 0x00000000, 0x00000000, 0x00000000, 0x00000000, 0x00000000, 
    0x00000000, 0x00000000, 0x00000000, 0x00000000, 0x00000000, 0x0000fdff, 0x00000000, 0x00000000, 0x00000000, 0xe7ffd6ff, 0x0000d6ff, 0x0a00baff, 0x0000efff, 0x00000000, 
    0x00000000, 0x0000d1ff, 0xf6ff0000, 0x00000000, 0x00000000, 0x00000000, 0x00000000, 0xf3ff0000, 0x00000000, 0x00000000, 0x00000000, 0x00000000, 0x00000000, 0x00000000, 
    0x00000000, 0x00000000, 0x00000000, 0x00000000, 0x00000000, 0x0000fdff, 0xf3ff0000, 0xfdff0000, 0x00000000, 0x00000000, 0x00000000, 0xd6ff0000, 0xdefff8ff, 0xc4ff0000, 
    0xc5ff0000, 0xecffecff, 0x00000000, 0x9cff0000, 0x0000ecff, 0xf6ffbaff, 0x0000f6ff, 0xf1ff0000, 0x00000000, 0x0000f6ff, 0x0000d6ff, 0x00000000, 0x00000000, 0xe2ff0000, 
    0x00000000, 0x00000000, 0x00000000, 0x00000000, 0x00000000, 0x00000000, 0x00000000, 0xfdff0000, 0x0000fdff, 0x0000ceff, 0x0000f8ff, 0x00000000, 0xeffff8ff, 0x0000efff, 
    0xefffd6ff, 0x0000e7ff, 0x0a00ceff, 0x00000000, 0x00000000, 0x00000000, 0x00000000, 0x00000000, 0x00000000, 0x00000000, 0x00000000, 0x00000000, 0x00000000, 0x00000000, 
    0x00000000, 0x00000000, 0x00000000, 0x00000000, 0x00000000, 0x00000000, 0x00000000, 0x00000000, 0x00000000, 0x00000000, 0x00000000, 0x00000000, 0x00000000, 0x00000000, 
    0x00000000, 0x00000000, 0x08000000, 0x00000000, 0x00003200, 0x00000000, 0x00000000, 0x00001400, 0x00000000, 0x00000000, 0x00000000, 0x00000000, 0x00000000, 0x00000000, 
    0x00002800, 0x0f000000, 0x00000000, 0x00000000, 0x00000000, 0x00000000, 0x00000000, 0x00000000, 0x00000000, 0x00000000, 0x00000000, 0x00000000, 0x00000000, 0x00000000, 
    0x00000000, 0x00000000, 0x00002200, 0x00000000, 0x00000000, 0xefffe7ff, 0x0000efff, 0x00000000, 0x0000f8ff, 0xf6ff0000, 0xe7ffe7ff, 0x00000000, 0xf6ff0000, 0x00000000, 
    0x00000000, 0x00000000, 0xf6ff0000, 0x0000f6ff, 0x0000f6ff, 0x00000000, 0x00000000, 0x00000000, 0x00000000, 0x00000000, 0x00000000, 0x00000000, 0x00000000, 0x00000000, 
    0x00000000, 0x0000fdff, 0xf8ff0000, 0xf8ff0000, 0x00000000, 0x00000000, 0x0000f8ff, 0xdeff0000, 0xceffdeff, 0x0000ecff, 0x00000000, 0x00000000, 0xd3ffe2ff, 0x0000f6ff, 
    0x00000000, 0xfbff0000, 0x00000000, 0x00000000, 0x0000f1ff, 0xf1fff6ff, 0xe2ff0000, 0x0000f6ff, 0x00000000, 0x00000000, 0x00000000, 0x00000000, 0x00000000, 0x00000000, 
    0x00000000, 0x00000000, 0x00000000, 0x00000000, 0x00000000, 0x00000000, 0x00000000, 0x00000000, 0x00000000, 0x00000000, 0x00000000, 0x32000000, 0x00000000, 0x0f000000, 
    0x00000a00, 0x00000a00, 0x00000000, 0x00000000, 0x14001900, 0x0a001400, 0x14000f00, 0x00000a00, 0x00000a00, 0x14000000, 0x0a000a00, 0x00000a00, 0x00000000, 0x00000000, 
    0x00000000, 0x00000000, 0x00000000, 0x00000000, 0x00000000, 0x00000000, 0x00000000, 0x00000000, 0x00000000, 0x22000000, 0x11000000, 0x00000000, 0x00000000, 0xd6ffe7ff, 
    0x00000000, 0x00000000, 0x00000000, 0x00000000, 0x00000000, 0x00000000, 0x00000000, 0x00000000, 0x00000000, 0x00000000, 0x00000000, 0x00000000, 0x00000000, 0x00000000, 
    0x00000000, 0x00000000, 0x00000000, 0x00000000, 0x00000000, 0x00000000, 0x00000000, 0x00000000, 0x00000000, 0x00000000, 0x00000000, 0x00000000, 0x00000000, 0x00000000, 
    0x00000000, 0x00000000, 0x00000000, 0x00000000, 0x00000000, 0x00000000, 0x00000000, 0x00000000, 0x00000000, 0x00000000, 0x00000000, 0x00000000, 0x36000000, 0x00000000, 
    0x00000000, 0x00000000, 0x00000000, 0x00000000, 0x00000000, 0x00000000, 0x00000000, 0x00000000, 0x00000000, 0x00000000, 0x00000000, 0x00000000, 0x00000000, 0x00000000, 
    0x00000000, 0x00000000, 0x00000000, 0x03000200, 0xd3008700, 0xd5000000, 0x4d00ef00, 0x1c01f100, 0x01006800, 0x96008700, 0x0b000a00, 0x09000100, 0x04000300, 0x0a000500, 
    0x07000600, 0x09000800, 0x0a000a00, 0x0b000b00, 0x0d001700, 0x0f000e00, 0x11001000, 0x08001100, 0x12001100, 0x0a000a00, 0x0a000a00, 0x0a000a00, 0x0a000a00, 0x03000a00, 
    0x01000300, 0x01000100, 0x01000100, 0x02001400, 0x03001300, 0x03000300, 0x03000300, 0x03000300, 0x03000300, 0x05000b00, 0x05000500, 0x0a000500, 0x00000a00, 0x06000600, 
    0x06000600, 0x07000600, 0x06000600, 0x07000600, 0x08000700, 0x02000900, 0x00000900, 0x0a001600, 0x0a000a00, 0x0a000a00, 0x0b000b00, 0x0b000b00, 0x0b000b00, 0x0c000b00, 
    0x0b000c00, 0x0b000300, 0x0d000d00, 0x0e000d00, 0x0e000e00, 0x0e000e00, 0x00001500, 0x0f001800, 0x10000f00, 0x10001000, 0x10001000, 0x10001000, 0x10001000, 0x10001000, 
    0x11001100, 0x11001100, 0x11001100, 0x11001100, 0x12001200, 0x07001200, 0x00000600, 0x00000500, 0x00000000, 0x00000000, 0x00000000, 0x00000000, 0x05000500, 0x05000500, 
    0x09000600, 0x99000200, 0x01000100, 0x02002000, 0x34000200, 0x03000300, 0x04003500, 0x32000400, 0x07000500, 0x08003500, 0x32000800, 0x0a000900, 0x0b003500, 0x36000b00, 
    0x0f000c00, 0x10003500, 0x32001000, 0x11001100, 0x12003500, 0x32001200, 0x13001300, 0x14003500, 0x3a001400, 0x15001500, 0x16000100, 0x31001600, 0x18001700, 0x19000200, 
    0x1a001900, 0x1a001a00, 0x1b000300, 0x3b001b00, 0x24001c00, 0x25003400, 0x07002600, 0x2b002700, 0x2c003200, 0x38002c00, 0x2d002d00, 0x2e003500, 0x38002e00, 0x37002f00, 
    0x38003500, 0x32003b00, 0x3c003c00, 0x3d003700, 0x35004700, 0x48004800, 0x49003600, 0x35004d00, 0x53004f00, 0x54003500, 0x32005a00, 0x5e005d00, 0x5f003200, 0x35006200, 
    0x67006300, 0x68003a00, 0x35006800, 0x69006900, 0x6b003200, 0x01006d00, 0x77006e00, 0x78003100, 0x02007b00, 0x7f007c00, 0x80000300, 0x3b008200, 0x84008300, 0x87003500, 
    0x0e008700, 0x88008800, 0x89001f00, 0x08008b00, 0x8c008c00, 0x8d001c00, 0x08008d00, 0x8e008e00, 0x8f001f00, 0x1d008f00, 0x90009000, 0x91001e00, 0x1f009200, 0x94009300, 
    0x95001400, 0x08009500, 0x96009600, 0x97001400, 0x08009700, 0x98009800, 0x99001400, 0x15009900, 0x9a009a00, 0x9b001600, 0x17009b00, 0x9d009c00, 0x9e000b00, 0x0c009e00, 
    0x9f009f00, 0xa0001900, 0x3900a000, 0xab00a100, 0xac000e00, 0x0800b000, 0xb100b100, 0xb2002300, 0x0800c100, 0xc200c200, 0xc3002600, 0x1f00c300, 0xc400c400, 0xc5001400, 
    0x1d00cd00, 0xcf00ce00, 0xd0001e00, 0x1f00d400, 0xd500d500, 0xd6000600, 0x1400da00, 0xe100db00, 0xe2000800, 0x0900e300, 0xe500e400, 0xe6000800, 0x1f00e600, 0xe900e700, 
    0xea001400, 0x1500ee00, 0xef00ef00, 0xf0001f00, 0x2d00f000, 0xf300f100, 0xf4001600, 0x1700fe00, 0x0201ff00, 0x03010b00, 0x19000601, 0x09010701, 0x0a013900, 0x1d000b01, 
    0x0c010c01, 0x0d010800, 0x17000d01, 0x16010e01, 0x17010800, 0x17001a01, 0x1c011b01, 0x4c011c00, 0x36004c01, 0x77017501, 0x82013c00, 0x3c008201, 0x85018501, 0x89013c00, 
    0x3c008901, 0x96019601, 0xa0013c00, 0x3c00a001, 0xa801a801, 0xb2013c00, 0x3c00b301, 0xb601b501, 0xbb013c00, 0x3c00bb01, 0xcc01cc01, 0xd0013c00, 0x3c00d001, 0x78027802, 
    0x79023000, 0x28007902, 0x7a027a02, 0x7b022f00, 0x2e007b02, 0x7c027c02, 0x7d022500, 0x24007d02, 0x7e027e02, 0x7f022c00, 0x2b007f02, 0x80028002, 0x81022200, 0x27008102, 
    0x96029502, 0x97021000, 0x0f009802, 0x99029902, 0x9c021000, 0x2a009c02, 0x9f029e02, 0xa0021100, 0x1b00a002, 0xa202a202, 0xa3020d00, 0x0500a302, 0xad02ad02, 0xaf021800, 
    0x1800af02, 0xb102b102, 0xb2021800, 0x2900b202, 0xbe02ba02, 0xbf021100, 0x1000bf02, 0xc602c502, 0xc7021000, 0x0a00ca02, 0xcb02cb02, 0xcc021200, 0x1300cc02, 0xcd02cd02, 
    0xce021200, 0x1300ce02, 0xd002cf02, 0xda020a00, 0x2000da02, 0xfc02fc02, 0x1f031100, 0x11001f03, 0x28032803, 0x4e031100, 0x21004e03, 0x52035203, 0x54030400, 0x04005403, 
    0x55035503, 0x56031b00, 0x0a005703, 0x5b035b03, 0x60031b00, 0x33008503, 0x8f038703, 0x02003300, 0x04004011, 0xaa110000, 0x14008c12, 0x00006e00, 0xb0ffb0ff, 0xb0ff92ff, 
    0xd8ffe2ff, 0xfbfffcff, 0xe7fff6ff, 0x1e00f6ff, 0xf2ff1400, 0xf6fff6ff, 0xf6fff6ff, 0xe0001900, 0xbaff0f00, 0xf6ff7eff, 0xf6ff0f00, 0xd8ff0a00, 0xf6ff92ff, 0xa6fffbff, 
    0xf1ff0f00, 0x8c003c00, 0xf1ffecff, 0x00000f00, 0x00000000, 0x00000000, 0x00000000, 0x00000000, 0x00000000, 0x00000000, 0x00000000, 0x00000000, 0x00000000, 0x00000000, 
    0x00000000, 0x00000000, 0x00000000, 0x00000000, 0x00000000, 0x00000000, 0x00000000, 0x00000000, 0x00000000, 0x00000000, 0x00000000, 0x00000000, 0x00000000, 0x00000000, 
    0x00000000, 0x00000000, 0x00000000, 0x00000000, 0x00000000, 0x00000000, 0x00000000, 0x00000000, 0x00000000, 0x00000000, 0x00000000, 0x00000000, 0x00000000, 0x00000000, 
    0xf6fff6ff, 0x00000000, 0x0000f6ff, 0xecff3200, 0xecff0000, 0xf6fff6ff, 0xe7000000, 0x0a000000, 0xecff0000, 0x00000000, 0x00000000, 0xf6ff0000, 0x0000f6ff, 0x00000000, 
    0x00005000, 0x00000000, 0xf6ff0000, 0xf6fff6ff, 0xf6fff6ff, 0xecffecff, 0xf6fff6ff, 0xf6ffecff, 0xf6fff6ff, 0xe2ff3200, 0xf6fff6ff, 0x0000f6ff, 0x00000000, 0x00000000, 
    0x00000000, 0x00000000, 0x00000000, 0x00000000, 0x00000000, 0x00000000, 0x00000000, 0x00000000, 0x00000000, 0x00000000, 0x00000000, 0x00000000, 0x00000000, 0x00000000, 
    0x00000000, 0x00000000, 0x00000000, 0x00000000, 0x00000000, 0x00000000, 0x00000000, 0x00000000, 0x00000000, 0x00000000, 0x00000000, 0x00000000, 0x00000000, 0x00000000, 
    0x00000000, 0x00000000, 0x00000000, 0x00000000, 0x00000000, 0x8f000000, 0x00000000, 0x00000000, 0x00000000, 0x00000000, 0x00000000, 0x00000000, 0x00000000, 0x00000000, 
    0x00000000, 0x00000000, 0x00000000, 0x00000000, 0x00000000, 0x00000000, 0x00000000, 0x00000000, 0x00000000, 0x00000000, 0x00000000, 0x00000000, 0x00000000, 0x00000000, 
    0x00000000, 0x00000000, 0x00000000, 0x00000000, 0x00000000, 0x00000000, 0x00000000, 0x00000000, 0x00000000, 0x00000000, 0x00000000, 0x00000000, 0x00000000, 0x00000000, 
    0x00000000, 0x00000000, 0x00000000, 0x00000000, 0x00000000, 0x00000000, 0x00000000, 0x00000000, 0x00000000, 0x00000000, 0x00000000, 0x00000000, 0x00000000, 0x00000000, 
    0x00000000, 0x00000a00, 0x00000000, 0x00000000, 0x8f003200, 0x00000000, 0x00000000, 0x00000000, 0x00000000, 0x00000000, 0x00000000, 0x00000000, 0x00000000, 0x00000000, 
    0x00000000, 0x00000000, 0x0f001100, 0x00000000, 0x00000a00, 0x00000000, 0x00000000, 0x00002200, 0x00000000, 0xecff0000, 0x00003200, 0x00000000, 0x00000000, 0x00000000, 
    0x00000000, 0x00000000, 0x00000000, 0x00000000, 0x00000000, 0x00000000, 0x00000000, 0x00000000, 0x00000000, 0x00000000, 0x00000000, 0x00000000, 0x00000000, 0x00000000, 
    0x00000000, 0x00000000, 0x00000000, 0x00000000, 0x00000000, 0x00000000, 0x00000000, 0x00000000, 0x00000000, 0x00000000, 0x00001e00, 0x0000e1ff, 0x0a000000, 0x00000000, 
    0xf6ff3c00, 0xf6fff6ff, 0x00000000, 0x0000c9ff, 0x1e000000, 0x00001e00, 0x0000baff, 0x0a000000, 0xf6ff1e00, 0x00000000, 0x00000000, 0x00000000, 0x00000000, 0x00000000, 
    0x0000e1ff, 0xecff1100, 0xbaffbaff, 0x0000ecff, 0xf6ffbaff, 0xf6ff0000, 0xc1ff5000, 0xf1fff6ff, 0xafff0000, 0xcbff0000, 0xe1ff1400, 0xa5ffbaff, 0xa5ff9bff, 0xceffafff, 
    0xf6ffceff, 0xf6ffbaff, 0xa5ffbaff, 0xa6ffc1ff, 0xe8ffafff, 0x08001e00, 0xfbfff6ff, 0x00000000, 0x00000000, 0x00000000, 0x00000000, 0x00000000, 0x00000000, 0x00000000, 
    0x00000000, 0x00000000, 0x00000000, 0x00000000, 0x00000000, 0x00000000, 0x00000000, 0xd8ffd8ff, 0xd8ffceff, 0xe2ffecff, 0x00000000, 0xe7ff0000, 0x00000000, 0x00000000, 
    0x00000000, 0x00000000, 0x00000000, 0xecff0000, 0x0000d8ff, 0x00000000, 0xddff0000, 0x0000c4ff, 0xd8ff0000, 0x00000000, 0x00000000, 0x0000e7ff, 0x00000000, 0x00000000, 
    0x00000000, 0xf6ffecff, 0x00000000, 0x0000f6ff, 0x00000000, 0x00000000, 0x00000000, 0xcefff1ff, 0x00000f00, 0x00000000, 0xd8ff0000, 0xd8ffd8ff, 0x0000ceff, 0x00000000, 
    0x00000000, 0xd8ff0000, 0xd8ff0000, 0x00000000, 0x19000f00, 0x00000000, 0x0a00e2ff, 0xfaffd8ff, 0xcefff6ff, 0xf6ffecff, 0xf6ffecff, 0xd8fffbff, 0xfbfff6ff, 0x00000000, 
    0x00000000, 0x00000000, 0x00000000, 0x00000000, 0x00000000, 0x00000000, 0xfaffd8ff, 0x00000000, 0x0000f6ff, 0x00000000, 0x00000000, 0x00000000, 0x00000000, 0x00000000, 
    0x00000000, 0x00000000, 0xebff0000, 0x0000d8ff, 0x00000000, 0x00000000, 0x00000000, 0x00000000, 0x00000000, 0x00000000, 0x00000000, 0x00000000, 0x00000000, 0x00000000, 
    0x00000000, 0x00000000, 0x00000000, 0x00000000, 0x00000000, 0x00000000, 0x00000000, 0x00000000, 0x00000000, 0xe2ff0000, 0x0000d8ff, 0x00000000, 0x00000000, 0x00000000, 
    0x00000000, 0x00000000, 0x00000000, 0x00000000, 0x00000000, 0x00000000, 0xd8ffd8ff, 0xd8ff0000, 0x00000000, 0x00000000, 0xd8ff0000, 0x00000000, 0x00000000, 0x00000000, 
    0x00000000, 0x00000000, 0x00000000, 0x00000000, 0x00000000, 0x00000000, 0x00000000, 0x00000000, 0x00000000, 0x00000000, 0x00000000, 0x00000a00, 0x00000000, 0x00000000, 
    0x82000a00, 0x00000000, 0x00000000, 0x00000000, 0x00000000, 0x00000000, 0x00000000, 0x00000000, 0x00000000, 0x00000000, 0x00001400, 0x00000000, 0x0a000a00, 0x00000000, 
    0x00000a00, 0x00000000, 0x00000000, 0x0a000000, 0x00000000, 0xe2ff0000, 0x00002d00, 0x00000000, 0xf6ff0000, 0xecfff6ff, 0x0000e2ff, 0x00000a00, 0x00000000, 0xecff0000, 
    0xf6ff0000, 0x0000e2ff, 0x14001e00, 0x00000000, 0x1400f6ff, 0x00000000, 0xfbff0000, 0x00000000, 0x00000000, 0x00000000, 0x00000000, 0x00001400, 0x00000000, 0x00000000, 
    0x00000000, 0x00000000, 0x00000000, 0x00000000, 0xfbfffbff, 0xfbff0000, 0x00000000, 0x00000000, 0x00000000, 0x00000000, 0x00000000, 0x00000000, 0x00000000, 0xce002200, 
    0x00000000, 0x00000000, 0x00000000, 0x00000000, 0x00000000, 0x00000000, 0x00000000, 0x00000000, 0x00000000, 0x00000000, 0x00000000, 0x00000000, 0x00000000, 0x00000000, 
    0x00000000, 0x00000000, 0x00000000, 0x00000000, 0xe2ff0000, 0x00002500, 0x00000000, 0x00000000, 0xecfff6ff, 0x0000e2ff, 0x00000000, 0x00000000, 0xf1ff0000, 0xf6ff0000, 
    0x0000e2ff, 0x00000000, 0x00000000, 0x1400f1ff, 0x00000000, 0xf6ff0000, 0x00000000, 0x00000000, 0xfbff0000, 0x00000000, 0x00001400, 0x00000000, 0x00000000, 0x00000000, 
    0x00000000, 0x00000000, 0x00000000, 0xe7ffe7ff, 0xe7ffecff, 0xf1fff6ff, 0x00000000, 0xf6ff0000, 0x00000000, 0x00000000, 0x00000000, 0x00000000, 0x28002200, 0xf1ff0000, 
    0x0000f6ff, 0x00000000, 0xf1ff0000, 0x0000f1ff, 0xf1ff0000, 0x00000000, 0x00000000, 0x0000f1ff, 0x00000000, 0x00000000, 0x00000000, 0xf6fff6ff, 0x00000000, 0x0000f6ff, 
    0x00000000, 0x00000000, 0x00000000, 0xcefffbff, 0x00002800, 0x00000000, 0xceff0000, 0xd8ffceff, 0x0000ceff, 0x00000000, 0x00000000, 0xddff0000, 0xceff0000, 0x0000ceff, 
    0x1e003200, 0x00000000, 0x3200d8ff, 0xecffe2ff, 0xd8fffbff, 0xf6ffecff, 0x0000ecff, 0xe2fffbff, 0xf6fff6ff, 0xfbff2800, 0x00000000, 0x00000000, 0x00000000, 0x00000000, 
    0x00000000, 0x00000000, 0xe2ffe2ff, 0xe2ffe7ff, 0xf1fff6ff, 0x00000000, 0x00000000, 0x00000000, 0x00000000, 0x00000000, 0x00000000, 0x95001900, 0xf1ff0000, 0x0000f1ff, 
    0x00000000, 0x00000000, 0x00000000, 0x00000000, 0x00000000, 0x00000000, 0x00000000, 0x00000000, 0x00000000, 0x00000000, 0x00000000, 0x00000000, 0x00000000, 0x00000000, 
    0x00000000, 0x00000000, 0xceff0000, 0x00002d00, 0x00000000, 0xceff0000, 0xd8ffceff, 0x0000ceff, 0x00000000, 0x00000000, 0xddff0000, 0xceff0000, 0x0000ceff, 0x00000000, 
    0x00000000, 0x1400d3ff, 0xecffddff, 0xd3fff6ff, 0x00000000, 0x00000000, 0xddff0000, 0x0000f1ff, 0xf6ff0000, 0x0000fbff, 0x00000000, 0x00000000, 0x00000000, 0x00000000, 
    0x00000000, 0x00000000, 0x00000000, 0x00000000, 0x00000000, 0x00000000, 0x00000000, 0x00000000, 0x00000000, 0x00000000, 0x00002200, 0x00000000, 0x00000000, 0x00000000, 
    0x00000000, 0x00000000, 0x00000000, 0x00000000, 0x00000000, 0x00000000, 0x00000000, 0x00000000, 0x00000000, 0x00000000, 0x00000000, 0x00000000, 0x00000000, 0x00000000, 
    0x00000000, 0x00000000, 0x00004300, 0x00000000, 0x00000000, 0x00000000, 0x00000000, 0x00000000, 0x00000000, 0x00000000, 0x00000000, 0x00000000, 0x00000000, 0x00000000, 
    0x00000000, 0x00000000, 0x00000000, 0x00000000, 0x00000000, 0x00000000, 0x00000000, 0x00000000, 0x00000000, 0x00000000, 0x00000000, 0x00000000, 0x00000000, 0x00000000, 
    0x92ff7eff, 0x7eff74ff, 0xd8ffe7ff, 0xf6ffecff, 0xd8fff6ff, 0x1e00f6ff, 0xeeff1e00, 0xf6fff6ff, 0xecfff6ff, 0xa9000000, 0xbaff1400, 0xecff74ff, 0xecff1e00, 0xd8ff1400, 
    0xf6ff92ff, 0xb0fff6ff, 0xf1ff1400, 0x9b006400, 0xf1ff0000, 0xf6ff0000, 0xf6ffe2ff, 0x00000000, 0x00000000, 0x00000a00, 0x00000000, 0x00000000, 0x00000000, 0x00000000, 
    0x00000000, 0x00000000, 0x00000000, 0x00000000, 0x00000000, 0x00000000, 0x00000000, 0x00000000, 0x00000000, 0x00000000, 0x00000000, 0x00000000, 0x00000000, 0x00000000, 
    0x00000000, 0x00000000, 0x00000000, 0x00000000, 0x00000000, 0x00000000, 0x00000000, 0x32000000, 0x1400f6ff, 0xfbfffbff, 0x00000000, 0x00000000, 0x00000000, 0x00000000, 
    0x00000000, 0x00000000, 0xf6ffc4ff, 0x0000f6ff, 0x0000e2ff, 0xd7ff2800, 0xceffd7ff, 0x0000f8ff, 0xedffbaff, 0x00000000, 0x00000000, 0x00000000, 0x00000000, 0x00000000, 
    0x00000000, 0x00000000, 0x00000000, 0x00000000, 0x00000000, 0x0000c4ff, 0xecff0000, 0x92ff9cff, 0xceffceff, 0x00009cff, 0x00000000, 0x00000000, 0x00000000, 0x8eff0000, 
    0x9cff0000, 0xc4ff0000, 0x9cff0000, 0x7bff9cff, 0xb0ff74ff, 0xefffebff, 0xd6ff0000, 0x00000000, 0x00000000, 0x00000000, 0x00000000, 0x00000000, 0x00000000, 0xf8ff0000, 
    0x00000000, 0xf5ff0000, 0xf5ff0000, 0x0000e2ff, 0x00000000, 0xceff0000, 0x0000e2ff, 0x00000000, 0x00000000, 0x0000ceff, 0x00000000, 0x00000000, 0x00000000, 0x00000000, 
    0x00000000, 0x00000000, 0x00000000, 0x00000000, 0x00000000, 0x00000000, 0x00000000, 0x0000d6ff, 0x00000000, 0x00000000, 0x00000000, 0x00000000, 0x00000000, 0x00000000, 
    0x00000000, 0x00000000, 0x00000000, 0x00000000, 0x00000000, 0x00000000, 0x00000000, 0x00000000, 0x00000000, 0x00000000, 0x00000000, 0x00000000, 0x00000000, 0x9bff0000, 
    0x00000000, 0x00000000, 0x0000bdff, 0x00000000, 0x0000efff, 0x00000000, 0x00000000, 0x00000000, 0x00000000, 0x00000000, 0x00000000, 0x00000000, 0x00000000, 0x00000000, 
    0x00000000, 0x00000000, 0x00000000, 0x00000000, 0x00000000, 0x00000000, 0x00000000, 0x00000000, 0x00000000, 0x00000000, 0x00000000, 0x00000000, 0x00000000, 0x00000000, 
    0x00000000, 0x00000000, 0x00000000, 0x00000000, 0x00000000, 0x00000000, 0x00002a00, 0x00000000, 0x00000000, 0x00000000, 0x00000000, 0x00000000, 0x00000000, 0x00000000, 
    0x00000000, 0x00000000, 0x00000000, 0x00000000, 0x00000000, 0x00000000, 0x00000000, 0x00000000, 0x00000000, 0x00000000, 0x00000000, 0x00000000, 0x00000000, 0x00000000, 
    0x00000000, 0x00000000, 0x00000000, 0x00000000, 0x00000000, 0x00000000, 0x00000000, 0x00000000, 0x00000000, 0x00000000, 0x00000000, 0x00000000, 0x00000000, 0x00000000, 
    0x00000000, 0x00000000, 0x00000000, 0x00000000, 0x00000000, 0x00000000, 0x00000000, 0x00000000, 0x00000000, 0x00000000, 0x00000000, 0x00000000, 0x00000000, 0x00000000, 
    0x00000000, 0x00000000, 0x00003c00, 0x00000000, 0x00000000, 0x00000000, 0x00000000, 0x00000000, 0x00000000, 0x00000000, 0x00000000, 0x00000000, 0x00000000, 0x00000000, 
    0x00000000, 0x00000000, 0x00000000, 0xecff0000, 0x00000000, 0x00000000, 0x00000000, 0x00000000, 0x00000000, 0x00000000, 0x00000000, 0x00000000, 0x00000000, 0xc4ff0000, 
    0xc4ff0000, 0x0000baff, 0x00000000, 0x00000000, 0x00000000, 0x00000000, 0x00000000, 0x00000000, 0x00000000, 0x00000000, 0x00000000, 0x00000000, 0x00000000, 0x00000000, 
    0x00000000, 0x00000000, 0x00000000, 0x00000000, 0x00000000, 0x00000000, 0x00000000, 0x00000000, 0x00000000, 0x00000000, 0x00000000, 0x14000000, 0x0000f6ff, 0x00000000, 
    0x00000000, 0x00000000, 0x00000000, 0x00000000, 0x00000000, 0x00000000, 0x00000000, 0x00000000, 0x00000000, 0x00000000, 0x00000000, 0x00000000, 0x00000000, 0x00000000, 
    0x00000000, 0x00000000, 0x00000000, 0x00000000, 0x00000000, 0x00000000, 0x00000000, 0x00000000, 0x00000000, 0x00000000, 0x00000000, 0x00000000, 0xe2ff0000, 0xceff0000, 
    0x0000d8ff, 0x00000000, 0x00000000, 0x00000000, 0x00000000, 0x00000000, 0x00000000, 0x00000000, 0x00000000, 0x00000000, 0x00000000, 0x00000000, 0x00000000, 0x00000000, 
    0x00000000, 0x00000000, 0x00000000, 0x00000000, 0x00000000, 0x00000000, 0x00000000, 0x00000000, 0x74ff74ff, 0x6cff4cff, 0x9cffc3ff, 0x97ffb3ff, 0xb0ff92ff, 0x00009cff, 
    0x94ff0000, 0x92ff92ff, 0x9cff92ff, 0xba00c4ff, 0x00000000, 0x00000000, 0x00000000, 0x00000000, 0x00000000, 0x00000000, 0x00000000, 0x00000000, 0x00000000, 0xc4ff0000, 
    0xc4ffc4ff, 0xceffbaff, 0xceffe2ff, 0xdcffe2ff, 0x0000baff, 0x00000000, 0x00000000, 0x00000000, 0x00000000, 0x00000000, 0xb0ff5400, 0x00000000, 0x00000000, 0xbaff0000, 
    0xbaffceff, 0xbaff0000, 0x00000000, 0x00000000, 0x00000000, 0x00000000, 0x00000000, 0x00000000, 0xfcff0000, 0x0000f6ff, 0xe2ffbaff, 0xc4ffbaff, 0x0000c4ff, 0x00000000, 
    0xc4ff0000, 0x6500e2ff, 0x0000baff, 0x00000000, 0xe5ff0000, 0xbaffbaff, 0x0000baff, 0x00000000, 0x00000000, 0x0000e7ff, 0x00000000, 0xacff0000, 0x00000000, 0x00000000, 
    0x00000000, 0x00000000, 0x65000000, 0x00000000, 0x00000000, 0x00000000, 0x00000000, 0x00000000, 0x00000000, 0x00000000, 0x00000000, 0x00000000, 0x00000000, 0x00000000, 
    0x00000000, 0x00000000, 0x00000000, 0x00000000, 0x00000000, 0x00000000, 0x00000000, 0x00000000, 0x00000000, 0x00000000, 0x00000000, 0x00000000, 0x00000000, 0x00000000, 
    0x00000000, 0x00000000, 0x00000000, 0x00000000, 0x00000000, 0x00000000, 0x00000000, 0x00000000, 0x00000000, 0x00000000, 0x00000000, 0x00000000, 0x00000000, 0x00000000, 
    0x00000000, 0x00000000, 0x00000000, 0x00000000, 0xdeff0000, 0x02000000, 0x95021100, 0x00009902, 0xa0029c02, 0xa2020500, 0x0a00a302, 0xa902a502, 0xac020c00, 0x1100ac02, 
    0xae02ae02, 0xb0021200, 0x1300b002, 0xb402b402, 0xb6021400, 0x1500b602, 0xb802b802, 0xba021600, 0x1700d402, 0xd902d902, 0xfc023200, 0x3300fc02, 0x23032303, 0x27033400, 
    0x35002703, 0x57035503, 0x5b033600, 0x39005b03, 0x25000200, 0x96029502, 0x97020400, 0x03009802, 0x99029902, 0x9c020400, 0x0f009c02, 0x9d029d02, 0x9e021000, 0x05009f02, 
    0xa202a202, 0xa3021200, 0x0d00a302, 0xa502a502, 0xa6021100, 0x0600a702, 0xa802a802, 0xa9021300, 0x0e00a902, 0xac02ac02, 0xae020100, 0x0100ae02, 0xb002b002, 0xb4020100, 
    0x0200b402, 0xb602b602, 0xb8020200, 0x0200b802, 0xbe02ba02, 0xbf020500, 0x0400bf02, 0xc402c002, 0xc5020600, 0x0400c602, 0xca02c702, 0xcb020c00, 0x0700cb02, 0xcc02cc02, 
    0xcd020900, 0x0700cd02, 0xce02ce02, 0xcf020900, 0x0c00d002, 0xd102d102, 0xd2020800, 0x0a00d202, 0xd302d302, 0xd4020800, 0x0a00d402, 0xd902d902, 0xfc020b00, 0x0500fc02, 
    0x23032303, 0x27030500, 0x05002703, 0x57035603, 0x01000c00, 0x18020200, 0x00000100, 0x00000700, 0x00000000, 0x00000700, 0x06000000, 0x00000000, 0x00000000, 0x00000700, 
    0x00000700, 0x40006300, 0x42006900, 0x5e004200, 0x57004300, 0x01000100, 0x01000100, 0x01000100, 0x01000100, 0x03000100, 0x07000300, 0x07000700, 0x07000700, 0x00005400, 
    0x00005400, 0x00000000, 0x00000000, 0x00000000, 0x00000000, 0x07000700, 0x07000700, 0x00006600, 0x00000000, 0x00000000, 0x00000000, 0x00000000, 0x00000000, 0x00000600, 
    0x00000000, 0x00000000, 0x00006100, 0x00000000, 0x00000000, 0x07000700, 0x07000700, 0x07000700, 0x2a000700, 0x07002a00, 0x00000700, 0x00000000, 0x63000000, 0x63006300, 
    0x63006300, 0x07000000, 0x40000000, 0x40004000, 0x69006900, 0x69006900, 0x69006900, 0x69006900, 0x69006900, 0x42004200, 0x42004200, 0x43004300, 0x43004300, 0x57005700, 
    0x00005700, 0x49000000, 0x08003f00, 0x0e000000, 0x0e000e00, 0x0e002c00, 0x0c000000, 0x00000d00, 0x6b000000, 0x0e006b00, 0x0e006b00, 0x12006b00, 0x48002f00, 0x31003100, 
    0x5c005b00, 0x08006d00, 0x08000800, 0x08000800, 0x08000800, 0x08000800, 0x08000800, 0x0e000e00, 0x0e000e00, 0x34000e00, 0x0e000e00, 0x0e000e00, 0x0e000e00, 0x0e000e00, 
    0x0e000e00, 0x0e000e00, 0x0e000e00, 0x0e000e00, 0x00002100, 0x0c006b00, 0x0c000c00, 0x0c000c00, 0x0c000c00, 0x0c000c00, 0x0d000d00, 0x00000000, 0x00000000, 0x50000000, 
    0x6b006b00, 0x6b006b00, 0x0e006b00, 0x0e000e00, 0x0e000e00, 0x0e000e00, 0x11001100, 0x0e000e00, 0x6b000000, 0x6b006b00, 0x12001200, 0x12001200, 0x00001200, 0x2f003700, 
    0x2f002f00, 0x48004800, 0x48004800, 0x48004800, 0x48004800, 0x48004800, 0x31004800, 0x31003100, 0x5c003100, 0x5c005c00, 0x6d005c00, 0x6d006d00, 0x0c000c00, 0x48000e00, 
    0x0e000e00, 0x0e000e00, 0x0e000e00, 0x0e000e00, 0x48000e00, 0x48004800, 0x2c004800, 0x00002c00, 0x47004700, 0x3d000200, 0x3d003d00, 0x3d003d00, 0x3d001600, 0x3d003d00, 
    0x62005800, 0x3d003d00, 0x3d003d00, 0x05003d00, 0x3d003d00, 0x3d003e00, 0x3e003d00, 0x56004100, 0x18005600, 0x3c005500, 0x3d003d00, 0x3d003d00, 0x19003d00, 0x05003d00, 
    0x00003d00, 0x62003e00, 0x3d003d00, 0x41000600, 0x1a003d00, 0x1b004100, 0x4a003e00, 0x58003b00, 0x3d006200, 0x3d004100, 0x4d003e00, 0x55004e00, 0x3d003c00, 0x58003d00, 
    0x02000200, 0x3e003d00, 0x3e003d00, 0x56003e00, 0x17005600, 0x3e000200, 0x32000900, 0x6c006c00, 0x6c006c00, 0x0f001c00, 0x0f000f00, 0x5d005900, 0x6c006c00, 0x6c006c00, 
    0x0a006c00, 0x6c006c00, 0x6c000f00, 0x0f006c00, 0x5a001300, 0x0f005a00, 0x44005900, 0x6c006c00, 0x6c006c00, 0x45006c00, 0x0a006c00, 0x1f006c00, 0x5d000f00, 0x00000000, 
    0x15003500, 0x22006c00, 0x27001500, 0x2d000f00, 0x59004f00, 0x6c005d00, 0x6c001300, 0x2d000f00, 0x59003900, 0x00004400, 0x59000000, 0x09000900, 0x0f000f00, 0x0f006c00, 
    0x5a000f00, 0x51005a00, 0x0f006500, 0x60005900, 0x46004600, 0x00004600, 0x6c002000, 0x46006c00, 0x46004600, 0x45004600, 0x33000000, 0x1d000f00, 0x46004600, 0x46000f00, 
    0x04004600, 0x64006400, 0x64000400, 0x64005f00, 0x64002900, 0x04006400, 0x64006400, 0x29000000, 0x64006400, 0x4c005300, 0x29003a00, 0x4b005300, 0x14002800, 0x14001400, 
    0x14001400, 0x14001400, 0x3a006400, 0x10000000, 0x2e000000, 0x0b001e00, 0x2b005200, 0x6a003800, 0x25006a00, 0x2e006a00, 0x10006700, 0x26002b00, 0x10001000, 0x30003600, 
    0x00001000, 0x10003000, 0x23000000, 0x30002400, 0x30003000, 0x10001000, 0x0b001000, 0x68002b00, 0x20000200, 0x00000400, 0x2c002800, 0x08000100, 0xceff0000, 0xe2ffceff, 
    0xceffceff, 0xe2ffd8ff, 0x02000100, 0xda020100, 0x00000200, 0x0e000200, 0x02000200, 0x0b000100, 0x03000b00, 0x15001500, 0x17000400, 0x05001800, 0x1a001a00, 0x1c000600, 
    0x01002400, 0x26002500, 0x48000200, 0x03004800, 0x6d006b00, 0x78000400, 0x05007b00, 0x7f007c00, 0x9c000600, 0x07009d00, 0x0201ff00, 0x4c010700, 0x03004c01, 0x52000200, 
    0x00000400, 0x6c005c00, 0x0b000300, 0xecff0000, 0xfbfff1ff, 0xb0ffb0ff, 0xe2ffa6ff, 0x00000000, 0x00000000, 0xecffecff, 0x00000000, 0xceffd8ff, 0x0a000000, 0x0000f6ff, 
    0x00000000, 0x00000000, 0x00000000, 0x00000000, 0x00000000, 0x01002800, 0xe1020300, 0x4e034d03, 0x02000200, 0xe102e102, 0x4d030200, 0x01004d03, 0x14000200, 0x02000200, 
    0x14000100, 0x03001400, 0x15001500, 0x17000400, 0x05001800, 0x1a001a00, 0x1b000600, 0x09001b00, 0x24001c00, 0x25000100, 0x02002600, 0x2c002c00, 0x2e000800, 0x08002e00, 
    0x67006300, 0x6b000300, 0x04006d00, 0x7b007800, 0x7c000500, 0x06007f00, 0x82008000, 0x9c000900, 0x07009d00, 0x0201ff00, 0xad020700, 0x0a00ad02, 0xaf02af02, 0xb1020a00, 
    0x0a00b102, 0xfc0d0200, 0x00000400, 0xa60e060e, 0x42001b00, 0xc3ff0000, 0xf1fff6ff, 0xb0ffb5ff, 0xd8ffc9ff, 0xe7fffaff, 0xfbffe2ff, 0xf1ffeaff, 0xeeffc4ff, 0xceff92ff, 
    0xd8ffdfff, 0xecfffbff, 0xa6ffd8ff, 0xecffabff, 0x74fff1ff, 0xf6fff1ff, 0xf6ffeeff, 0xe7ffefff, 0x00000000, 0x00000000, 0x00000000, 0x00000000, 0x00000000, 0x00000000, 
    0x00000000, 0x00000000, 0x00000000, 0x00000000, 0x00000000, 0x00000000, 0x00000000, 0x00000000, 0x00000000, 0x00000000, 0x00000000, 0x00000000, 0x00000000, 0x0000fbff, 
    0x00000000, 0x00000000, 0xfbff0000, 0xfbfffbff, 0x00000000, 0xfbfffbff, 0x00000000, 0x00000000, 0x00000000, 0x00000000, 0xfbfffbff, 0xfbfffbff, 0xfbff0000, 0xfbfffbff, 
    0xfbfffbff, 0xf8fffbff, 0xfbfffbff, 0xfbfffbff, 0x00000000, 0x00000000, 0x00000000, 0x00000000, 0x00000000, 0x00000000, 0x00000000, 0x00000000, 0x00000000, 0x00000000, 
    0x00000000, 0x00000000, 0xfbff0000, 0x00000000, 0x0000f1ff, 0xfbff0000, 0x0000f6ff, 0x00000000, 0xf6fff6ff, 0x00000000, 0x0000fbff, 0xfbff0000, 0xf6ff0000, 0xf6ffecff, 
    0xcdff0000, 0xfbff0000, 0x0000fbff, 0xe7ff0000, 0x00000000, 0x0000f6ff, 0x0000f6ff, 0xfbff0000, 0xf6ffecff, 0xf6ffecff, 0xf1ffecff, 0x0000c7ff, 0x00000000, 0x00000000, 
    0x00000000, 0x00000000, 0x00000000, 0x00000000, 0x00000000, 0x00000000, 0x00000000, 0xefff0000, 0x00000000, 0xd5ff92ff, 0xc4ffd5ff, 0xe2ffc4ff, 0xb8ffc2ff, 0x90ffa4ff, 
    0xc4ff0000, 0xaeffe5ff, 0xe1fffbff, 0x00000000, 0x00000000, 0x0000ceff, 0xe7fff4ff, 0x0000aeff, 0xb7ff0000, 0xb6ffadff, 0xbfffaeff, 0x0000b8ff, 0xacff72ff, 0x93ff7cff, 
    0x00000000, 0xe2ff0000, 0x9cffaaff, 0xb9ffceff, 0xabff74ff, 0xa6ffe2ff, 0x68ff7eff, 0x0000bfff, 0x00000000, 0x00000000, 0x00000000, 0x00000000, 0xecff0000, 0x00000000, 
    0x0000ecff, 0xfbff0000, 0x0000f6ff, 0x0000fbff, 0xf6ffe2ff, 0x00000000, 0xfbff0900, 0xe7ff0000, 0x00000000, 0x00000000, 0x00000000, 0xfbfff6ff, 0x0000f6ff, 0xf6ff0000, 
    0x00000000, 0x00000000, 0x00000000, 0x00000000, 0xf6ff0000, 0x00000000, 0x00000000, 0x00000000, 0x00000000, 0x00000000, 0x00000000, 0x00000000, 0x00000000, 0x00000000, 
    0x00000000, 0x00000000, 0xf6ff0000, 0xf1ff0000, 0x0000fbff, 0x0000ceff, 0xf6ff0000, 0x0000f1ff, 0x00000000, 0xfbffc4ff, 0x00000000, 0x0000ecff, 0xecff0000, 0x00000000, 
    0xf6fff6ff, 0x00000000, 0xfbff0000, 0x0000f6ff, 0x00000000, 0x00000000, 0x00000000, 0x00000000, 0x00000a00, 0x00000000, 0x00000000, 0x00000000, 0x00000000, 0x00000000, 
    0x00000000, 0x00000000, 0x0a000a00, 0x00000000, 0x00000000, 0x00000000, 0x00000000, 0xf6ff0000, 0x0000eeff, 0x0000f3ff, 0x00000000, 0x00000000, 0x00000000, 0x00000000, 
    0x00000000, 0x00000000, 0x00000000, 0x00000000, 0xecff0000, 0xf6ffe2ff, 0xb0ff0000, 0x00000000, 0x00000000, 0xe7ff0000, 0x00000000, 0x0000f6ff, 0x0000fbff, 0x0000ecff, 
    0xf6ffddff, 0xecffe7ff, 0xf6ffd8ff, 0xf1ffc4ff, 0xf3ff0000, 0xf1ffe1ff, 0xefff0000, 0xf1fff1ff, 0x0a000a00, 0x00000000, 0x00000000, 0x00000000, 0xd8ff0000, 0x00000000, 
    0xb5ffb9ff, 0x0000e2ff, 0x00000000, 0x00000000, 0x00000000, 0xfbffcbff, 0xecffbaff, 0xecfff1ff, 0x00000000, 0x9cffccff, 0xe7ffa6ff, 0x71ff0000, 0x0000f6ff, 0x0000e2ff, 
    0xe2ff0000, 0x0000f6ff, 0xfbfffbff, 0x0000fbff, 0x0000fbff, 0xfbff0000, 0xd8ff0000, 0x00000000, 0x00000000, 0x00000000, 0xfbff0000, 0x00000000, 0x00000000, 0x00000000, 
    0x0000e2ff, 0x00000000, 0x00000000, 0xf1ff0000, 0x00000000, 0xd3ffb9ff, 0x0000fbff, 0x00000000, 0x00000000, 0x00000000, 0x0000dfff, 0xe2ffefff, 0xf1fffbff, 0x00000000, 
    0xb5ffeeff, 0xf6ffa3ff, 0x8bff0000, 0x00000000, 0x0000f6ff, 0xf6ff0000, 0x00000000, 0x0000f1ff, 0xa4fff6ff, 0x0000f6ff, 0xfbffecff, 0xe2ffe7ff, 0xf1ffe4ff, 0xf6ffdeff, 
    0x00000000, 0x00000000, 0x00000000, 0xfbfff6ff, 0x0f000f00, 0xdeff0000, 0x0000efff, 0x00000000, 0xf1ff0000, 0xf1ff0000, 0xecffddff, 0x0000e2ff, 0xf6ff0000, 0x0000f6ff, 
    0xfbff0000, 0xf6ffd8ff, 0x0000deff, 0x0000ecff, 0xecff0000, 0xddfff6ff, 0xecffddff, 0xbdff0000, 0xfbfff6ff, 0xfbfff6ff, 0x00000000, 0x00000000, 0x00000000, 0xbdff0000, 
    0x00000a00, 0x00000000, 0xf1ff0000, 0x00000000, 0x00000000, 0x00000000, 0x00001100, 0x0a000000, 0x0a000000, 0x00000a00, 0x00000000, 0x2a001100, 0x00001100, 0x00000000, 
    0xecfff6ff, 0x00000000, 0xd8ffe2ff, 0xd8ffd8ff, 0xf1ffddff, 0xe2ffeeff, 0xc4fff6ff, 0xceff0000, 0xedfffeff, 0xe7ffecff, 0x00000a00, 0x00000000, 0x0000b0ff, 0xecffe7ff, 
    0xfbfff6ff, 0xd3ff0000, 0xd1ffc4ff, 0xe2ffe2ff, 0x0000ceff, 0xceffa1ff, 0xb0ff7eff, 0x00000000, 0xd3ff0000, 0x9cffb0ff, 0xd0ffdaff, 0xc3ffa5ff, 0xbaffecff, 0x74ff92ff, 
    0x0000e2ff, 0x00000000, 0x00000000, 0x00000000, 0xf1ff0000, 0x00000000, 0xf6ffe7ff, 0x0000f6ff, 0x00000000, 0x00000000, 0x00000000, 0x0000e7ff, 0x00000000, 0xf6fff6ff, 
    0x00000000, 0xdfffefff, 0xf6ffc6ff, 0xb4ff0000, 0x0000fbff, 0x0000f6ff, 0xecff0000, 0x00000000, 0x0000f1ff, 0x0000fbff, 0x0000fbff, 0xfbffecff, 0xf1ffecff, 0xf6ffe7ff, 
    0xf6ff0000, 0x00000000, 0xfbff0000, 0x00000000, 0x0000fbff, 0x14000a00, 0x00000000, 0x00000000, 0x00000000, 0xfbff0000, 0x00000000, 0xf6fff1ff, 0x0000fbff, 0x00000000, 
    0x00000000, 0x00000000, 0x0000f1ff, 0x0000f6ff, 0xfbff0000, 0x00000000, 0xddff0000, 0xf1ffd8ff, 0xc3ff0000, 0x00000000, 0x0000f6ff, 0xecff0000, 0x00000000, 0x0000f6ff, 
    0x0000fbff, 0x00000000, 0xf1fff1ff, 0xf6fff1ff, 0xf6ffe7ff, 0xf6ffd8ff, 0x00000000, 0x00000000, 0x00000000, 0x00000000, 0x19000f00, 0x00000000, 0x00000000, 0xf6ff0000, 
    0xf1ff0000, 0xceffddff, 0x00000000, 0xceffe7ff, 0xd8ffd8ff, 0xf6ffd3ff, 0xe2ffe7ff, 0xddffc4ff, 0x00000000, 0xd8ffe2ff, 0xc4fff6ff, 0x00000000, 0x00000000, 0x0000ecff, 
    0xddffe2ff, 0xf1fff6ff, 0xe2fff8ff, 0xfbfff1ff, 0x00000000, 0x0000fbff, 0xf6ff0000, 0x00000000, 0x00000000, 0x00000000, 0x00000000, 0x00000000, 0x00000000, 0x0000fbff, 
    0x00000000, 0x00000000, 0x00000000, 0x00000000, 0x00000000, 0xbcff0000, 0xf1fff6ff, 0x7effb0ff, 0xd8ffbaff, 0xf6ffd8ff, 0x0000f1ff, 0xfbfffbff, 0xf6ffabff, 0xecff74ff, 
    0x0000e7ff, 0x00000000, 0x00000000, 0x00000000, 0x00000000, 0x00000000, 0x00000000, 0x00000000, 0x00000000, 0x00000000, 0x00000000, 0x00000000, 0x00000000, 0xecff0000, 
    0x00000000, 0x00000000, 0x00000000, 0x00001e00, 0x00000000, 0x00000000, 0x00000000, 0x0000b0ff, 0x00000000, 0x00000000, 0xfbff0000, 0x00000000, 0x00000000, 0x0000f6ff, 
    0x00000000, 0x00000000, 0x00000000, 0x0000ecff, 0x00000000, 0x0000f6ff, 0x00000000, 0x00000000, 0x00000000, 0x00000000, 0x00000000, 0x00000000, 0x00000000, 0x00000000, 
    0x0000f6ff, 0x0000fbff, 0x00000000, 0x00000000, 0x0000fbff, 0x0000f6ff, 0xfbff0000, 0x00000000, 0x00000000, 0x00000000, 0x00000000, 0x00000000, 0x00000000, 0x00000000, 
    0x00000000, 0x00000000, 0x0000f6ff, 0xf6fff0ff, 0x00000000, 0x00000000, 0x00000000, 0x00000000, 0x00000000, 0x0000f6ff, 0x00000000, 0x00000000, 0x00000000, 0x00000000, 
    0x00000000, 0x00000000, 0x00000000, 0x00000000, 0x00000000, 0x0000f6ff, 0x0000fbff, 0x00000000, 0x00000000, 0xecffddff, 0x0000c4ff, 0xecff0000, 0xeeff0000, 0xf6ffecff, 
    0x00000000, 0x00000000, 0x00000000, 0x00000000, 0x00000000, 0xe2ff0000, 0x00000000, 0x00000000, 0x00000000, 0x00000000, 0xf6ff0000, 0x0000fbff, 0x00000000, 0xf6ff0000, 
    0xe2ff0000, 0x00000000, 0x00000000, 0x00000000, 0x00000000, 0x00000000, 0x00000000, 0x00000000, 0x00000000, 0x0000f6ff, 0x00000000, 0x00000000, 0x00000000, 0x00000000, 
    0xecffe2ff, 0x0000d8ff, 0xb0ff0000, 0xd0ffecff, 0xe2ffb4ff, 0x00000000, 0x00000000, 0x00000000, 0x00000000, 0x00000000, 0xecff0000, 0x00000000, 0xeeff0000, 0x00000000, 
    0xf6ffecff, 0xf6ff0000, 0x0000f6ff, 0xf1fff6ff, 0xe4ffecff, 0xe2ff0000, 0xf1fff1ff, 0x00000000, 0x00000000, 0x00000000, 0x00000000, 0x00000000, 0x00000000, 0x00000000, 
    0xf1ffe7ff, 0xf1fff1ff, 0x0000ecff, 0x00000000, 0x00000000, 0x00000000, 0x0000f6ff, 0xb7ff0000, 0xcdffecff, 0xddffafff, 0x0000f6ff, 0x00000000, 0x00000000, 0x00000000, 
    0x00000000, 0x00000000, 0x00000000, 0xe7ffecff, 0x00000000, 0xd8ffd8ff, 0xe2ffd8ff, 0x0000ddff, 0xf1ff0000, 0xecffceff, 0x00000000, 0xe7ffe7ff, 0x00000000, 0x00000000, 
    0x00000000, 0x00000000, 0x00000000, 0x00000000, 0x00000000, 0xfbfffbff, 0x00000000, 0x0000fbff, 0x00000000, 0x00000000, 0x00000000, 0x00000000, 0x00000000, 0x00000000, 
    0x00000000, 0x00000000, 0x00000000, 0x00000000, 0x00000000, 0x00000000, 0x00000000, 0xfbff0000, 0xf1ff0000, 0xf6ff0000, 0x0000ceff, 0xf6ff0000, 0x0000f6ff, 0x00000000, 
    0xfbffd5ff, 0x00000000, 0x0000f1ff, 0x00000000, 0x00000000, 0x00000000, 0x00000000, 0x00000000, 0x00000000, 0x00000000, 0x00000000, 0x00000000, 0x00000000, 0x00000000, 
    0x00000000, 0x00000000, 0x00000000, 0x00000000, 0x00000000, 0x00000000, 0x00000000, 0x00000000, 0x00000000, 0x00000000, 0x22000000, 0x00000000, 0x00000000, 0xfaff0000, 
    0x00000000, 0xd8ffebff, 0xd8ff0000, 0xf6ffddff, 0xe6fffaff, 0xc8fff4ff, 0xceff0000, 0xfafff5ff, 0x00000000, 0x00000000, 0x00000000, 0x00000000, 0x00000000, 0x00000000, 
    0x00000000, 0xd7ffc8ff, 0xe6ffebff, 0x0000d7ff, 0x00000000, 0x00000000, 0x00000000, 0x00000000, 0xbaff0000, 0xdaffecff, 0xcdff8eff, 0x0000f1ff, 0x00000000, 0x00000000, 
    0x00001e00, 0x00000000, 0x00000000, 0x00000000, 0x00000000, 0x00000000, 0x0000fbff, 0x00000000, 0x00000000, 0xfbff0000, 0xfbfffbff, 0x00000000, 0xfbfffbff, 0x00000000, 
    0x00000000, 0x00000000, 0x00000000, 0x00000000, 0x00000000, 0x00000000, 0xfbfffbff, 0xfbfff6ff, 0x0000fbff, 0x00000000, 0x00000000, 0x00000000, 0x0000fbff, 0xe2ff0000, 
    0xf1ff0000, 0xf6ff0000, 0x00000000, 0x00000000, 0x00000000, 0x00000000, 0x00000000, 0x00000000, 0x00000000, 0xf3ff0000, 0x00000000, 0xd8ffb8ff, 0xceffd8ff, 0xf6ffceff, 
    0xddffd6ff, 0xb8ffccff, 0xceff0000, 0xd6ffd4ff, 0x00000000, 0x00000000, 0x00000000, 0x00000000, 0x00000000, 0x00000000, 0x00000000, 0xd1ffc2ff, 0xccffccff, 0x0000cfff, 
    0x00000000, 0x00000000, 0x00000000, 0x00000000, 0xb5ff0000, 0xcbfff6ff, 0xc3ffa5ff, 0x0000f6ff, 0x00000000, 0x00000000, 0x00000000, 0x00000000, 0x00000000, 0xccff0000, 
    0x00000000, 0xbaffb9ff, 0x0000e2ff, 0x00000000, 0x00000000, 0xfbffe7ff, 0xfbffc4ff, 0x0000e7ff, 0xf1ffecff, 0x00000000, 0x00000000, 0x00000000, 0x00000000, 0x00000000, 
    0x00000000, 0x00000000, 0x0000fbff, 0x00000000, 0x00000000, 0x00000000, 0x00000000, 0xf6ff0000, 0x00000000, 0x00000000, 0x00000000, 0x00000000, 0x00000000, 0x00000000, 
    0x00000000, 0x00000000, 0x00000000, 0x00000000, 0x00000000, 0xe2ffecff, 0x00000000, 0x0000d7ff, 0xceff0000, 0xe2ffceff, 0xcdffe2ff, 0xafffd7ff, 0xd8ff0000, 0xd7ffe1ff, 
    0x00000000, 0x00000000, 0x00000000, 0x00000000, 0x00000000, 0x00000000, 0x00000000, 0xb9ffb4ff, 0xcdffcdff, 0x0000c2ff, 0x00000000, 0x00000000, 0x00000000, 0x00000000, 
    0xabff0000, 0xd0ffe2ff, 0xb0ffafff, 0x0000e2ff, 0x00000000, 0x00000000, 0x00000000, 0x00000000, 0x00000000, 0x00000000, 0xf6fff6ff, 0x00000000, 0x0000e9ff, 0x00000000, 
    0x00000000, 0xf6fffbff, 0xf6ffe2ff, 0xf1ff0000, 0xf1ffecff, 0x00000000, 0x00000000, 0x00000000, 0x00000000, 0x00000000, 0x00000000, 0x00000000, 0xf6fff1ff, 0xeefff6ff, 
    0x0000f1ff, 0x00000000, 0x00000000, 0x00000000, 0x00000000, 0xecff0000, 0xf3ffefff, 0xf1ffe8ff, 0x00000000, 0x00000000, 0x00000000, 0x0000ecff, 0x00000000, 0x00000000, 
    0x01000200, 0x6d012001, 0x01000000, 0x4d002101, 0x0b000b00, 0x03000300, 0x09000300, 0x04000400, 0x0d000400, 0x01000c00, 0x01000100, 0x0d000d00, 0x01000100, 0x06000100, 
    0x11000100, 0x17000200, 0x0a000a00, 0x13001000, 0x09000100, 0x09000100, 0x08000100, 0x01000800, 0x08000800, 0x02000f00, 0x01000600, 0x16000100, 0x06001800, 0x08000100, 
    0x06000800, 0x12001500, 0x0c000500, 0x0d000500, 0x02000900, 0x1a001900, 0x09001400, 0x01000700, 0x00000d00, 0x04000400, 0x01000600, 0x06000600, 0x0a000a00, 0x00000e00, 
    0x02000600, 0x01009200, 0x11000100, 0x0b000b00, 0x48003300, 0x33004800, 0x20012001, 0x26013100, 0x37002601, 0x2a012a01, 0x2b012e00, 0x02002b01, 0x31013101, 0x34013200, 
    0x03003401, 0x37013701, 0x38010300, 0x04003801, 0x3a013901, 0x3b012d00, 0x15003b01, 0x3c013c01, 0x3d012c00, 0x01003d01, 0x43014301, 0x45011600, 0x32004501, 0x47014701, 
    0x48011400, 0x03004801, 0x49014901, 0x4c010200, 0x33004c01, 0x4d014d01, 0x4f010400, 0x2f004f01, 0x50015001, 0x51010400, 0x3d005101, 0x52015201, 0x53010300, 0x17005301, 
    0x54015401, 0x55013b00, 0x2e005501, 0x56015601, 0x58010200, 0x04005801, 0x5a015a01, 0x5b010300, 0x18005b01, 0x5c015c01, 0x5d011900, 0x2c005d01, 0x5e015e01, 0x61010100, 
    0x2e006101, 0x63016201, 0x65013100, 0x03006501, 0x68016701, 0x69010300, 0x2d006a01, 0x6b016b01, 0x6c013800, 0x31006c01, 0x6d016d01, 0x6e010300, 0x22006e01, 0x6f016f01, 
    0x70011c00, 0x25007301, 0x74017401, 0x75012800, 0x0f007701, 0x78017801, 0x79012400, 0x26007901, 0x7e017a01, 0x7f012500, 0x35007f01, 0x81018001, 0x82012500, 0x0f008201, 
    0x84018301, 0x85012500, 0x0f008501, 0x86018601, 0x87011200, 0x13008801, 0x89018901, 0x8a010f00, 0x24008a01, 0x8b018b01, 0x8c010600, 0x25009001, 0x91019101, 0x92010c00, 
    0x25009201, 0x93019301, 0x94013500, 0x25009401, 0x95019501, 0x96012900, 0x0f009601, 0x97019701, 0x9a012600, 0x40009a01, 0x9c019c01, 0x9d012500, 0x2b009d01, 0x9f019f01, 
    0xa0012000, 0x0f00a001, 0xa101a101, 0xa2010e00, 0x3a00a201, 0xa301a301, 0xa4012400, 0x2600a401, 0xa501a501, 0xa6012500, 0x1200a601, 0xa701a701, 0xa8012500, 0x0f00a801, 
    0xa901a901, 0xaa010e00, 0x1e00aa01, 0xab01ab01, 0xac012400, 0x0600ac01, 0xaf01af01, 0xb0012400, 0x2200b101, 0xb301b201, 0xb4010f00, 0x2500b401, 0xb601b501, 0xb7010f00, 
    0x1300b801, 0xb901b901, 0xba011f00, 0x2300ba01, 0xbb01bb01, 0xbc010f00, 0x2400bc01, 0xbd01bd01, 0xbe012100, 0x0d00c001, 0xc201c201, 0xc3012a00, 0x2500c401, 0xc801c501, 
    0xc9010d00, 0x0c00c901, 0xcb01cb01, 0xcc011d00, 0x0f00cc01, 0xcd01cd01, 0xce013900, 0x0d00cf01, 0xd001d001, 0xd1010f00, 0x0d00d201, 0x96029502, 0x97023400, 0x3f009802, 
    0x99029902, 0x9e023400, 0x07009f02, 0xa002a002, 0xa2020500, 0x3000a202, 0xa302a302, 0xa6021b00, 0x0800a702, 0xa802a802, 0xa9023e00, 0x2700a902, 0xad02ad02, 0xaf024100, 
    0x4100af02, 0xb102b102, 0xba024100, 0x0700be02, 0xbf02bf02, 0xc0023400, 0x0800c402, 0xc602c502, 0xc7023400, 0x1000ca02, 0xcb02cb02, 0xcc020900, 0x3600cc02, 0xcd02cd02, 
    0xce020900, 0x3600ce02, 0xd002cf02, 0xd1021000, 0x0a00d102, 0xd202d202, 0xd3020b00, 0x0a00d302, 0xd402d402, 0xda020b00, 0x1100da02, 0xfc02fc02, 0x1f030700, 0x07001f03, 
    0x28032803, 0x4e030700, 0x1a004e03, 0x52035203, 0x54033c00, 0x3c005403, 0x55035503, 0x56030500, 0x10005703, 0x5b035b03, 0x02000500, 0x0400960b, 0xac0b0000, 0x19007c0c, 
    0x00003b00, 0xfbfff6ff, 0xf1fff6ff, 0xfbfff0ff, 0xeffff6ff, 0xecffdeff, 0xf6fff6ff, 0x1400ecff, 0xe2fff6ff, 0xfbffe7ff, 0x0000e7ff, 0x00000000, 0x00000000, 0x00000000, 
    0x00000000, 0x00000000, 0x00000000, 0x00000000, 0x00000000, 0x00000000, 0x00000000, 0x00000000, 0x00000000, 0x00000000, 0x00000000, 0x00000000, 0x00000000, 0x00000000, 
    0x00000000, 0x00000000, 0x00000000, 0x0a00e2ff, 0xdcff0000, 0x00000000, 0x0000e7ff, 0x0a009cff, 0x00000a00, 0x00000a00, 0x00000000, 0x0000f6ff, 0xe7ffdeff, 0xecfff1ff, 
    0xfbfff1ff, 0xecfff6ff, 0xf8fff1ff, 0xdeffe7ff, 0xf1fff8ff, 0x1400f6ff, 0x0000fbff, 0x00000000, 0x00000000, 0x00000000, 0x00000000, 0x00000000, 0x00000000, 0x00000000, 
    0x00000000, 0x00000000, 0x00000000, 0x00000000, 0xddff0000, 0x00000a00, 0x0000ddff, 0xdeff0000, 0x92ffe7ff, 0x0a000a00, 0x0a000000, 0x00000000, 0xf6ff0000, 0xdeff0000, 
    0xf1ffe7ff, 0xf1ffecff, 0xf6fffbff, 0xecffecff, 0xefff0000, 0x0000efff, 0xf6fff1ff, 0xfbff1400, 0xc5fff6ff, 0x00000000, 0x00000000, 0x00000000, 0x00000000, 0x00000000, 
    0x00000000, 0x00000000, 0x00000000, 0x00000000, 0x00000000, 0xf6ff0000, 0x00000000, 0xf6ff0000, 0x00000000, 0xefff0000, 0x00009cff, 0xf6ff0000, 0xf6ff0f00, 0x0000e2ff, 
    0xfbff0000, 0xf8ff0000, 0x00000000, 0x0000fbff, 0xfbfff6ff, 0x00000000, 0xe7ff0000, 0x00000000, 0x0000fbff, 0x00000000, 0xf8ff0000, 0x0800ecff, 0x00000000, 0x00000000, 
    0x00000000, 0x00000000, 0x00000000, 0x00000000, 0x00000000, 0x00000000, 0x00000000, 0x00000000, 0x0000b0ff, 0x00000000, 0xf8ff0000, 0xe2ffefff, 0x9cffd7ff, 0x0000baff, 
    0xa6ffe2ff, 0x0000f8ff, 0x00000000, 0x0000d6ff, 0xecff0000, 0xf2ff0000, 0x00000000, 0x00000000, 0xefffdeff, 0xf6ff0000, 0x00000000, 0x00000000, 0x0000deff, 0xdeff0000, 
    0xe7ffefff, 0xf8ffe7ff, 0xe7fff6ff, 0xceffefff, 0x00000000, 0x00000000, 0x00000000, 0x00000000, 0x00000000, 0x00000000, 0xf1ff0000, 0x00000000, 0x0000e7ff, 0x000098ff, 
    0x00000000, 0x00000a00, 0x00000000, 0xf6ff0000, 0xe7ff0000, 0x0000f6ff, 0x00000000, 0xf6ff0000, 0x00000000, 0xefffefff, 0x00000000, 0x00000000, 0x00000000, 0x00000000, 
    0x00000000, 0x00000000, 0x00000000, 0x00000000, 0x00000000, 0x00000000, 0x00000000, 0x00000000, 0x00000000, 0x00000000, 0x00000000, 0x00000000, 0x00000000, 0xdefff6ff, 
    0xbaff0000, 0x00000000, 0x00000000, 0x00000000, 0x00000000, 0x00000000, 0x0000d6ff, 0xecffecff, 0xf1ff0000, 0x00000000, 0xeffff8ff, 0xf8ffefff, 0xf1fff6ff, 0x00000000, 
    0xdeff0000, 0x00000000, 0x00001100, 0x00000000, 0x00000000, 0x0000fbff, 0x00000000, 0xfbfff8ff, 0x0000f8ff, 0x00000000, 0x00000000, 0x00000000, 0x0000f1ff, 0xfbff0000, 
    0x00000000, 0x0000deff, 0x0a00baff, 0x00000a00, 0x00000000, 0x00000000, 0x00000000, 0xefff0000, 0xecff0000, 0x0000ecff, 0xfbfff1ff, 0xf8fff6ff, 0xdeffefff, 0xf1ffefff, 
    0x1400f1ff, 0x00000000, 0x00000000, 0x00000000, 0x00000000, 0x00000000, 0x00000000, 0x00000000, 0x00000000, 0x00000000, 0x00000000, 0x00000000, 0x00000000, 0x00000000, 
    0xf1fff6ff, 0xecffecff, 0xd2fff5ff, 0x92ffdeff, 0xf6fff1ff, 0x0f00ecff, 0xd7fff1ff, 0x00000000, 0xf8ffecff, 0xf6ffc5ff, 0x00000000, 0x00000000, 0xf7fff6ff, 0xd6ff0000, 
    0x0000bdff, 0x00000000, 0x00000000, 0x00000000, 0x0000e3ff, 0xefff0800, 0xefff0000, 0xdefff8ff, 0x00000000, 0x0000f8ff, 0x00000000, 0xf1ff0000, 0x00000000, 0x00000000, 
    0x00000000, 0x00000000, 0x00000000, 0x00000000, 0x00000000, 0x0000baff, 0x00000000, 0x00000000, 0x00000000, 0x00000000, 0x00000000, 0x00000000, 0x00000000, 0x00000000, 
    0x00000000, 0x00000000, 0x00000000, 0x00000000, 0x00000000, 0x0000acff, 0x00000000, 0x00000000, 0x00000000, 0x00000000, 0x00000000, 0x00000000, 0x00000000, 0x00000000, 
    0x00000000, 0x00000000, 0x00000000, 0x00000000, 0x0000ecff, 0xefff0000, 0x92ffdeff, 0x00000000, 0x0a000000, 0x00000000, 0x00000000, 0xf8fff6ff, 0xf6fff8ff, 0x00000000, 
    0x00000000, 0xf6fff6ff, 0xf8ff0000, 0x0000efff, 0x00000000, 0x00000000, 0x00000000, 0x00000000, 0x00000000, 0x00000000, 0x00000000, 0x00000000, 0x00000000, 0x00000000, 
    0x00000000, 0x00000000, 0x00000000, 0x00000000, 0x0000f1ff, 0xc6fff1ff, 0xf6ffe2ff, 0xc5ffacff, 0x000073ff, 0xe9ff0000, 0xf6ff0a00, 0xf8ffdbff, 0xddffeeff, 0xceffdeff, 
    0x0000e2ff, 0x00000000, 0xe0ff0000, 0xf8ffecff, 0xceffc5ff, 0xfbffefff, 0x00000000, 0xe9ff0000, 0xefff0000, 0x00000000, 0x0000f8ff, 0x0000efff, 0x0000f8ff, 0x00000000, 
    0xefff0000, 0x00000000, 0xefff0000, 0x00000000, 0x00000000, 0x00000000, 0x0000ceff, 0x05000000, 0xefff0000, 0xc4ff0000, 0xcefff3ff, 0x0000ceff, 0xbafffbff, 0x00000000, 
    0x00000000, 0x0000e7ff, 0x00000000, 0x00000000, 0x00000000, 0x00000000, 0xefffefff, 0x00000000, 0x00000000, 0x00000000, 0x0000e7ff, 0xe3ff1100, 0xebff0000, 0xf8ffe7ff, 
    0xf6ff0000, 0xebffefff, 0x00000000, 0x0000f8ff, 0x00000000, 0x00000000, 0x00000000, 0xbaff0000, 0x00000000, 0x00000000, 0x0000e7ff, 0xcfffe2ff, 0xbaffb0ff, 0xe7ff0000, 
    0x00009cff, 0x00000000, 0xceff0000, 0xf6ff0000, 0x0000f6ff, 0x0000ecff, 0x00000000, 0x0000efff, 0x0000efff, 0x0000f1ff, 0x00000000, 0xd2ff0000, 0x00000000, 0xf8ffd6ff, 
    0xe7ffdeff, 0xf2ff0000, 0xe7ffe7ff, 0xf8ffd6ff, 0xf8fff6ff, 0xefff0000, 0x0000f1ff, 0x00000000, 0xfbffecff, 0xf6ff0000, 0x0000ecff, 0xf8fffbff, 0xa6ffefff, 0x00000000, 
    0x0a00f6ff, 0xe2fff6ff, 0x00000000, 0x00000000, 0xf6ff0000, 0x00000000, 0x00000000, 0x0000f6ff, 0xdeff0000, 0x0000efff, 0x0000fbff, 0x00000000, 0x00000000, 0xecffefff, 
    0x00000000, 0x00000000, 0xf8ff0000, 0x00000000, 0x00000000, 0x00000000, 0x00000000, 0x00000000, 0x00000000, 0x00000000, 0x1e00ceff, 0xb0ff0000, 0x00000000, 0x00000000, 
    0x00000000, 0x00000000, 0x00000000, 0x00000000, 0x00000000, 0xa4ffb4ff, 0xc4ff92ff, 0xfbfff1ff, 0x92fff6ff, 0x0000ceff, 0x00000000, 0x00000000, 0x00000000, 0xf1ff0000, 
    0x00000000, 0x0000c4ff, 0x00000000, 0x00000000, 0x00000000, 0x00000000, 0xf3ff0000, 0x00000000, 0x00000000, 0xf6ff0000, 0x00000000, 0x0000f6ff, 0xfbff0000, 0x0000f6ff, 
    0x00000000, 0x00000000, 0x00000000, 0x00000000, 0x00000000, 0x00000000, 0x00000000, 0x0000e7ff, 0x00000000, 0x00000000, 0x0000f6ff, 0x00000000, 0x00000000, 0x00000000, 
    0x00000000, 0x00000000, 0x00000000, 0x00000000, 0xfdff0000, 0x00000000, 0x00000000, 0x00000000, 0x00000000, 0x00000000, 0x00000000, 0x00000000, 0x00000000, 0x0000ceff, 
    0xc4ff0000, 0xfbffd8ff, 0x00000000, 0x00000000, 0x00000000, 0x00000000, 0x00000000, 0x00000000, 0xb4ffacff, 0xd8ffa6ff, 0xecfff1ff, 0xb0ffecff, 0x0000ceff, 0x00000000, 
    0x00000000, 0x00000000, 0xd8ff0000, 0x00000000, 0x0000baff, 0x00000000, 0x00000000, 0x00000000, 0x00000000, 0xe3ff0000, 0x00000000, 0x00000000, 0xe2ff0000, 0x0000fdff, 
    0x0000ecff, 0x0000e8ff, 0x00000000, 0x00000000, 0x00000000, 0x00000000, 0x00000000, 0x00000000, 0x00000000, 0x00000000, 0x0000d6ff, 0x00000000, 0x00000000, 0xfbff0000, 
    0x00000000, 0x00000000, 0x00000000, 0x00000000, 0x00000000, 0x0000deff, 0xdeff0000, 0xe7ff0000, 0x0000efff, 0x00000000, 0x00000000, 0x00000000, 0x00000000, 0x00000000, 
    0x00000000, 0xecff0000, 0xbaff0000, 0x00000000, 0x00000000, 0x00000000, 0x00000000, 0x00000000, 0x00000000, 0x00000000, 0x00000000, 0xefff0000, 0x00000000, 0x00000000, 
    0x00000000, 0x00000000, 0x00000000, 0x00000000, 0x00000000, 0x00000000, 0xd6ff0000, 0x00001400, 0x0000deff, 0xefffe7ff, 0x00000000, 0x0000fbff, 0x00000000, 0x00000000, 
    0x00000000, 0x00000000, 0x00000000, 0x00000000, 0x0000ceff, 0x00000000, 0x0000fbff, 0x00000000, 0x00000000, 0x00000000, 0x00000000, 0x00000000, 0x00000000, 0x0000deff, 
    0xf6fff6ff, 0xf6ff0000, 0x00000000, 0x00000000, 0x00000000, 0x00000000, 0x00000000, 0x00000000, 0x0000e7ff, 0xdeff0000, 0xeffff8ff, 0x0000f8ff, 0xf6fff6ff, 0x00000000, 
    0xfbff0000, 0x00000000, 0x00000000, 0x00000000, 0xf6ff0000, 0x00000000, 0x00000000, 0x00000000, 0x00000000, 0x00000000, 0x00000000, 0x00000000, 0x00000000, 0x00000000, 
    0xdeff0000, 0xfbff0000, 0x0000fbff, 0x00000000, 0x00000000, 0x00000000, 0x00000000, 0x00000000, 0x00000000, 0xdeff0000, 0x00000000, 0x0000efff, 0xf8fff3ff, 0xfbff0000, 
    0x00000000, 0x00000000, 0x00000000, 0x00000000, 0x00000000, 0x00000000, 0xf6ffecff, 0xf6ff0a00, 0xfbffddff, 0x0000fbff, 0x00000000, 0x00000000, 0x00000000, 0x00000000, 
    0x00000000, 0xefff0000, 0xf1fff8ff, 0x0000fbff, 0x00000000, 0xf6fff6ff, 0x00000000, 0x00000000, 0x00000000, 0x00000000, 0x00000000, 0xecff0000, 0x00000000, 0xf8ff0000, 
    0x00000000, 0x00000000, 0x00000000, 0x00000000, 0x00000000, 0x00000000, 0x00000000, 0xf6ff0000, 0xfbff0000, 0xecfff1ff, 0xf6ff0000, 0x00000000, 0x00000000, 0x00000000, 
    0x00000000, 0x00000000, 0x00000000, 0x00000000, 0x0000f6ff, 0x00000000, 0xf6ff0000, 0x0000fbff, 0x00000000, 0x00000000, 0x00000000, 0x00000000, 0xf8ff0000, 0x00000000, 
    0x00000000, 0x00000000, 0x00000000, 0x00000000, 0x00000000, 0x00000000, 0x00000000, 0x00000000, 0x00000000, 0xf6ff0000, 0x00000000, 0x0000d8ff, 0x00000000, 0x00000000, 
    0x00000000, 0x00000000, 0x00000000, 0x00000000, 0x00000000, 0xecfff8ff, 0x0000f6ff, 0x00000000, 0xfbffecff, 0x00000000, 0x00000000, 0x00000000, 0x00000000, 0x0000fbff, 
    0xf6ff0000, 0x00000000, 0x00000000, 0x00000000, 0x00000000, 0x00000000, 0x00000000, 0x00000000, 0x00000000, 0x00000000, 0x03000200, 0x97016e01, 0x9b010000, 0x2a00ad01, 
    0xd201af01, 0x01003d00, 0x65006e01, 0x00000a00, 0x04001600, 0x04000400, 0x08000200, 0x08000800, 0x0e000600, 0x09000900, 0x06000900, 0x09000600, 0x09000900, 0x09000800, 
    0x03000800, 0x0d000c00, 0x08000d00, 0x09000600, 0x09000200, 0x09000200, 0x0b000b00, 0x0b000900, 0x10000b00, 0x08000300, 0x00000000, 0x0a000000, 0x09000800, 0x0b000a00, 
    0x13000800, 0x07001200, 0x07000e00, 0x02000600, 0x14000300, 0x07001500, 0x0a000100, 0x06000000, 0x08000a00, 0x08000800, 0x08000900, 0x0d000800, 0x17000d00, 0x09000500, 
    0x18000600, 0x09000900, 0x06000900, 0x0a001100, 0x01000a00, 0x01000900, 0x0b000b00, 0x00000800, 0x0f000900, 0x09000900, 0x09000800, 0x02000900, 0x01008800, 0x39000100, 
    0x0b000b00, 0x48002d00, 0x2d004800, 0x9e009e00, 0x20013600, 0x2a002001, 0x25012101, 0x26013a00, 0x31002601, 0x29012701, 0x2a013a00, 0x27002a01, 0x30012c01, 0x31013a00, 
    0x2b003101, 0x33013201, 0x34013a00, 0x33003401, 0x36013501, 0x37013a00, 0x33003701, 0x38013801, 0x39011500, 0x2e003a01, 0x3b013b01, 0x3c011d00, 0x2c003c01, 0x3d013d01, 
    0x3e011400, 0x3a004201, 0x43014301, 0x44011e00, 0x3a004401, 0x45014501, 0x46012b00, 0x3a004601, 0x47014701, 0x48013500, 0x33004801, 0x4b014a01, 0x4c013a00, 0x2d004c01, 
    0x4d014d01, 0x4e011500, 0x3a004e01, 0x4f014f01, 0x50013700, 0x15005001, 0x51015101, 0x52010900, 0x33005201, 0x53015301, 0x54010800, 0x29005401, 0x55015501, 0x57012700, 
    0x3a005701, 0x58015801, 0x59011500, 0x3a005901, 0x5a015a01, 0x5b013300, 0x1f005b01, 0x5c015c01, 0x5d012000, 0x2c005d01, 0x5e015e01, 0x5f011400, 0x3a006001, 0x61016101, 
    0x62012700, 0x2a006301, 0x64016401, 0x65013a00, 0x33006501, 0x66016601, 0x67013a00, 0x33006801, 0x6a016901, 0x6b012e00, 0x32006b01, 0x6c016c01, 0x6d012a00, 0x33006d01, 
    0x6e016e01, 0x6f012f00, 0x21006f01, 0x74017401, 0x75010b00, 0x1a007701, 0x78017801, 0x79010400, 0x07007901, 0x7f017f01, 0x82013000, 0x1a008201, 0x85018501, 0x86011a00, 
    0x1c008601, 0x88018701, 0x89010600, 0x1a008901, 0x8a018a01, 0x8b010400, 0x02008b01, 0x91019101, 0x93012500, 0x30009301, 0x95019501, 0x96013800, 0x1a009601, 0x97019701, 
    0x9a010700, 0x23009a01, 0x9d019d01, 0xa0010f00, 0x1a00a001, 0xa101a101, 0xa2010500, 0x0e00a201, 0xa301a301, 0xa4010400, 0x0700a401, 0xa601a601, 0xa8011c00, 0x1a00a801, 
    0xa901a901, 0xaa010500, 0x1200aa01, 0xab01ab01, 0xac010400, 0x0200ac01, 0xaf01af01, 0xb0010400, 0x2f00b101, 0xb301b201, 0xb5011a00, 0x1a00b601, 0xb801b701, 0xb9010600, 
    0x2400b901, 0xba01ba01, 0xbb013400, 0x1a00bb01, 0xbc01bc01, 0xbd010400, 0x1300bd01, 0xc001be01, 0xc2011900, 0x0d00c201, 0xc801c501, 0xc9011900, 0x2500c901, 0xcb01cb01, 
    0xcc012200, 0x1a00cc01, 0xcd01cd01, 0xce010c00, 0x1900cf01, 0xd001d001, 0xd1011a00, 0x1900d201, 0x96029502, 0x99020300, 0x03009902, 0x9f029e02, 0xa0021700, 0x1600a002, 
    0xa202a202, 0xa3021000, 0x0a00a302, 0xa802a802, 0xa9021100, 0x2600a902, 0xad02ad02, 0xaf020100, 0x0100af02, 0xb102b102, 0xba020100, 0x1700be02, 0xbf02bf02, 0xc5020300, 
    0x0300c602, 0xca02c702, 0xcb021b00, 0x1800cb02, 0xcd02cd02, 0xcf021800, 0x1b00d002, 0xda02da02, 0xfc023900, 0x1700fc02, 0x1f031f03, 0x28031700, 0x17002803, 0x52035203, 
    0x54032800, 0x28005403, 0x55035503, 0x56031600, 0x1b005703, 0x5b035b03, 0x02001600, 0x04002800, 0x30000000, 0x01003400, 0x00000c00, 0xd8ffceff, 0xceffecff, 0xecfff6ff, 
    0xceffe2ff, 0xf1ffd8ff, 0x0100f6ff, 0x01000200, 0x0200da02, 0x02000000, 0x20011200, 0x01002001, 0x26012601, 0x31010500, 0x03003101, 0x38013801, 0x3d010400, 0x02003d01, 
    0x43014301, 0x45010700, 0x03004501, 0x4d014d01, 0x50010400, 0x04005001, 0x53015301, 0x58010800, 0x04005801, 0x5b015b01, 0x5c010900, 0x0a005c01, 0x5e015e01, 0x62010200, 
    0x01006301, 0x6b016b01, 0x6c010600, 0x01006c01, 0xcd01cd01, 0x02000b00, 0x04001c00, 0x22000000, 0x01002600, 0x00000600, 0xf6ffe7ff, 0xe2ffb0ff, 0x0100ceff, 0x4e030100, 
    0x00000200, 0x0d000200, 0x2b012b01, 0x38010200, 0x03003801, 0x3a013901, 0x3d010400, 0x01003d01, 0x49014901, 0x4d010200, 0x03004d01, 0x50015001, 0x56010300, 0x02005601, 
    0x58015801, 0x5e010300, 0x01005e01, 0x6a016901, 0xa1010400, 0x0500a101, 0xa901a901, 0x02000500, 0x04001805, 0x22050000, 0x0e006a05, 0x00002e00, 0xabffe7ff, 0xecffb0ff, 
    0xfbffd8ff, 0xe7fff6ff, 0xfbffe2ff, 0xf6ffc4ff, 0xceff92ff, 0xf1ffceff, 0xb5ffbfff, 0x6cfff1ff, 0xf6ffe7ff, 0xf6fff6ff, 0xd8fff6ff, 0xf6ffe7ff, 0xf6fff6ff, 0x00000000, 
    0x00000000, 0x00000000, 0x00000000, 0x00000000, 0x00000000, 0x00000000, 0x00000000, 0x0000e7ff, 0xe7ff0000, 0xf6ffd8ff, 0xd8fff6ff, 0xf1ffd3ff, 0xecffceff, 0xe2ff0000, 
    0xf1ff0000, 0x00000000, 0x0000f6ff, 0xecffe2ff, 0x1e001400, 0xddff0000, 0xecffe7ff, 0xf1ffecff, 0xf6fff6ff, 0x00000000, 0x00000000, 0x00000000, 0x00000000, 0x00000000, 
    0x00000000, 0x00000000, 0x0000ecff, 0x00000000, 0x0000ecff, 0xfbfffbff, 0x0000f6ff, 0xf6ffe2ff, 0x00000000, 0xfbff0000, 0x00000000, 0x00000000, 0x0000e7ff, 0x00000000, 
    0xecff0000, 0x00000000, 0x00000000, 0x00000000, 0x00000000, 0x00000000, 0x00000000, 0x00000000, 0x00000000, 0x00000000, 0x00000000, 0x00000000, 0x00000000, 0xfbff0000, 
    0x0000fbff, 0x00000000, 0xfbfffbff, 0x00000000, 0xfbff0000, 0x00000000, 0x6d000000, 0xfbfffbff, 0x00000000, 0xfbff0000, 0xfbfffbff, 0xfbfffbff, 0x00000000, 0xfbfffbff, 
    0x0000fbff, 0x00000000, 0x00000000, 0x00000000, 0x00000000, 0x00000000, 0xe2ff0000, 0x00000000, 0x00000000, 0x00000000, 0x00000000, 0x0000fdff, 0xf6fff6ff, 0x00000000, 
    0xf9ff0000, 0xc4ff0000, 0x00000000, 0x14000000, 0x00000000, 0x00000000, 0x00000000, 0x00000000, 0x00000000, 0x00000000, 0x00000000, 0x00000000, 0x00000000, 0x00000000, 
    0x00000000, 0xe2ff0000, 0x00000000, 0x00000000, 0x00000000, 0x00000000, 0x0000f8ff, 0x0000e2ff, 0x00000000, 0xefff0000, 0xc4ff0000, 0x00000000, 0x1e000000, 0x00000000, 
    0x00000000, 0x00000000, 0x00000000, 0xd8ff0000, 0xe7ff0000, 0xe1ffe7ff, 0xc4fff5ff, 0x00000000, 0x00000000, 0x00000000, 0x0000e2ff, 0xe2ff0000, 0xb4ffceff, 0xceffdcff, 
    0xe2ffceff, 0xafffd7ff, 0xecff0000, 0xcdffd8ff, 0x00000000, 0x0000ceff, 0xd5ffceff, 0x00000000, 0xe1fffeff, 0xf4ffe6ff, 0xf4fff4ff, 0xd8ffe2ff, 0xf4ffcdff, 0xabffb4ff, 
    0xafff0000, 0x8eff0000, 0xe2ffb9ff, 0xfbffceff, 0x00000000, 0xc6ff0000, 0x0000f6ff, 0x00000000, 0x0000fbff, 0x00000000, 0x0000e7ff, 0xecffe2ff, 0x00000000, 0x00000000, 
    0x00000000, 0x00000000, 0x00000000, 0x00000000, 0x00000000, 0x00000000, 0x00000000, 0x00000000, 0xf6ff0000, 0x0000ecff, 0x00000000, 0x00000000, 0x00000000, 0x0000f6ff, 
    0x0000efff, 0x00000000, 0xa5ffc4ff, 0xbaffe1ff, 0xecffbaff, 0x9bffcdff, 0x00000000, 0xa6ffc4ff, 0x00000000, 0x00000000, 0x00000000, 0x00000000, 0x00000000, 0x00000000, 
    0x00000000, 0x0000ecff, 0x0000b4ff, 0x88ff0000, 0x74ff0000, 0x00000000, 0xebff0000, 0x0000ecff, 0x00000000, 0x0000ceff, 0x00000000, 0xf1ffc4ff, 0xd8fff6ff, 0xf6ffd3ff, 
    0xddffc4ff, 0x00000000, 0xe2ff0000, 0x00000000, 0x00000000, 0x00000000, 0x00000000, 0x00000000, 0x00000000, 0x00000000, 0x0000fbff, 0x00000000, 0x00000000, 0x00000000, 
    0x00000000, 0x00000000, 0x00000000, 0x00000000, 0x00000000, 0x00000000, 0xf1ff0000, 0x00000000, 0x00000000, 0xf6ffefff, 0x00000000, 0xf8ffecff, 0x00000000, 0x00000000, 
    0x00000000, 0x00000000, 0x00000000, 0x00000000, 0x00000000, 0x00000000, 0x00000000, 0xbfff0000, 0xb7ff0000, 0x00000000, 0x00000000, 0x00000000, 0x00000000, 0xf1ff0000, 
    0x00000000, 0xf6ff0000, 0xf6ff0000, 0x0000fbff, 0xf6ff0000, 0x00000000, 0x0000e2ff, 0x00000000, 0x00000000, 0x00000000, 0x00000000, 0x00000000, 0x00000000, 0x00000000, 
    0x00000000, 0x00000000, 0xb0ff0000, 0xb4ffe2ff, 0x00000000, 0x00000000, 0x00000000, 0x0000f6ff, 0x0000efff, 0x00000000, 0xd1ffd8ff, 0xceffedff, 0xf6ffceff, 0xb8ffccff, 
    0x00000000, 0xceffceff, 0x00000000, 0x00000000, 0x00000000, 0x00000000, 0x00000000, 0x00000000, 0x00000000, 0x0000f6ff, 0x0000ccff, 0xb5ff0000, 0xa6ff0000, 0x00000000, 
    0xf9ff0000, 0x0000ecff, 0x00000000, 0x0000f6ff, 0x00000000, 0x0000f6ff, 0xfbfffbff, 0x0000f6ff, 0x0000ecff, 0xf6ff0000, 0x00000000, 0x00000000, 0x00000000, 0x00000000, 
    0x00000000, 0x00000000, 0x00000000, 0x00000000, 0x00000000, 0x00000000, 0x00000000, 0x00000000, 0x00000000, 0x00000000, 0x00000000, 0x02000000, 0xd3010100, 0x0000f401, 
    0xd4010100, 0x07002100, 0x00000800, 0x0d000200, 0x05000300, 0x09000300, 0x03000000, 0x02000300, 0x03000500, 0x01000b00, 0x06000c00, 0x01000500, 0x04000a00, 0x02000000, 
    0x03000300, 0x06000500, 0x03000400, 0x02000600, 0x55000200, 0x01000100, 0x20010f00, 0x29002001, 0x63016201, 0x6c012900, 0x29006c01, 0xd301d301, 0xd6012400, 0x2400d601, 
    0xd801d801, 0xda012700, 0x0100da01, 0xdd01dd01, 0xe1012400, 0x0100e101, 0xe401e401, 0xe5012500, 0x1200e501, 0xe601e601, 0xe7010200, 0x0100e701, 0xe801e801, 0xe9012500, 
    0x1100e901, 0xea01ea01, 0xf3012a00, 0x0200f301, 0xf501f501, 0xf6010c00, 0x2c00f601, 0xf701f701, 0xf8010b00, 0x1600f801, 0xf901f901, 0xfa010600, 0x1e00fa01, 0xfb01fb01, 
    0xfc010700, 0x1b00fc01, 0xfe01fd01, 0xff012100, 0x2200ff01, 0x00020002, 0x01022100, 0x0b000102, 0x02020202, 0x03021c00, 0x0c000302, 0x04020402, 0x05020700, 0x23000502, 
    0x07020602, 0x08020c00, 0x1a000802, 0x09020902, 0x0a021000, 0x0c000a02, 0x0b020b02, 0x0c021500, 0x10000c02, 0x0d020d02, 0x0e020c00, 0x19000e02, 0x0f020f02, 0x10021700, 
    0x18001002, 0x13021102, 0x14021000, 0x0c001602, 0x17021702, 0x18020600, 0x07001802, 0x19021902, 0x95021d00, 0x26009602, 0x98029702, 0x99022b00, 0x26009902, 0x9f029e02, 
    0xa0020500, 0x0300a002, 0xa202a202, 0xa3022800, 0x1400a302, 0xad02ad02, 0xaf022d00, 0x2d00af02, 0xb102b102, 0xba022d00, 0x0500be02, 0xbf02bf02, 0xc5022600, 0x2600c602, 
    0xca02c702, 0xcb020d00, 0x0800cb02, 0xcc02cc02, 0xcd021f00, 0x0800cd02, 0xce02ce02, 0xcf021f00, 0x0d00d002, 0xd102d102, 0xd2020900, 0x0a00d202, 0xd302d302, 0xd4020900, 
    0x0a00d402, 0xda02da02, 0xfc020f00, 0x0500fc02, 0x1f031f03, 0x28030500, 0x05002803, 0x4d034d03, 0x4e032000, 0x13004e03, 0x51035103, 0x52030400, 0x0e005203, 0x53035303, 
    0x54030400, 0x0e005403, 0x55035503, 0x56030300, 0x0d005703, 0x5b035b03, 0x02000300, 0x04004600, 0x52000000, 0x03005c00, 0x00000900, 0xecffe2ff, 0xf6ffd8ff, 0xe2ff3c00, 
    0x00000000, 0x00000000, 0xa6ff0000, 0x00000000, 0xd8ff0000, 0x00002800, 0xecffecff, 0x0000d8ff, 0x00000000, 0x0000f6ff, 0x04000100, 0x4e034d03, 0x53035103, 0x4d030100, 
    0x02000200, 0x02000100, 0xd3010d00, 0x0100d301, 0xd601d601, 0xdd010100, 0x0100dd01, 0xe401e401, 0xe5010200, 0x0400e501, 0xe601e601, 0xe8010300, 0x0200e801, 0xf101eb01, 
    0xf3010800, 0x0300f301, 0xf701f701, 0xff010700, 0x0600ff01, 0x01020102, 0x10020700, 0x05001002, 0x28060200, 0x00000400, 0x82063206, 0x27001400, 0xf8ff0000, 0xf6ffe7ff, 
    0xfbfffbff, 0xf6fff6ff, 0xf3fff6ff, 0xb9fff8ff, 0xf6fff6ff, 0xfbfff6ff, 0xf6fffbff, 0x00000000, 0x00000000, 0x00000000, 0x00000000, 0x00000000, 0x00000000, 0x00000000, 
    0x00000000, 0x00000000, 0x00000000, 0x00000000, 0xf8ff0000, 0x00000000, 0x00000000, 0xf6ff0000, 0x00000000, 0x000092ff, 0x00000000, 0x00000000, 0xf6ff0000, 0xecffecff, 
    0x00000000, 0x00000000, 0x00000000, 0x00000000, 0x00000000, 0x00000000, 0x00000000, 0x00000000, 0x00000000, 0x00000000, 0x0000deff, 0x0000f1ff, 0x0000f6ff, 0xf8ffecff, 
    0xcdff0000, 0x00000000, 0x00000000, 0x00000000, 0xe7ff0000, 0x1e000000, 0x1e00f6ff, 0xf6fff5ff, 0x00000000, 0x00000000, 0x00000000, 0x00000000, 0x00000000, 0x00000000, 
    0x00000000, 0x00000000, 0xf6ff0000, 0xf6ff0000, 0xf6ff0000, 0xf8fff8ff, 0x0000b5ff, 0x00000000, 0x00000000, 0xf6ff0000, 0x0000f1ff, 0xfbff1e00, 0x00000000, 0x0000fbff, 
    0x00000000, 0x00000000, 0x00000000, 0x00000000, 0x00000000, 0x00000000, 0xd6ff0000, 0xecffdeff, 0xf1fff6ff, 0xecfff6ff, 0xefff0000, 0xceffd6ff, 0xc9ffecff, 0x000092ff, 
    0xf6ff0000, 0x00000000, 0xbaff0000, 0x00000000, 0x00000000, 0xf8ffceff, 0xe7ffefff, 0xfdfffdff, 0x00000000, 0x00000000, 0x00000000, 0x00000000, 0xbdffefff, 0x0000ecff, 
    0x00000000, 0xf6ff0000, 0xc5fff8ff, 0x000092ff, 0xceffecff, 0x00000000, 0xf6ff0000, 0xecffecff, 0xf6fff6ff, 0x00000000, 0xf8ff0000, 0x00000000, 0xfdff0000, 0x00000000, 
    0x00000000, 0x00000000, 0x00000000, 0x00000000, 0x00000000, 0x0000f6ff, 0x0000f6ff, 0x0000f6ff, 0xceff0000, 0x00000000, 0x00000000, 0x00000000, 0xf1fff6ff, 0x15000000, 
    0x0000fbff, 0xfbff0000, 0x00000000, 0x00000000, 0x00000000, 0x00001100, 0x00000000, 0x00000000, 0x00000000, 0xd6fff3ff, 0x0000f1ff, 0x00000000, 0x00000000, 0xd6fff8ff, 
    0x0000baff, 0xceffecff, 0x00000000, 0x00000000, 0x0000f6ff, 0x0000f6ff, 0x00000000, 0xf3ff0000, 0x00000000, 0x00000000, 0x00000000, 0x00000000, 0x00000000, 0x00000000, 
    0x00000000, 0x1e00f8ff, 0xf6ffd8ff, 0xe7ffe2ff, 0x00000000, 0x00000000, 0x0000ecff, 0xf1ff1e00, 0xf6fff1ff, 0xceff0000, 0x0000ecff, 0x00000000, 0xf1ffd8ff, 0x00000000, 
    0x00000000, 0x00000000, 0xecff0000, 0x1e00f6ff, 0x00002800, 0x00000000, 0x0000f8ff, 0x0000ecff, 0x00000000, 0xe2ff0000, 0x00000000, 0x00000000, 0x00000000, 0x00000000, 
    0xe2ff0000, 0xf6ffe7ff, 0x0000f6ff, 0x00000000, 0x00000000, 0x00000000, 0x00000000, 0x00000000, 0x00000000, 0x00000000, 0x00000000, 0xe7ff0000, 0x0a00d6ff, 0xe7ffecff, 
    0xe2ffe2ff, 0x00000000, 0x00000000, 0x00000000, 0x00000000, 0x00000000, 0x00000000, 0x00000000, 0x00000000, 0x00000000, 0x0000fdff, 0x00000000, 0x0000fdff, 0x00000000, 
    0x00000000, 0xf6ff0000, 0x00000000, 0xf8fff8ff, 0x00000000, 0x00000000, 0xf6ff0000, 0x00000000, 0x00000000, 0x00000000, 0x00000000, 0x00000000, 0x0000e7ff, 0x0000f6ff, 
    0x00000000, 0x00000000, 0x00000000, 0x00000000, 0x00000000, 0x00000000, 0x00000000, 0x00000000, 0x00000000, 0x00000000, 0x0000f1ff, 0x0000f6ff, 0x00005a00, 0x00000000, 
    0x00000000, 0x00000000, 0x00000000, 0xe2ff0000, 0x1e000000, 0x00000000, 0x00000000, 0x00000000, 0x00000000, 0x00000000, 0x00000000, 0x00000000, 0x00000000, 0x00000000, 
    0xd6ff0000, 0xecff0000, 0xecfff6ff, 0x0000ecff, 0x00000000, 0x00000000, 0x00000000, 0x00000000, 0x00000000, 0x00000000, 0x00000000, 0x00000000, 0x00000000, 0x00000000, 
    0x00000000, 0x00000000, 0x00000000, 0x00000000, 0x00000000, 0x00000000, 0x0000e7ff, 0x0000f6ff, 0xfeff0000, 0x0000ceff, 0x00000000, 0x00000000, 0x00000000, 0x00000000, 
    0xc4ffbaff, 0x0000d8ff, 0x00000000, 0x00000000, 0x00000000, 0x00000000, 0x00000000, 0x00000000, 0x00000000, 0x00000000, 0x00000000, 0x00000000, 0x0000ecff, 0xf6fffbff, 
    0x0000fbff, 0x00000000, 0x00000000, 0x00000000, 0x00000000, 0x00000000, 0x00000000, 0x0000ecff, 0x00000000, 0xefff0000, 0x00000000, 0xfdff0000, 0x00000000, 0x00000000, 
    0x00000000, 0xdaff0000, 0x00000000, 0x0000e7ff, 0x00000000, 0x00000000, 0x0000fbff, 0x00000000, 0x00000000, 0x00000000, 0x00000000, 0xfbff0000, 0x00000000, 0x00000000, 
    0x00000000, 0x00000000, 0x00000000, 0x00000000, 0x00000000, 0x00000000, 0x00000000, 0x00000000, 0xf8ff0000, 0xf6ff0000, 0xf6ff0000, 0x0000fbff, 0x00000000, 0x00000000, 
    0x00000000, 0x00000000, 0x00000000, 0x00000000, 0x00000000, 0x00000000, 0x00000000, 0x00000000, 0x00000000, 0x00000000, 0x00000000, 0x00000000, 0x00000000, 0xebff0000, 
    0x0000ebff, 0x00000000, 0x00000000, 0x00000000, 0x00000000, 0x00000000, 0x00000000, 0x00000000, 0x00000000, 0xf1ff0000, 0x00000000, 0x00000000, 0x0000ebff, 0x00000000, 
    0x00000000, 0x00000000, 0x00000000, 0x00000000, 0x00000000, 0x00000000, 0xb0ff1e00, 0xd8ff0000, 0xf6ffe2ff, 0x00000000, 0x00000000, 0x00000000, 0x00000000, 0x00000000, 
    0xceffb5ff, 0x00000000, 0x00000000, 0x00000000, 0x00000000, 0x00000000, 0x00000000, 0x0000e2ff, 0x00000000, 0xf6ff0000, 0x01000200, 0x1902f501, 0x01000000, 0x2500f501, 
    0x09000300, 0x0b000400, 0x13000000, 0x12000100, 0x0d000200, 0x03000e00, 0x08000400, 0x06000500, 0x10000500, 0x11000f00, 0x05000700, 0x07000a00, 0x02000500, 0x0c000200, 
    0x07000700, 0x05000700, 0x03000500, 0x01000000, 0x02000800, 0xd3014d00, 0x1a00d301, 0xd501d401, 0xd6011e00, 0x1a00d601, 0xd701d701, 0xd8011e00, 0x1c00d801, 0xd901d901, 
    0xda011e00, 0x1b00da01, 0xdc01db01, 0xdd011e00, 0x1a00dd01, 0xdf01de01, 0xe1011e00, 0x1b00e101, 0xe301e201, 0xe4011e00, 0x0100e401, 0xe501e501, 0xe6010a00, 0x0200e601, 
    0xe701e701, 0xe8011b00, 0x0100e801, 0xe901e901, 0xea010900, 0x1f00ea01, 0xf201f201, 0xf3011e00, 0x0200f301, 0xf501f501, 0xf7010700, 0x1300f701, 0xf801f801, 0xf9010c00, 
    0x0500f901, 0xfa01fa01, 0xfb011100, 0x2600fb01, 0xfc01fc01, 0xff011900, 0x0d00ff01, 0x01020102, 0x02021300, 0x0f000202, 0x03020302, 0x04020700, 0x26000402, 0x05020502, 
    0x06021d00, 0x07000702, 0x08020802, 0x09021800, 0x21000902, 0x0a020a02, 0x0b020700, 0x16000b02, 0x0c020c02, 0x0d022100, 0x07000d02, 0x0f020f02, 0x10022300, 0x24001002, 
    0x13021102, 0x14022100, 0x07001602, 0x17021702, 0x18020500, 0x26001802, 0x19021902, 0x95021000, 0x15009602, 0x98029702, 0x99022000, 0x15009902, 0x9c029c02, 0x9e021700, 
    0x04009f02, 0xa002a002, 0xa2021200, 0x0e00a202, 0xa302a302, 0xad020b00, 0x0300ad02, 0xaf02af02, 0xb1020300, 0x0300b102, 0xbe02ba02, 0xbf020400, 0x1500bf02, 0xc602c502, 
    0xc7021500, 0x0800ca02, 0xcb02cb02, 0xcc020600, 0x2500cc02, 0xcd02cd02, 0xce020600, 0x2500ce02, 0xd002cf02, 0xfc020800, 0x0400fc02, 0x1f031f03, 0x28030400, 0x04002803, 
    0x4e034e03, 0x52032200, 0x14005203, 0x54035403, 0x55031400, 0x12005503, 0x57035603, 0x5b030800, 0x12005b03, 0x1a000200, 0x00000400, 0x26002200, 0x05000100, 0xceff0000, 
    0xecffd8ff, 0x0100ceff, 0x01000200, 0x0200da02, 0x02000000, 0xd3010700, 0x0100d301, 0xd601d601, 0xdd010100, 0x0100dd01, 0xe501e501, 0xe6010400, 0x0200e601, 0xe901e901, 
    0xf3010300, 0x0200f301, 0x00010100, 0x02001601, 0x8a000c00, 0x01001f00, 0x01009400, 0x01009400, 0x01009a00, 0x0100a000, 0x0100a600, 0x01009400, 0x01009400, 0x01009400, 
    0x01009400, 0x0100ac00, 0x00009400, 0x00008800, 0x01008e00, 0x0100b200, 0x0100b200, 0x0100b800, 0x0100be00, 0x0100c400, 0x0100b200, 0x0100ca00, 0x0100b200, 0x0100b200, 
    0x0100b200, 0x0100b200, 0x0100d000, 0x01009400, 0x0100ac00, 0x01009400, 0x0100d600, 0x01009400, 0x0200b200, 0x70005e00, 0x6a006400, 0x0fff0100, 0x01000000, 0x00001cff, 
    0x06ff0100, 0x0100e001, 0xe00139ff, 0xd1fe0100, 0x0100e001, 0xe001cdfe, 0x05ff0100, 0x0100e001, 0x940206ff, 0x4aff0100, 0x01009402, 0x9402d3fe, 0xd5fe0100, 0x01009402, 
    0x940207ff, 0xe7fe0100, 0x01009402, 0xe001fbfe, 0x8a010100, 0x01000000, 0x00006501, 0x65010100, 0x01009402, 0x00000000, 0x03000200, 0x6c036003, 0x7b030000, 0x0d008a03, 
    0x8e038d03, 0x01001d00, 0x12030200, 0x01005e03, 0xbe06a806, 0x0c000300, 0x20008e00, 0x30030200, 0x30030200, 0x36030200, 0x3c030200, 0x42030200, 0x30030200, 0x30030200, 
    0x30030200, 0x30030200, 0x48030200, 0x30030200, 0x1e030000, 0x24030000, 0x2a030100, 0x4e030200, 0x4e030200, 0x54030200, 0x5a030200, 0x60030200, 0x4e030200, 0x66030200, 
    0x4e030200, 0x4e030200, 0x4e030200, 0x4e030200, 0x6c030200, 0x30030200, 0x48030200, 0x30030200, 0x72030200, 0x30030200, 0x4e030200, 0xf6026f00, 0x0203fc02, 0x14060803, 
    0x14060e03, 0x14031406, 0x14061406, 0x20031a03, 0x2c032603, 0x26032003, 0x20033203, 0x38032603, 0x14061406, 0x44033e03, 0x4a031406, 0x14065003, 0x50035603, 0x56031406, 
    0x14065003, 0x62035c03, 0x68031406, 0x14066203, 0x74036e03, 0x7a031406, 0x14068003, 0x8c038603, 0x98039203, 0x14069e03, 0xaa03a403, 0xb0031406, 0x1406b603, 0x1406bc03, 
    0xc2031406, 0x14061406, 0xc803c203, 0xce031406, 0x14061406, 0xda03d403, 0xe603e003, 0x1406ec03, 0xf2031403, 0xf8031406, 0x14066203, 0x1406fe03, 0x04041406, 0x14061406, 
    0x10040a04, 0x16041406, 0x14061406, 0x14061c04, 0x22041406, 0x14061406, 0x14062804, 0x2e041406, 0x14064403, 0x34044a03, 0x3a041406, 0x1406aa03, 0x4004b003, 0x46041406, 
    0x1406c803, 0x1406ce03, 0x04041406, 0x14061406, 0xf6023e03, 0x0203fc02, 0x14064c04, 0x20035204, 0x2c032603, 0x14061406, 0x50035804, 0x5e041406, 0x92038c03, 0x14066404, 
    0x98031406, 0x14061406, 0x14066a04, 0x70041406, 0x7c047604, 0x14068204, 0x88041406, 0x14061406, 0x8e048804, 0x9a049404, 0x94048e04, 0x8e04a004, 0xa6049404, 0x14061406, 
    0xb204ac04, 0xb8041406, 0x14061406, 0x1406be04, 0xbe041406, 0x14061406, 0x1406c404, 0xca041406, 0x14061406, 0xd004ca04, 0xdc04d604, 0x1406e204, 0xee04e804, 0xdc041406, 
    0x1406f404, 0xf404fa04, 0x00051406, 0x14060605, 0x14060c05, 0x00051406, 0x14061406, 0x18051205, 0x1e051406, 0x14062405, 0x30052a05, 0x36051406, 0x42053c05, 0x3c054805, 
    0x4e051406, 0x14061406, 0x14065405, 0x5a051406, 0x14061406, 0xb2046005, 0xb8041406, 0x14061406, 0xee04ca04, 0xdc041406, 0x14060605, 0x66050c05, 0x6c051406, 0x14061406, 
    0x7604ac04, 0x82047c04, 0x14067205, 0x8e045405, 0x9a049404, 0x7e057805, 0x14068405, 0x8a051406, 0xd604d004, 0x14069005, 0xdc041406, 0x1406f404, 0xf4049605, 0x9c051406, 
    0x1406a205, 0xae05a805, 0xbe041406, 0x14061406, 0xba05b405, 0xc0051406, 0x1406c605, 0xc605cc05, 0xcc051406, 0x1406c605, 0xd805d205, 0xde051406, 0x14069e03, 0xea05e405, 
    0xf0051406, 0x14061406, 0xe2045405, 0xfc05f605, 0x14060206, 0x02060806, 0x08061406, 0x14060206, 0x0206a604, 0x0e061406, 0x0fff0100, 0x01000000, 0x00001cff, 0x64ff0100, 
    0x01000000, 0xe00106ff, 0x39ff0100, 0x0100e001, 0xe001d1fe, 0xcdfe0100, 0x0100e001, 0xe00105ff, 0x06ff0100, 0x01009402, 0x94024aff, 0xd3fe0100, 0x01009402, 0x9402d5fe, 
    0x07ff0100, 0x01009402, 0x9402e7fe, 0xfbfe0100, 0x0100e001, 0x00004b01, 0x72020100, 0x01000000, 0x94024b01, 0x36010100, 0x01000000, 0x94023601, 0x18010100, 0x01009402, 
    0x8e034b01, 0x20010100, 0x01000000, 0x00001302, 0x1f010100, 0x01009402, 0x8e03e200, 0x26010100, 0x01008e03, 0x9402f801, 0x22010100, 0x01000000, 0x94022601, 0x67010100, 
    0x01000000, 0x94026101, 0x1d010100, 0x01008e03, 0x00004c01, 0x50010100, 0x01009402, 0x8e038301, 0x8f010100, 0x01000000, 0x94028f01, 0x64010100, 0x01000000, 0x94026401, 
    0x85010100, 0x01000000, 0x0a00bc02, 0x85010100, 0x01009402, 0x00002901, 0x29010100, 0x01009402, 0x00007a01, 0x85010100, 0x01009b02, 0x00002401, 0x25010100, 0x01009402, 
    0x94024d01, 0x34010100, 0x01000000, 0x94023401, 0x42010100, 0x01009402, 0x0000f102, 0x35030100, 0x01000000, 0x9402c801, 0x1d010100, 0x01000000, 0x00008601, 0x86010100, 
    0x01009402, 0x94024c01, 0x8f000100, 0x01009402, 0x8e038f00, 0xc3000100, 0x01000000, 0x9402e400, 0x11020100, 0x01009402, 0x94024301, 0x53010100, 0x01009402, 0x9402fb01, 
    0x9f010100, 0x01000000, 0x94029f01, 0x38010100, 0x01000000, 0x94023701, 0xab010100, 0x01000000, 0x9402a501, 0x6f010100, 0x01009402, 0x8e036101, 0x85010100, 0x01008e03, 
    0x8e034d01, 0x7e010100, 0x01008e03, 0x00001101, 0xe2010100, 0x01000000, 0xe0010f01, 0xf7000100, 0x0100e001, 0x00002d01, 0x88010100, 0x01000000, 0xe0011d01, 0xf4000100, 
    0x0100ee02, 0xee022a01, 0x97010100, 0x0100e001, 0x00000101, 0x01010100, 0x0100e001, 0xe0013501, 0xff000100, 0x0100ee02, 0xe0012501, 0x30010100, 0x01000000, 0x0a002302, 
    0x30010100, 0x0100e001, 0x00003b01, 0x3b010100, 0x0100e001, 0x00003501, 0x18010100, 0x01000000, 0xe0011801, 0x16010100, 0x0100e001, 0x00000a01, 0x0a010100, 0x0100e001, 
    0xe0017c01, 0xeb000100, 0x01000000, 0xe001e800, 0x2f010100, 0x01000000, 0xe0012f01, 0xff000100, 0x01000000, 0xe001ff00, 0x87000100, 0x01000000, 0x0000ca00, 0x8b000100, 
    0x0100e001, 0xee028700, 0xb0010100, 0x0100e001, 0xe0012101, 0x13010100, 0x0100e001, 0x00002501, 0xca000100, 0x0100ee02, 0x0000b701, 0x10010100, 0x01001400, 0xf401b100, 
    0x0d010100, 0x0100f401, 0xee023501, 0x30010100, 0x0100ee02, 0xee021801, 0x50010100, 0x0100ee02, 0x0000de00, 0xdf000100, 0x0100e001, 0x00003c01, 0xa6010100, 0x0100e001, 
    0x00000001, 0x00010100, 0x0100e001, 0x0f003001, 0x23010100, 0x0100e001, 0xee02ed00, 0x1c010100, 0x01000000, 0xe0014f01, 0x19010100, 0x0100e001, 0x0000be01, 0xbe010100, 
    0x0100e001, 0x00003202, 0x3d010100, 0x0100e001, 0x00002701, 0x2a010100, 0x0100e001, 0xee026301, 0x00000100, 0x02000000, 0x60030300, 0x00006d03, 0x8a037b03, 0x8d030e00, 
    0x1e008e03, 0x6f000100, 0x22012001, 0x24012301, 0x28012701, 0x2a012901, 0x2c012b01, 0x2e012d01, 0x30012f01, 0x33013201, 0x36013401, 0x38013701, 0x3a013901, 0x3d013c01, 
    0x47014401, 0x49014801, 0x4b014a01, 0x4e014c01, 0x53014f01, 0x56015501, 0x5a015801, 0x5d015b01, 0x61016001, 0x63016201, 0x65016401, 0x67016601, 0x69016801, 0x6e016a01, 
    0x72017101, 0x76017501, 0x78017701, 0x7a017901, 0x7c017b01, 0x7e017d01, 0x84018201, 0x87018501, 0x8a018801, 0x92018b01, 0x96019501, 0x98019701, 0x9c019a01, 0xa1019d01, 
    0xa501a401, 0xab01a801, 0xaf01ad01, 0xb101b001, 0xb301b201, 0xb501b401, 0xb701b601, 0xba01b801, 0xbc01bb01, 0xbe01bd01, 0xc001bf01, 0xc301c101, 0xca01c401, 0xce01cc01, 
    0xd101cf01, 0x0100d201, 0x52033c03, 0x0c000300, 0x20008e00, 0x9e010200, 0x9e010200, 0xa4010200, 0xaa010200, 0xb0010200, 0x9e010200, 0x9e010200, 0x9e010200, 0x9e010200, 
    0xb6010200, 0x9e010200, 0x8c010000, 0x92010000, 0x98010100, 0xbc010200, 0xbc010200, 0xc2010200, 0xc8010200, 0xce010200, 0xbc010200, 0xd4010200, 0xbc010200, 0xbc010200, 
    0xbc010200, 0xbc010200, 0xda010200, 0x9e010200, 0xb6010200, 0x9e010200, 0xe0010200, 0x9e010200, 0xbc010200, 0x64012c00, 0x70016a01, 0xa8027601, 0x82017c01, 0x8801a802, 
    0x94018e01, 0xa0019a01, 0xa601a802, 0xa802ac01, 0xb801b201, 0xc401be01, 0xa802ca01, 0xd601d001, 0xdc01a802, 0xa802ac01, 0xe201b201, 0xee01e801, 0xa802f401, 0x0002fa01, 
    0x0602a802, 0xa8020c02, 0x18021202, 0x1e02a802, 0xa8022402, 0x6401a802, 0x2a026a01, 0x94018e01, 0xac013002, 0x3002a802, 0xbe01b801, 0xe2013002, 0x3602e801, 0xa8020c02, 
    0x24023c02, 0x4202a802, 0xbe01b801, 0x0c024802, 0x4e02a802, 0xa802a802, 0xa8025402, 0x5a02a802, 0xa802a802, 0xa8026002, 0x6602a802, 0xa8026c02, 0x78027202, 0x84027e02, 
    0xa802a802, 0x90028a02, 0x9602a802, 0xa802a802, 0xa8026602, 0x9c02a802, 0xa802a802, 0xa8026602, 0x8a02a802, 0xa802a802, 0xa802a202, 0x8a02a802, 0x7e027802, 0x90028402, 
    0x9602a802, 0xa802a802, 0xa8025402, 0x5a02a802, 0xa802a802, 0x01006002, 0x00000fff, 0x1cff0100, 0x01000000, 0x000064ff, 0x06ff0100, 0x0100e001, 0xe00139ff, 0xd1fe0100, 
    0x0100e001, 0xe001cdfe, 0x05ff0100, 0x0100e001, 0x940206ff, 0x4aff0100, 0x01009402, 0x9402d3fe, 0xd5fe0100, 0x01009402, 0x940207ff, 0xe7fe0100, 0x01009402, 0xe001fbfe, 
    0x4b010100, 0x01000000, 0x00007202, 0x4b010100, 0x01009402, 0x00003601, 0x36010100, 0x01009402, 0x94021a01, 0x8f000100, 0x01000000, 0x00002001, 0x13020100, 0x01000000, 
    0x94022601, 0x26010100, 0x01000000, 0x94022b01, 0x64010100, 0x01000000, 0x94026401, 0x8f000100, 0x01000000, 0x0000d200, 0x8f000100, 0x01009402, 0x00004c01, 0x4a010100, 
    0x01009402, 0x00008f01, 0x8f010100, 0x01009402, 0x00008501, 0xbc020100, 0x01000a00, 0x94028501, 0x29010100, 0x01000000, 0x94022901, 0x24010100, 0x01000000, 0x94022501, 
    0x38010100, 0x01000000, 0x94023801, 0x34010100, 0x01000000, 0x94023401, 0x8a010100, 0x01000000, 0x82024800, 0xc1ff0100, 0x01008202, 0x8202e6ff, 0xacff0100, 0x01008202, 
    0x8202ffff, 0x8f000100, 0x01008e03, 0x8e033801, 0x3a010100, 0x0100e001, 0xe0010901, 0x44010100, 0x0100e001, 0xe0018600, 0x18010100, 0x01000000, 0xe0011801, 0x30010100, 
    0x01000000, 0x0a002302, 0x30010100, 0x0100e001, 0xe0011f01, 0x99010100, 0x01000000, 0xe0018f01, 0x86000100, 0x0100ee02, 0xee021f01, 0x00000100, 0x02000000, 0x60030300, 
    0x00006d03, 0x8a037b03, 0x8d030e00, 0x1e008e03, 0x2c000100, 0xd401d301, 0xd701d501, 0xd901d801, 0xdc01db01, 0xdf01de01, 0xe301e101, 0xe601e501, 0xea01e801, 0xec01eb01, 
    0xee01ed01, 0xf001ef01, 0xf201f101, 0xf501f301, 0xfb01f901, 0x0102fd01, 0x09020302, 0x0e020d02, 0x10020f02, 0x12021102, 0x14021302, 0x16021502, 0x18021702, 0x4e0c0100, 
    0x0300640c, 0x8e000c00, 0x02002000, 0x0200f006, 0x0200f006, 0x0200f606, 0x0200fc06, 0x02000207, 0x0200f006, 0x0200f006, 0x0200f006, 0x0200f006, 0x02000807, 0x0000f006, 
    0x0000de06, 0x0100e406, 0x0200ea06, 0x02000e07, 0x02000e07, 0x02001407, 0x02001a07, 0x02002007, 0x02000e07, 0x02002607, 0x02000e07, 0x02000e07, 0x02000e07, 0x02000e07, 
    0x02002c07, 0x0200f006, 0x02000807, 0x0200f006, 0x02003207, 0x0200f006, 0x0f010e07, 0xbc06b606, 0xc806c206, 0xce06ba0b, 0xba0bd406, 0xe006da06, 0xe606ba0b, 0xf206ec06, 
    0xfe06f806, 0x0407ba0b, 0xba0b0a07, 0x16071007, 0x1c07ba0b, 0x28072207, 0x34072e07, 0x3a07ba0b, 0xba0b4007, 0x4c074607, 0x2e07ba0b, 0xba0b5207, 0x16075807, 0x1c07ba0b, 
    0x64075e07, 0x70076a07, 0xe606ba0b, 0xba0b5e07, 0x76076a07, 0x7c07ba0b, 0xba0b8207, 0x8e078807, 0x9407ba0b, 0xa0079a07, 0xb606a607, 0xc206ba0b, 0xba0bac07, 0xb807b207, 
    0xbe07ba0b, 0xba0bc407, 0xd007ca07, 0xd607ba0b, 0xbc06b606, 0xb606dc07, 0xe207bc06, 0xbc06b606, 0xb606e207, 0xe207bc06, 0xbc06b606, 0xb606e807, 0xe207bc06, 0xbc06b606, 
    0xb606c206, 0xe207bc06, 0xbc06b606, 0xee07e207, 0xf407ba0b, 0xba0bee07, 0xd406fa07, 0x0008ba0b, 0xba0bd406, 0xd4060608, 0xda06ba0b, 0xba0bd406, 0xd4060608, 0x0608ba0b, 
    0xba0be006, 0xe006e606, 0x0c08ba0b, 0xba0be006, 0xec06e606, 0x1208f206, 0xf206ec06, 0xec061808, 0x1e08f206, 0xf206ec06, 0xec061808, 0x1808f206, 0xf206ec06, 0xec061808, 
    0x2408f206, 0xf206ec06, 0xec061808, 0x2a08f206, 0xba0b0a07, 0x0a073008, 0x3608ba0b, 0xba0b3c08, 0x0a071007, 0x3608ba0b, 0xba0b1607, 0x48084208, 0x4e082807, 0x28072207, 
    0x22075408, 0x5a082807, 0x28072207, 0x22075a08, 0x5a082807, 0x28072207, 0x22075a08, 0x60082807, 0x28072207, 0x22075a08, 0x2e072807, 0x28072207, 0x34075a08, 0x6608ba0b, 
    0xba0b6c08, 0x4c074607, 0x5408ba0b, 0xba0b4c07, 0x78087208, 0x2e07ba0b, 0xba0b4c07, 0x4c072e07, 0x2e07ba0b, 0xba0b1607, 0x16077e08, 0x4208ba0b, 0xba0b8408, 0x16071c07, 
    0x1c07ba0b, 0xba0b1607, 0x5e074208, 0x8a086407, 0x64075e07, 0x5e079008, 0x30086407, 0x64075e07, 0x5e073008, 0x96086407, 0x64075e07, 0x5e079c08, 0x30086407, 0xba0ba208, 
    0xa208a808, 0xae08ba0b, 0x64075e07, 0xb4083008, 0xba08ba0b, 0xba0b7007, 0x7607e606, 0xc008ba0b, 0xba0b7607, 0xcc08c608, 0x7c07ba0b, 0xba0b8207, 0x8207e207, 0xd208ba0b, 
    0xba0b8207, 0x82078807, 0xd208ba0b, 0xba0bd808, 0xde088807, 0xe408ba0b, 0xba0bea08, 0x8e07f008, 0xf608ba0b, 0xba0b8e07, 0xfc089407, 0x9407ba0b, 0xa0079a07, 0x9a070209, 
    0x0809a007, 0xa0079a07, 0x9a070809, 0x0809a007, 0xa0079a07, 0x9a070e09, 0x1409a007, 0xa0079a07, 0x9a070809, 0x0809a007, 0xa0079a07, 0xac070809, 0x1a09ba0b, 0xba0bac07, 
    0xac072009, 0x2009ba0b, 0xba0bac07, 0xc4072609, 0x2c09ba0b, 0xba0bc407, 0xc4073209, 0x3209ba0b, 0xba0bc407, 0xd0073809, 0x0809ba0b, 0xba0bd007, 0xd0073e09, 0x3e09ba0b, 
    0x28074808, 0x22074409, 0x5a082807, 0x50094a09, 0x5c095609, 0x68096209, 0x74096e09, 0x80097a09, 0x8609ba0b, 0xba0b8c09, 0x80099209, 0x8609ba0b, 0x9e099809, 0xaa09a409, 
    0xb009ba0b, 0xba0b7607, 0xbc09b609, 0xc209ba0b, 0xce09c809, 0xc809d409, 0xd409ba0b, 0xba0bda09, 0xc809e009, 0xd409ba0b, 0xba0be609, 0x7007ec09, 0xf209ba0b, 0xfe09f809, 
    0x80099209, 0x8609ba0b, 0xba0b8009, 0x040a8609, 0x0a0aba0b, 0xba0b100a, 0x1c0a160a, 0x220aba0b, 0x2e0a280a, 0x3a0a340a, 0xe009ba0b, 0xba0b400a, 0x4c0a460a, 0x520aba0b, 
    0xba0b3a0a, 0x5e0a580a, 0x640aba0b, 0x74096e09, 0x6e097a09, 0x6a0a7409, 0x74096e09, 0x6e096a0a, 0x6a0a7409, 0x74096e09, 0x6e09700a, 0x6a0a7409, 0x74096e09, 0x6e097a09, 
    0x6a0a7409, 0x74096e09, 0x7c0a760a, 0x820aba0b, 0xba0b7c0a, 0x8c09820a, 0x9209ba0b, 0xba0b8c09, 0x8c09880a, 0x9209ba0b, 0xba0b8c09, 0x8c09880a, 0x880aba0b, 0xba0b8009, 
    0x98098e0a, 0xa4099e09, 0x9e099809, 0x9809940a, 0x940a9e09, 0x9e099809, 0x9809940a, 0x940a9e09, 0x9e099809, 0x9809940a, 0x9a0a9e09, 0x9e099809, 0xba0b940a, 0xa00aba0b, 
    0xba0b7607, 0x7607a60a, 0xa60aba0b, 0xba0b7607, 0x7607b609, 0xa60aba0b, 0xba0bbc09, 0xc809ac0a, 0xb20ace09, 0xce09c809, 0xc809b20a, 0xd409ce09, 0xce09c809, 0xc809d409, 
    0xd409ce09, 0xce09c809, 0xbe0ab80a, 0xc40ace09, 0xce09c809, 0xc809d409, 0xd409ce09, 0xce09c809, 0xc809ca0a, 0xb20aba0b, 0xba0bc809, 0xd00ad409, 0xe009ba0b, 0xba0bc809, 
    0xc809d60a, 0xdc0aba0b, 0xba0be20a, 0xc809d409, 0xd409ba0b, 0xba0be80a, 0x7007ee0a, 0xf209ba0b, 0xba0b7007, 0xfa0af40a, 0xf209ba0b, 0xba0b7007, 0xf809000b, 0x9209fe09, 
    0xfe09f809, 0xf809060b, 0x880afe09, 0xfe09f809, 0xf809880a, 0x0c0bfe09, 0xfe09f809, 0xf809120b, 0x880afe09, 0xba0bba0b, 0xba0b180b, 0x180bba0b, 0xfe09f809, 0x1e0b060b, 
    0x2a0b240b, 0xba0b8009, 0x040a8609, 0x0a0aba0b, 0xba0b040a, 0x360b300b, 0x0a0aba0b, 0xba0b100a, 0x100a160a, 0x3c0bba0b, 0xba0b100a, 0x100a160a, 0x3c0bba0b, 0xba0b420b, 
    0x480b160a, 0x4e0bba0b, 0xba0b1c0a, 0x1c0a540b, 0x220aba0b, 0xba0b5a0b, 0x280a220a, 0x340a2e0a, 0x2e0a280a, 0x280a600b, 0x660b2e0a, 0x2e0a280a, 0x280a660b, 0x660b2e0a, 
    0x2e0a280a, 0x280a6c0b, 0x720b2e0a, 0x2e0a280a, 0x280a660b, 0x660b2e0a, 0x2e0a280a, 0x400a600b, 0x460aba0b, 0xba0b400a, 0x400a780b, 0x780bba0b, 0xba0b400a, 0x3a0a7e0b, 
    0x580aba0b, 0xba0b3a0a, 0x3a0a840b, 0x840bba0b, 0xba0b3a0a, 0x5e0a8a0b, 0x640aba0b, 0xba0b5e0a, 0x5e0a900b, 0x900bba0b, 0xce09be0a, 0xc809960b, 0xd409ce09, 0x9c0b8009, 
    0xa80ba20b, 0xa409ba0b, 0x9c0b8009, 0x8009a20b, 0xae0b9c0b, 0x9c0b8009, 0x8009ae0b, 0xae0b9c0b, 0x9c0b8009, 0x8009b40b, 0xae0b9c0b, 0x9c0b8009, 0x8009a20b, 0xae0b9c0b, 
    0x9c0b8009, 0xa80bae0b, 0xa409ba0b, 0xba0ba80b, 0xa80b940a, 0x940aba0b, 0xba0ba80b, 0x01009a0a, 0x00000fff, 0x1cff0100, 0x01000000, 0x000064ff, 0x06ff0100, 0x0100e001, 
    0xe00139ff, 0xd1fe0100, 0x0100e001, 0xe001cdfe, 0x05ff0100, 0x0100e001, 0x940206ff, 0x4aff0100, 0x01009402, 0x9402d3fe, 0xd5fe0100, 0x01009402, 0x940207ff, 0xe7fe0100, 
    0x01009402, 0xe001fbfe, 0x4b010100, 0x01000000, 0x00007202, 0x4b010100, 0x01009402, 0x00003601, 0x36010100, 0x01009402, 0x00007a01, 0x85010100, 0x01009b02, 0x00005901, 
    0x29010100, 0x01009402, 0x00002001, 0x13020100, 0x01000000, 0x94022601, 0x0b010100, 0x01000000, 0x94020b01, 0x7d010100, 0x01000000, 0x94028401, 0x64010100, 0x01000000, 
    0x94026401, 0x8f000100, 0x01000000, 0x0000d200, 0x8f000100, 0x01009402, 0x0000c300, 0xe4000100, 0x01009402, 0x00004c01, 0x4a010100, 0x01009402, 0x00001a01, 0x8f010100, 
    0x01000000, 0x94028f01, 0x85010100, 0x01000000, 0x0a00bc02, 0x85010100, 0x01009402, 0x00002901, 0x3c010100, 0x01000000, 0x94021201, 0x1d010100, 0x01000000, 0x94021801, 
    0x24010100, 0x01000000, 0x94022501, 0x5e010100, 0x01000000, 0x0000b301, 0x5e010100, 0x01009402, 0x00000602, 0x06020100, 0x01009402, 0x00003401, 0x34010100, 0x01009402, 
    0x00003801, 0x37010100, 0x01009402, 0x00002601, 0x2b010100, 0x01009402, 0x8e037e01, 0x4b010100, 0x01008e03, 0x8e030601, 0xab010100, 0x01000000, 0x9402a501, 0xd8010100, 
    0x01008e03, 0x9503b801, 0x85010100, 0x01009503, 0x8e032801, 0x59010100, 0x01008e03, 0x8e032601, 0x25010100, 0x01008e03, 0x8e03e200, 0x1f010100, 0x01009402, 0x8e038501, 
    0x84010100, 0x01008e03, 0x24ff7b01, 0x64010100, 0x01008e03, 0x0000e001, 0x01020100, 0x01009402, 0x8e03c200, 0x8f000100, 0x01008e03, 0x8e034b00, 0xe4000100, 0x01008e03, 
    0x24ff4a01, 0xb8010100, 0x01008202, 0x24ff1801, 0x97010100, 0x01008e03, 0x24ff6201, 0xb8010100, 0x01008e03, 0x8e038601, 0x41010100, 0x01008e03, 0x8e03b601, 0x86010100, 
    0x01000000, 0x94028601, 0xb9010100, 0x01008e03, 0x00002502, 0x4f020100, 0x01009402, 0x8e034501, 0x11010100, 0x01008e03, 0x24ff3a01, 0x18010100, 0x01008e03, 0x24ff1b01, 
    0x6d010100, 0x01000000, 0x94026d01, 0x6f010100, 0x01000000, 0x94026f01, 0x24010100, 0x01008e03, 0x24ff2201, 0x91010100, 0x01008e03, 0x8e035e01, 0x1a010100, 0x01008e03, 
    0x8e038f01, 0x39020100, 0x01008e03, 0x8e030602, 0xc2010100, 0x01008e03, 0x8e036a01, 0x37010100, 0x01008e03, 0x8e03f300, 0x2b010100, 0x01008e03, 0x8e033402, 0xd7000100, 
    0x01000000, 0x0a008201, 0xd7000100, 0x01009402, 0x0000fc00, 0xc6010100, 0x01000a00, 0x9402fc00, 0x11010100, 0x01000000, 0x0000e201, 0x0f010100, 0x0100e001, 0x00003b01, 
    0x3b010100, 0x0100e001, 0x00003501, 0x30010100, 0x0100e001, 0x00002d01, 0x88010100, 0x01000000, 0xe0012a01, 0xab000100, 0x01000000, 0xe001ab00, 0x35010100, 0x0100e001, 
    0x00002501, 0xca000100, 0x0100ee02, 0x00008700, 0xca000100, 0x01000000, 0xee028700, 0x1c010100, 0x01000000, 0xe0011801, 0xbe010100, 0x01000000, 0xe001be01, 0x19010100, 
    0x0100e001, 0x00003001, 0x23020100, 0x01000a00, 0x00008600, 0xbf000100, 0x0100e001, 0x0000eb00, 0xe8000100, 0x0100e001, 0x0000e600, 0xd0000100, 0x0100e001, 0x00002301, 
    0x71010100, 0x01000000, 0xe0012201, 0x18010100, 0x01000000, 0x0000ad01, 0xac010100, 0x0100e001, 0x00000a01, 0x0a010100, 0x0100e001, 0xe0011601, 0xea000100, 0x01000000, 
    0xe001ee00, 0x0f010100, 0x0100ee02, 0xee02d900, 0x10010100, 0x0100ee02, 0x0000b701, 0xb0010100, 0x0100e001, 0xee023001, 0xc7020100, 0x0100ee02, 0xee022a01, 0xf4000100, 
    0x0100ee02, 0xe0011d01, 0x35010100, 0x0100ee02, 0xe803ca00, 0x87000100, 0x0100e001, 0xee025100, 0x94010100, 0x01000000, 0xee029401, 0x88000100, 0x0100ee02, 0x24ff1a01, 
    0xba000100, 0x0100e803, 0xee025f01, 0x85000100, 0x010024ff, 0x00009f00, 0x9f000100, 0x0100ee02, 0xee021901, 0x27010100, 0x010024ff, 0xee021a01, 0x31010100, 0x0100ee02, 
    0xee02fa00, 0x69010100, 0x0100ee02, 0xe0013301, 0xd7010100, 0x01000000, 0x0000fd02, 0xd7010100, 0x0100e001, 0xee02bf00, 0x84000100, 0x010024ff, 0xee02e800, 0xe9000100, 
    0x010024ff, 0x00004501, 0x45010100, 0x0100e001, 0xee027801, 0xe4000100, 0x010024ff, 0xee022301, 0x22010100, 0x0100ee02, 0xee02ec00, 0x5b010100, 0x0100ee02, 0xee02ac01, 
    0x76010100, 0x0100ee02, 0xee021601, 0xe0000100, 0x0100ee02, 0xee02ee00, 0x94010100, 0x0100e001, 0x00003202, 0x38010100, 0x0100e001, 0x00002701, 0x38010100, 0x0100ee02, 
    0xee020201, 0x00000100, 0x02000000, 0x60030300, 0x00006d03, 0x8a037b03, 0x8d030e00, 0x1e008e03, 0x0b000200, 0x3b000200, 0x3d000000, 0x3a006900, 0x74006b00, 0x76006700, 
    0x7100b000, 0xb200b200, 0xb400ac00, 0xad00bc00, 0xc100be00, 0xc300b600, 0xba00d800, 0xef00da00, 0xf100d000, 0xe600fb00, 0x1a01fd00, 0x0000f100, 0x00000100, 0x9a030a00, 
    0x04005016, 0x544c4644, 0x79631a00, 0x52006c72, 0x6b657267, 0x616c0201, 0x3a016e74, 0x00000400, 0xffff0000, 0x00001700, 0x1e000f00, 0x3c002d00, 0x5a004b00, 0x84006900, 
    0xa2009300, 0xc000b100, 0xde00cf00, 0xfc00ed00, 0x1a010b01, 0x38012901, 0x56014701, 0x02001000, 0x20524742, 0x52534400, 0x7a002042, 0xffff0000, 0x01001700, 0x1f001000, 
    0x3d002e00, 0x5b004c00, 0x85006a00, 0xa3009400, 0xc100b200, 0xdf00d000, 0xfd00ee00, 0x1b010c01, 0x39012a01, 0x57014801, 0xffff0000, 0x02001800, 0x20001100, 0x3e002f00, 
    0x5c004d00, 0x78006b00, 0x95008600, 0xb300a400, 0xd100c200, 0xef00e000, 0x0d01fe00, 0x2b011c01, 0x49013a01, 0x00005801, 0x1800ffff, 0x12000300, 0x30002100, 0x4e003f00, 
    0x6c005d00, 0x87007900, 0xa5009600, 0xc300b400, 0xe100d200, 0xff00f000, 0x1d010e01, 0x3b012c01, 0x59014a01, 0x00000400, 0xffff0000, 0x04001700, 0x22001300, 0x40003100, 
    0x5e004f00, 0x88006d00, 0xa6009700, 0xc400b500, 0xe200d300, 0x0001f100, 0x1e010f01, 0x3c012d01, 0x5a014b01, 0x09003a00, 0x20455a41, 0x41437000, 0xa6002054, 0x20545243, 
    0x414bdc00, 0x1201205a, 0x204c4f4d, 0x4c4e4801, 0x7e012044, 0x204d4f52, 0x4154b401, 0xea012054, 0x204b5254, 0x00002002, 0x1800ffff, 0x14000500, 0x32002300, 0x50004100, 
    0x6e005f00, 0x89007a00, 0xa7009800, 0xc500b600, 0xe300d400, 0x0101f200, 0x1f011001, 0x3d012e01, 0x5b014c01, 0xffff0000, 0x06001800, 0x24001500, 0x42003300, 0x60005100, 
    0x7b006f00, 0x99008a00, 0xb700a800, 0xd500c600, 0xf300e400, 0x11010201, 0x2f012001, 0x4d013e01, 0x00005c01, 0x1800ffff, 0x16000700, 0x34002500, 0x52004300, 0x70006100, 
    0x8b007c00, 0xa9009a00, 0xc700b800, 0xe500d600, 0x0301f400, 0x21011201, 0x3f013001, 0x5d014e01, 0xffff0000, 0x08001800, 0x26001700, 0x44003500, 0x62005300, 0x7d007100, 
    0x9b008c00, 0xb900aa00, 0xd700c800, 0xf500e600, 0x13010401, 0x31012201, 0x4f014001, 0x00005e01, 0x1800ffff, 0x18000900, 0x36002700, 0x54004500, 0x72006300, 0x8d007e00, 
    0xab009c00, 0xc900ba00, 0xe700d800, 0x0501f600, 0x23011401, 0x41013201, 0x5f015001, 0xffff0000, 0x0a001800, 0x28001900, 0x46003700, 0x64005500, 0x7f007300, 0x9d008e00, 
    0xbb00ac00, 0xd900ca00, 0xf700e800, 0x15010601, 0x33012401, 0x51014201, 0x00006001, 0x1800ffff, 0x1a000b00, 0x38002900, 0x56004700, 0x74006500, 0x8f008000, 0xad009e00, 
    0xcb00bc00, 0xe900da00, 0x0701f800, 0x25011601, 0x43013401, 0x61015201, 0xffff0000, 0x0c001800, 0x2a001b00, 0x48003900, 0x66005700, 0x81007500, 0x9f009000, 0xbd00ae00, 
    0xdb00cc00, 0xf900ea00, 0x17010801, 0x35012601, 0x53014401, 0x00006201, 0x1800ffff, 0x1c000d00, 0x3a002b00, 0x58004900, 0x76006700, 0x91008200, 0xaf00a000, 0xcd00be00, 
    0xeb00dc00, 0x0901fa00, 0x27011801, 0x45013601, 0x63015401, 0xffff0000, 0x0e001800, 0x2c001d00, 0x4a003b00, 0x68005900, 0x83007700, 0xa1009200, 0xbf00b000, 0xdd00ce00, 
    0xfb00ec00, 0x19010a01, 0x37012801, 0x55014601, 0x65016401, 0x746c6161, 0x61616008, 0x6808746c, 0x746c6161, 0x61617008, 0x7808746c, 0x746c6161, 0x61618008, 0x8808746c, 
    0x746c6161, 0x61619008, 0x9808746c, 0x746c6161, 0x6161a008, 0xa808746c, 0x746c6161, 0x6161b008, 0xb808746c, 0x746c6161, 0x6161c008, 0xc808746c, 0x746c6161, 0x6163d008, 
    0xd808746c, 0x746c6163, 0x6163e008, 0xe808746c, 0x746c6163, 0x6163f008, 0xf808746c, 0x746c6163, 0x61630009, 0x0809746c, 0x746c6163, 0x61631009, 0x1809746c, 0x746c6163, 
    0x61632009, 0x2809746c, 0x746c6163, 0x61633009, 0x3809746c, 0x746c6163, 0x61634009, 0x4809746c, 0x65736163, 0x61635009, 0x56096573, 0x65736163, 0x61635c09, 0x62096573, 
    0x65736163, 0x61636809, 0x6e096573, 0x65736163, 0x61637409, 0x7a096573, 0x65736163, 0x61638009, 0x86096573, 0x65736163, 0x61638c09, 0x92096573, 0x65736163, 0x61639809, 
    0x9e096573, 0x65736163, 0x6363a409, 0xaa09706d, 0x706d6363, 0x6363b209, 0xba09706d, 0x706d6363, 0x6363c209, 0xca09706d, 0x706d6363, 0x6363d809, 0xe009706d, 0x706d6363, 
    0x6363e809, 0xf009706d, 0x706d6363, 0x6363f809, 0x000a706d, 0x706d6363, 0x6363080a, 0x100a706d, 0x706d6363, 0x6363180a, 0x200a706d, 0x6d6f6e64, 0x6e64280a, 0x2e0a6d6f, 
    0x6d6f6e64, 0x6e64340a, 0x3a0a6d6f, 0x6d6f6e64, 0x6e64400a, 0x460a6d6f, 0x6d6f6e64, 0x6e644c0a, 0x520a6d6f, 0x6d6f6e64, 0x6e64580a, 0x5e0a6d6f, 0x6d6f6e64, 0x6e64640a, 
    0x6a0a6d6f, 0x6d6f6e64, 0x6e64700a, 0x760a6d6f, 0x6d6f6e64, 0x72667c0a, 0x820a6361, 0x63617266, 0x7266a00a, 0xbe0a6361, 0x63617266, 0x7266dc0a, 0xfa0a6361, 0x63617266, 
    0x7266180b, 0x360b6361, 0x63617266, 0x7266540b, 0x720b6361, 0x63617266, 0x7266900b, 0xae0b6361, 0x63617266, 0x7266cc0b, 0xea0b6361, 0x63617266, 0x7266080c, 0x260c6361, 
    0x6167696c, 0x696c440c, 0x4a0c6167, 0x6167696c, 0x696c500c, 0x560c6167, 0x6167696c, 0x696c5c0c, 0x620c6167, 0x6167696c, 0x696c680c, 0x6e0c6167, 0x6167696c, 0x696c740c, 
    0x7a0c6167, 0x6167696c, 0x696c800c, 0x860c6167, 0x6167696c, 0x696c8c0c, 0x920c6167, 0x6167696c, 0x6e6c980c, 0x9e0c6d75, 0x6d756e6c, 0x6e6ca40c, 0xaa0c6d75, 0x6d756e6c, 
    0x6e6cb00c, 0xb60c6d75, 0x6d756e6c, 0x6e6cbc0c, 0xc20c6d75, 0x6d756e6c, 0x6e6cc80c, 0xce0c6d75, 0x6d756e6c, 0x6e6cd40c, 0xda0c6d75, 0x6d756e6c, 0x6e6ce00c, 0xe60c6d75, 
    0x6d756e6c, 0x6e6cec0c, 0xf20c6d75, 0x6c636f6c, 0x6f6cf80c, 0xfe0c6c63, 0x6c636f6c, 0x6f6c040d, 0x0a0d6c63, 0x6c636f6c, 0x6f6c120d, 0x1a0d6c63, 0x6c636f6c, 0x6f6c220d, 
    0x2a0d6c63, 0x6c636f6c, 0x6f6c320d, 0x3a0d6c63, 0x6c636f6c, 0x6f6c420d, 0x4a0d6c63, 0x726d756e, 0x756e520d, 0x580d726d, 0x726d756e, 0x756e5e0d, 0x640d726d, 0x726d756e, 
    0x756e6a0d, 0x700d726d, 0x726d756e, 0x756e760d, 0x7c0d726d, 0x726d756e, 0x756e820d, 0x880d726d, 0x726d756e, 0x756e8e0d, 0x940d726d, 0x726d756e, 0x756e9a0d, 0xa00d726d, 
    0x726d756e, 0x6e6fa60d, 0xac0d6d75, 0x6d756e6f, 0x6e6fb20d, 0xb80d6d75, 0x6d756e6f, 0x6e6fbe0d, 0xc40d6d75, 0x6d756e6f, 0x6e6fca0d, 0xd00d6d75, 0x6d756e6f, 0x6e6fd60d, 
    0xdc0d6d75, 0x6d756e6f, 0x6e6fe20d, 0xe80d6d75, 0x6d756e6f, 0x6e6fee0d, 0xf40d6d75, 0x6d756e6f, 0x6e6ffa0d, 0x000e6d75, 0x6e64726f, 0x726f060e, 0x0e0e6e64, 0x6e64726f, 
    0x726f160e, 0x1e0e6e64, 0x6e64726f, 0x726f260e, 0x2e0e6e64, 0x6e64726f, 0x726f360e, 0x3e0e6e64, 0x6e64726f, 0x726f460e, 0x4e0e6e64, 0x6e64726f, 0x726f560e, 0x5e0e6e64, 
    0x6e64726f, 0x726f660e, 0x6e0e6e64, 0x6e64726f, 0x6e70760e, 0x7e0e6d75, 0x6d756e70, 0x6e70840e, 0x8a0e6d75, 0x6d756e70, 0x6e70900e, 0x960e6d75, 0x6d756e70, 0x6e709c0e, 
    0xa20e6d75, 0x6d756e70, 0x6e70a80e, 0xae0e6d75, 0x6d756e70, 0x6e70b40e, 0xba0e6d75, 0x6d756e70, 0x6e70c00e, 0xc60e6d75, 0x6d756e70, 0x6e70cc0e, 0xd20e6d75, 0x746c6173, 
    0x6173d80e, 0xde0e746c, 0x746c6173, 0x6173e40e, 0xea0e746c, 0x746c6173, 0x6173f00e, 0xf60e746c, 0x746c6173, 0x6173fc0e, 0x020f746c, 0x746c6173, 0x6173080f, 0x0e0f746c, 
    0x746c6173, 0x6173140f, 0x1a0f746c, 0x746c6173, 0x6173200f, 0x260f746c, 0x746c6173, 0x69732c0f, 0x320f666e, 0x666e6973, 0x6973380f, 0x3e0f666e, 0x666e6973, 0x6973440f, 
    0x4a0f666e, 0x666e6973, 0x6973500f, 0x560f666e, 0x666e6973, 0x69735c0f, 0x620f666e, 0x666e6973, 0x6973680f, 0x6e0f666e, 0x666e6973, 0x6973740f, 0x7a0f666e, 0x666e6973, 
    0x6973800f, 0x860f666e, 0x31307373, 0x73738c0f, 0x920f3130, 0x31307373, 0x7373980f, 0x9e0f3130, 0x31307373, 0x7373a40f, 0xaa0f3130, 0x31307373, 0x7373b00f, 0xb60f3130, 
    0x31307373, 0x7373bc0f, 0xc20f3130, 0x31307373, 0x7373c80f, 0xce0f3130, 0x31307373, 0x7373d40f, 0xda0f3130, 0x31307373, 0x7373e00f, 0xe60f3230, 0x32307373, 0x7373ec0f, 
    0xf20f3230, 0x32307373, 0x7373f80f, 0xfe0f3230, 0x32307373, 0x73730410, 0x0a103230, 0x32307373, 0x73731010, 0x16103230, 0x32307373, 0x73731c10, 0x22103230, 0x32307373, 
    0x73732810, 0x2e103230, 0x32307373, 0x73733410, 0x3a103230, 0x33307373, 0x73734010, 0x46103330, 0x33307373, 0x73734c10, 0x52103330, 0x33307373, 0x73735810, 0x5e103330, 
    0x33307373, 0x73736410, 0x6a103330, 0x33307373, 0x73737010, 0x76103330, 0x33307373, 0x73737c10, 0x82103330, 0x33307373, 0x73738810, 0x8e103330, 0x33307373, 0x73739410, 
    0x9a103430, 0x34307373, 0x7373a010, 0xa6103430, 0x34307373, 0x7373ac10, 0xb2103430, 0x34307373, 0x7373b810, 0xbe103430, 0x34307373, 0x7373c410, 0xca103430, 0x34307373, 
    0x7373d010, 0xd6103430, 0x34307373, 0x7373dc10, 0xe2103430, 0x34307373, 0x7373e810, 0xee103430, 0x35307373, 0x7373f410, 0xfa103530, 0x35307373, 0x73730011, 0x06113530, 
    0x35307373, 0x73730c11, 0x12113530, 0x35307373, 0x73731811, 0x1e113530, 0x35307373, 0x73732411, 0x2a113530, 0x35307373, 0x73733011, 0x36113530, 0x35307373, 0x73733c11, 
    0x42113530, 0x35307373, 0x75734811, 0x4e117362, 0x73627573, 0x75735411, 0x5a117362, 0x73627573, 0x75736011, 0x66117362, 0x73627573, 0x75736c11, 0x72117362, 0x73627573, 
    0x75737811, 0x7e117362, 0x73627573, 0x75738411, 0x8a117362, 0x73627573, 0x75739011, 0x96117362, 0x73627573, 0x75739c11, 0xa2117362, 0x73707573, 0x7573a811, 0xae117370, 
    0x73707573, 0x7573b411, 0xba117370, 0x73707573, 0x7573c011, 0xc6117370, 0x73707573, 0x7573cc11, 0xd2117370, 0x73707573, 0x7573d811, 0xde117370, 0x73707573, 0x7573e411, 
    0xea117370, 0x73707573, 0x7573f011, 0xf6117370, 0x73707573, 0x6e74fc11, 0x02126d75, 0x6d756e74, 0x6e740812, 0x0e126d75, 0x6d756e74, 0x6e741412, 0x1a126d75, 0x6d756e74, 
    0x6e742012, 0x26126d75, 0x6d756e74, 0x6e742c12, 0x32126d75, 0x6d756e74, 0x6e743812, 0x3e126d75, 0x6d756e74, 0x6e744412, 0x4a126d75, 0x6d756e74, 0x6e745012, 0x56126d75, 
    0x6f72657a, 0x657a5c12, 0x62126f72, 0x6f72657a, 0x657a6812, 0x6e126f72, 0x6f72657a, 0x657a7412, 0x7a126f72, 0x6f72657a, 0x657a8012, 0x86126f72, 0x6f72657a, 0x657a8c12, 
    0x92126f72, 0x6f72657a, 0x657a9812, 0x9e126f72, 0x6f72657a, 0x657aa412, 0xaa126f72, 0x6f72657a, 0x0000b012, 0x00000200, 0x00000100, 0x00000200, 0x00000100, 0x00000200, 
    0x00000100, 0x00000200, 0x00000100, 0x00000200, 0x00000100, 0x00000200, 0x00000100, 0x00000200, 0x00000100, 0x00000200, 0x00000100, 0x00000200, 0x00000100, 0x00000200, 
    0x00000100, 0x00000200, 0x00000100, 0x00000200, 0x00000100, 0x00000200, 0x00000100, 0x00000200, 0x00000100, 0x00000200, 0x00000100, 0x13000200, 0x00001400, 0x13000200, 
    0x00001400, 0x13000200, 0x00001400, 0x13000200, 0x00001400, 0x13000200, 0x00001400, 0x13000200, 0x00001400, 0x13000200, 0x00001400, 0x13000200, 0x00001400, 0x13000200, 
    0x00001400, 0x13000200, 0x00001400, 0x13000200, 0x00001400, 0x13000200, 0x00001400, 0x13000200, 0x00001400, 0x13000200, 0x00001400, 0x13000200, 0x00001400, 0x2d000100, 
    0x01000000, 0x00002d00, 0x2d000100, 0x01000000, 0x00002d00, 0x2d000100, 0x01000000, 0x00002d00, 0x2d000100, 0x01000000, 0x00002d00, 0x2d000100, 0x01000000, 0x00002d00, 
    0x2d000100, 0x01000000, 0x00002d00, 0x2d000100, 0x01000000, 0x00002d00, 0x2d000100, 0x02000000, 0x03000200, 0x02000000, 0x03000200, 0x02000000, 0x03000200, 0x02000000, 
    0x03000200, 0x05000000, 0x03000200, 0x05000400, 0x00000600, 0x02000200, 0x00000300, 0x02000200, 0x00000300, 0x02000200, 0x00000300, 0x02000200, 0x00000300, 0x02000200, 
    0x00000300, 0x02000200, 0x00000300, 0x02000200, 0x00000300, 0x02000200, 0x00000300, 0x02000200, 0x00000300, 0x02000200, 0x00000300, 0x19000100, 0x01000000, 0x00001900, 
    0x19000100, 0x01000000, 0x00001900, 0x19000100, 0x01000000, 0x00001900, 0x19000100, 0x01000000, 0x00001900, 0x19000100, 0x01000000, 0x00001900, 0x19000100, 0x01000000, 
    0x00001900, 0x19000100, 0x01000000, 0x00001900, 0x19000100, 0x0d000000, 0x1b001a00, 0x1d001c00, 0x1f001e00, 0x21002000, 0x23002200, 0x25002400, 0x00002600, 0x1a000d00, 
    0x1c001b00, 0x1e001d00, 0x20001f00, 0x22002100, 0x24002300, 0x26002500, 0x0d000000, 0x1b001a00, 0x1d001c00, 0x1f001e00, 0x21002000, 0x23002200, 0x25002400, 0x00002600, 
    0x1a000d00, 0x1c001b00, 0x1e001d00, 0x20001f00, 0x22002100, 0x24002300, 0x26002500, 0x0d000000, 0x1b001a00, 0x1d001c00, 0x1f001e00, 0x21002000, 0x23002200, 0x25002400, 
    0x00002600, 0x1a000d00, 0x1c001b00, 0x1e001d00, 0x20001f00, 0x22002100, 0x24002300, 0x26002500, 0x0d000000, 0x1b001a00, 0x1d001c00, 0x1f001e00, 0x21002000, 0x23002200, 
    0x25002400, 0x00002600, 0x1a000d00, 0x1c001b00, 0x1e001d00, 0x20001f00, 0x22002100, 0x24002300, 0x26002500, 0x0d000000, 0x1b001a00, 0x1d001c00, 0x1f001e00, 0x21002000, 
    0x23002200, 0x25002400, 0x00002600, 0x1a000d00, 0x1c001b00, 0x1e001d00, 0x20001f00, 0x22002100, 0x24002300, 0x26002500, 0x0d000000, 0x1b001a00, 0x1d001c00, 0x1f001e00, 
    0x21002000, 0x23002200, 0x25002400, 0x00002600, 0x1a000d00, 0x1c001b00, 0x1e001d00, 0x20001f00, 0x22002100, 0x24002300, 0x26002500, 0x0d000000, 0x1b001a00, 0x1d001c00, 
    0x1f001e00, 0x21002000, 0x23002200, 0x25002400, 0x00002600, 0x1a000d00, 0x1c001b00, 0x1e001d00, 0x20001f00, 0x22002100, 0x24002300, 0x26002500, 0x0d000000, 0x1b001a00, 
    0x1d001c00, 0x1f001e00, 0x21002000, 0x23002200, 0x25002400, 0x00002600, 0x2e000100, 0x01000000, 0x00002e00, 0x2e000100, 0x01000000, 0x00002e00, 0x2e000100, 0x01000000, 
    0x00002e00, 0x2e000100, 0x01000000, 0x00002e00, 0x2e000100, 0x01000000, 0x00002e00, 0x2e000100, 0x01000000, 0x00002e00, 0x2e000100, 0x01000000, 0x00002e00, 0x2e000100, 
    0x01000000, 0x00002900, 0x29000100, 0x01000000, 0x00002900, 0x29000100, 0x01000000, 0x00002900, 0x29000100, 0x01000000, 0x00002900, 0x29000100, 0x01000000, 0x00002900, 
    0x29000100, 0x01000000, 0x00002900, 0x29000100, 0x01000000, 0x00002900, 0x29000100, 0x01000000, 0x00002900, 0x12000100, 0x01000000, 0x00001100, 0x07000100, 0x02000000, 
    0x0b000700, 0x02000000, 0x0f000700, 0x02000000, 0x0c000700, 0x02000000, 0x0a000700, 0x02000000, 0x0d000700, 0x02000000, 0x10000700, 0x02000000, 0x0e000700, 0x02000000, 
    0x09000700, 0x02000000, 0x08000700, 0x01000000, 0x00001800, 0x18000100, 0x01000000, 0x00001800, 0x18000100, 0x01000000, 0x00001800, 0x18000100, 0x01000000, 0x00001800, 
    0x18000100, 0x01000000, 0x00001800, 0x18000100, 0x01000000, 0x00001800, 0x18000100, 0x01000000, 0x00001800, 0x18000100, 0x01000000, 0x00001800, 0x2c000100, 0x01000000, 
    0x00002c00, 0x2c000100, 0x01000000, 0x00002c00, 0x2c000100, 0x01000000, 0x00002c00, 0x2c000100, 0x01000000, 0x00002c00, 0x2c000100, 0x01000000, 0x00002c00, 0x2c000100, 
    0x01000000, 0x00002c00, 0x2c000100, 0x01000000, 0x00002c00, 0x2c000100, 0x02000000, 0x28002700, 0x02000000, 0x28002700, 0x02000000, 0x28002700, 0x02000000, 0x28002700, 
    0x02000000, 0x28002700, 0x02000000, 0x28002700, 0x02000000, 0x28002700, 0x02000000, 0x28002700, 0x02000000, 0x28002700, 0x02000000, 0x28002700, 0x02000000, 0x28002700, 
    0x02000000, 0x28002700, 0x02000000, 0x28002700, 0x02000000, 0x28002700, 0x02000000, 0x28002700, 0x01000000, 0x00002a00, 0x2a000100, 0x01000000, 0x00002a00, 0x2a000100, 
    0x01000000, 0x00002a00, 0x2a000100, 0x01000000, 0x00002a00, 0x2a000100, 0x01000000, 0x00002a00, 0x2a000100, 0x01000000, 0x00002a00, 0x2a000100, 0x01000000, 0x00002a00, 
    0x2a000100, 0x01000000, 0x00002a00, 0x30000100, 0x01000000, 0x00003000, 0x30000100, 0x01000000, 0x00003000, 0x30000100, 0x01000000, 0x00003000, 0x30000100, 0x01000000, 
    0x00003000, 0x30000100, 0x01000000, 0x00003000, 0x30000100, 0x01000000, 0x00003000, 0x30000100, 0x01000000, 0x00003000, 0x30000100, 0x01000000, 0x00001600, 0x16000100, 
    0x01000000, 0x00001600, 0x16000100, 0x01000000, 0x00001600, 0x16000100, 0x01000000, 0x00001600, 0x16000100, 0x01000000, 0x00001600, 0x16000100, 0x01000000, 0x00001600, 
    0x16000100, 0x01000000, 0x00001600, 0x16000100, 0x01000000, 0x00001600, 0x31000100, 0x01000000, 0x00003100, 0x31000100, 0x01000000, 0x00003100, 0x31000100, 0x01000000, 
    0x00003100, 0x31000100, 0x01000000, 0x00003100, 0x31000100, 0x01000000, 0x00003100, 0x31000100, 0x01000000, 0x00003100, 0x31000100, 0x01000000, 0x00003100, 0x31000100, 
    0x01000000, 0x00003200, 0x32000100, 0x01000000, 0x00003200, 0x32000100, 0x01000000, 0x00003200, 0x32000100, 0x01000000, 0x00003200, 0x32000100, 0x01000000, 0x00003200, 
    0x32000100, 0x01000000, 0x00003200, 0x32000100, 0x01000000, 0x00003200, 0x32000100, 0x01000000, 0x00003200, 0x33000100, 0x01000000, 0x00003300, 0x33000100, 0x01000000, 
    0x00003300, 0x33000100, 0x01000000, 0x00003300, 0x33000100, 0x01000000, 0x00003300, 0x33000100, 0x01000000, 0x00003300, 0x33000100, 0x01000000, 0x00003300, 0x33000100, 
    0x01000000, 0x00003300, 0x33000100, 0x01000000, 0x00003400, 0x34000100, 0x01000000, 0x00003400, 0x34000100, 0x01000000, 0x00003400, 0x34000100, 0x01000000, 0x00003400, 
    0x34000100, 0x01000000, 0x00003400, 0x34000100, 0x01000000, 0x00003400, 0x34000100, 0x01000000, 0x00003400, 0x34000100, 0x01000000, 0x00003400, 0x35000100, 0x01000000, 
    0x00003500, 0x35000100, 0x01000000, 0x00003500, 0x35000100, 0x01000000, 0x00003500, 0x35000100, 0x01000000, 0x00003500, 0x35000100, 0x01000000, 0x00003500, 0x35000100, 
    0x01000000, 0x00003500, 0x35000100, 0x01000000, 0x00003500, 0x35000100, 0x01000000, 0x00001500, 0x15000100, 0x01000000, 0x00001500, 0x15000100, 0x01000000, 0x00001500, 
    0x15000100, 0x01000000, 0x00001500, 0x15000100, 0x01000000, 0x00001500, 0x15000100, 0x01000000, 0x00001500, 0x15000100, 0x01000000, 0x00001500, 0x15000100, 0x01000000, 
    0x00001500, 0x17000100, 0x01000000, 0x00001700, 0x17000100, 0x01000000, 0x00001700, 0x17000100, 0x01000000, 0x00001700, 0x17000100, 0x01000000, 0x00001700, 0x17000100, 
    0x01000000, 0x00001700, 0x17000100, 0x01000000, 0x00001700, 0x17000100, 0x01000000, 0x00001700, 0x17000100, 0x01000000, 0x00002b00, 0x2b000100, 0x01000000, 0x00002b00, 
    0x2b000100, 0x01000000, 0x00002b00, 0x2b000100, 0x01000000, 0x00002b00, 0x2b000100, 0x01000000, 0x00002b00, 0x2b000100, 0x01000000, 0x00002b00, 0x2b000100, 0x01000000, 
    0x00002b00, 0x2b000100, 0x01000000, 0x00002b00, 0x2f000100, 0x01000000, 0x00002f00, 0x2f000100, 0x01000000, 0x00002f00, 0x2f000100, 0x01000000, 0x00002f00, 0x2f000100, 
    0x01000000, 0x00002f00, 0x2f000100, 0x01000000, 0x00002f00, 0x2f000100, 0x01000000, 0x00002f00, 0x2f000100, 0x01000000, 0x00002f00, 0x2f000100, 0x78003b00, 0x88008000, 
    0xa0009600, 0xc800aa00, 0xda00d200, 0xea00e200, 0xfa00f200, 0x0a010201, 0x1c011201, 0x2c012401, 0x4c013401, 0x5c015401, 0x6c016401, 0x7c017401, 0xb401ac01, 0xc401bc01, 
    0xd401cc01, 0xe401dc01, 0xf401ec01, 0x0402fc01, 0x16020c02, 0x26021e02, 0x36022e02, 0x46023e02, 0x56024e02, 0x66025e02, 0x76026e02, 0x86027e02, 0x96028e02, 0xa6029e02, 
    0x00000100, 0xca0b0100, 0x00000300, 0xd60c0100, 0x00000600, 0x26020400, 0x4c023802, 0x06005e02, 0x02000000, 0x74026202, 0x00000600, 0x7c020200, 0x06008e02, 0x0c000000, 
    0xb2029602, 0xe402cc02, 0x0e03fa02, 0x44032a03, 0x72035c03, 0x98038603, 0x00000600, 0x8c030200, 0x06009c03, 0x01000000, 0x0100a403, 0x01000000, 0x0100b003, 0x01000000, 
    0x0100b203, 0x01000000, 0x0100b003, 0x01000000, 0x0100ae03, 0x01000000, 0x0100ac03, 0x01000000, 0x0100aa03, 0x01000000, 0x0600b003, 0x02000000, 0xca03b603, 0x00000400, 
    0xd4030100, 0x00000100, 0xea030100, 0x00000100, 0xe8030100, 0x00000600, 0x12040900, 0x3e042604, 0x6c045804, 0x94048004, 0xbc04a804, 0x00000400, 0xb8040100, 0x00000100, 
    0xce040100, 0x00000100, 0xee040100, 0x00000100, 0x0e050100, 0x00000100, 0x2e050100, 0x00000100, 0x2c050100, 0x00000600, 0x2a051500, 0x6e054c05, 0xae058e05, 0xea05cc05, 
    0x22060606, 0x56063c06, 0x86066e06, 0xb2069c06, 0xda06c606, 0xfe06ec06, 0x1e070e07, 0x00000600, 0x02070100, 0x00000600, 0x0c070100, 0x00000600, 0x18070100, 0x00000600, 
    0x26070100, 0x00000600, 0x36070100, 0x00000600, 0x48070100, 0x00000600, 0x5c070100, 0x00000600, 0x72070100, 0x00000600, 0x8a070100, 0x00000600, 0xa4070100, 0x00000600, 
    0xc0070100, 0x00000600, 0xca070100, 0x00000600, 0xd6070200, 0x0400e807, 0x01000000, 0x0100f007, 0x01000000, 0x0100fc07, 0x01000000, 0x0100fa07, 0x01000000, 0x01004008, 
    0x01000000, 0x01008608, 0x01000000, 0x0400ac08, 0x01000000, 0x01000409, 0x01000000, 0x01001609, 0x01000000, 0x01001c09, 0x01000000, 0x01005009, 0x01000000, 0x01008409, 
    0x01000000, 0x0100ae09, 0x01000000, 0x0100ac09, 0x01000000, 0x0100be09, 0x01000000, 0x0400fe0c, 0x01000000, 0x01002c0d, 0x01000000, 0x0100420d, 0x01000000, 0x0100480d, 
    0x01000000, 0x03005e0d, 0x01000000, 0x01007a0d, 0x0100820d, 0x36000000, 0x00000300, 0x680d0100, 0x7a0d0200, 0x0100700d, 0x36000000, 0x01000300, 0x01005c0d, 0x00005c0d, 
    0x00000100, 0x03003600, 0x5c0d0100, 0x4a0d0100, 0x01000000, 0x36000000, 0x00000300, 0x380d0100, 0x600d0100, 0x00000100, 0x03003600, 0x4e0d0100, 0x260d0100, 0x01000000, 
    0x36000000, 0x01000300, 0x0100460d, 0x0000520d, 0x00000100, 0x03003600, 0x460d0100, 0x540d0100, 0x01000000, 0x36000000, 0x00000300, 0x480d0100, 0x520d0600, 0x520d520d, 
    0x520d520d, 0x01007a0d, 0x36000000, 0x00000300, 0x2c0d0100, 0x360d0500, 0x360d360d, 0x5e0d360d, 0x00000100, 0x03003600, 0x01000000, 0x0400120d, 0x1c0d1c0d, 0x440d1c0d, 
    0x00000100, 0x03003600, 0x01000000, 0x0300fa0c, 0x040d040d, 0x01002c0d, 0x36000000, 0x00000300, 0xe40c0100, 0xee0c0200, 0x0100160d, 0x36000000, 0x06000300, 0xda0cda0c, 
    0xda0cda0c, 0x020dda0c, 0xd00c0100, 0x01000000, 0x36000000, 0x05000300, 0xbe0cbe0c, 0xbe0cbe0c, 0x0100e60c, 0x0000b40c, 0x00000100, 0x03003600, 0xa40c0400, 0xa40ca40c, 
    0x0100cc0c, 0x00009a0c, 0x00000100, 0x03003600, 0x8c0c0300, 0xb40c8c0c, 0x820c0100, 0x01000000, 0x36000000, 0x02000300, 0x9e0c760c, 0x6c0c0100, 0x01000000, 0x36000000, 
    0x01000300, 0x01008a0c, 0x0000580c, 0x00000100, 0x03003600, 0x01000000, 0x0100460c, 0x0100780c, 0x36000000, 0x01000300, 0x0100700c, 0x0100800c, 0x0000700c, 0x01000300, 
    0x0100600c, 0x0000700c, 0x00000100, 0x03003600, 0xcc0b0100, 0x640c0100, 0xcc0b0100, 0x00000100, 0x02003600, 0x0200560c, 0x0b018400, 0x540c0100, 0x01007c00, 0x7c004e0c, 
    0x480c0100, 0x01007c00, 0x7c00420c, 0x420c0200, 0x67000400, 0xee006d00, 0x0200f300, 0x0400340c, 0x6d006700, 0xf300ee00, 0x00000300, 0x320c0200, 0x01000c0c, 0x0100320c, 
    0x37000000, 0x00000300, 0x240c0200, 0x0100f80b, 0x0100240c, 0x37000000, 0x160c0100, 0x0a000200, 0x01001400, 0x83000400, 0x0b000200, 0x04000100, 0x02000a01, 0x01009000, 
    0x5c00000c, 0x000c0200, 0x6b011600, 0x6d016c01, 0xba01b901, 0xbc01bb01, 0xbe01bd01, 0xc101c001, 0xc301c201, 0xc501c401, 0xc701c601, 0xc901c801, 0xbb01ca01, 0x03008901, 
    0xfe0b0100, 0x0e0c0100, 0xfe0b0100, 0x00000100, 0x03003800, 0x000c0200, 0x0100ea0b, 0x0200fa0b, 0xea0b000c, 0x00000100, 0x03003800, 0xe80b0300, 0xd20bee0b, 0xe20b0100, 
    0xe80b0200, 0x0100d20b, 0x38000000, 0x01000300, 0x0100b80b, 0x0100dc0b, 0x0100b80b, 0x38000000, 0x01000300, 0x0100ba0b, 0x0100c80b, 0x0100ba0b, 0x38000000, 0x01000300, 
    0x0100900b, 0x0100b40b, 0x0100900b, 0x38000000, 0x01000300, 0x0100920b, 0x0100a00b, 0x0100920b, 0x38000000, 0x00000300, 0x920b0100, 0x660a0200, 0x0100660a, 0x38000000, 
    0x02000300, 0x860b8c0b, 0x780b0100, 0x01000000, 0x39000000, 0x800b0100, 0x0a000200, 0x01001400, 0x1f030400, 0x07030200, 0x04000100, 0x02002303, 0x0200bc02, 0x11006a0b, 
    0x5b025a02, 0x5d025c02, 0x5f025e02, 0x61026002, 0x63026202, 0xd602d502, 0xab02aa02, 0xff021b03, 0x0200fd02, 0x1100420b, 0x5b025a02, 0x5d025c02, 0x5f025e02, 0x61026002, 
    0x63026202, 0xd602d502, 0xab02aa02, 0xff021b03, 0x0200fd02, 0x11001a0b, 0x79027802, 0x7b027a02, 0x7d027c02, 0x7f027e02, 0x81028002, 0xd802d702, 0xb302b202, 0x00031c03, 
    0x0100fe02, 0x5400140b, 0x0e0b0100, 0x03004a00, 0x080b0b00, 0x080b080b, 0x080b080b, 0x080b080b, 0x080b080b, 0x120b080b, 0x120b0100, 0x00000000, 0x00000300, 0xf00a0100, 
    0xe60a0b00, 0xe60ae60a, 0xe60ae60a, 0xe60ae60a, 0xe60ae60a, 0xf00ae60a, 0x03000000, 0xc40a0a00, 0xc40ac40a, 0xc40ac40a, 0xc40ac40a, 0xc40ac40a, 0x0100ce0a, 0x0000ce0a, 
    0x03000000, 0x01000000, 0x0a00ae0a, 0xa40aa40a, 0xa40aa40a, 0xa40aa40a, 0xa40aa40a, 0xae0aa40a, 0x03000000, 0x840a0900, 0x840a840a, 0x840a840a, 0x840a840a, 0x8e0a840a, 
    0x8e0a0100, 0x00000000, 0x00000300, 0x700a0100, 0x660a0900, 0x660a660a, 0x660a660a, 0x660a660a, 0x700a660a, 0x03000000, 0x480a0800, 0x480a480a, 0x480a480a, 0x480a480a, 
    0x0100520a, 0x0000520a, 0x03000000, 0x01000000, 0x0800360a, 0x2c0a2c0a, 0x2c0a2c0a, 0x2c0a2c0a, 0x360a2c0a, 0x03000000, 0x100a0700, 0x100a100a, 0x100a100a, 0x1a0a100a, 
    0x1a0a0100, 0x00000000, 0x00000300, 0x000a0100, 0xf6090700, 0xf609f609, 0xf609f609, 0x000af609, 0x03000000, 0xdc090600, 0xdc09dc09, 0xdc09dc09, 0x0100e609, 0x0000e609, 
    0x03000000, 0x01000000, 0x0600ce09, 0xc409c409, 0xc409c409, 0xce09c409, 0x03000000, 0xac090500, 0xac09ac09, 0xb609ac09, 0xb6090100, 0x00000000, 0x00000300, 0xa0090100, 
    0x96090500, 0x96099609, 0xa0099609, 0x03000000, 0x80090400, 0x80098009, 0x01008a09, 0x00008a09, 0x03000000, 0x01000000, 0x04007609, 0x6c096c09, 0x76096c09, 0x03000000, 
    0x58090300, 0x62095809, 0x62090100, 0x00000000, 0x00000300, 0x50090100, 0x46090300, 0x50094609, 0x03000000, 0x34090200, 0x01003e09, 0x00003e09, 0x03000000, 0x01000000, 
    0x02002e09, 0x2e092409, 0x03000000, 0x14090100, 0x1e090100, 0x14090100, 0x00000100, 0x03003900, 0x01000000, 0x01000009, 0x01001009, 0x39000000, 0x00000300, 0xee080100, 
    0x04090200, 0x0100fe08, 0x39000000, 0x00000300, 0xda080100, 0xf0080300, 0xea08f008, 0x00000100, 0x03003900, 0x01000000, 0x0400c408, 0xda08da08, 0xd408da08, 0x00000100, 
    0x03003900, 0x01000000, 0x0500ac08, 0xc208c208, 0xc208c208, 0x0100bc08, 0x39000000, 0x00000300, 0x92080100, 0xa8080600, 0xa808a808, 0xa808a808, 0x0100a208, 0x39000000, 
    0x00000300, 0x76080100, 0x8c080700, 0x8c088c08, 0x8c088c08, 0x86088c08, 0x00000100, 0x03003900, 0x01000000, 0x08005808, 0x6e086e08, 0x6e086e08, 0x6e086e08, 0x68086e08, 
    0x00000100, 0x03003900, 0x01000000, 0x09003808, 0x4e084e08, 0x4e084e08, 0x4e084e08, 0x4e084e08, 0x01004808, 0x39000000, 0x00000300, 0x16080100, 0x2c080a00, 0x2c082c08, 
    0x2c082c08, 0x2c082c08, 0x2c082c08, 0x01002608, 0x39000000, 0x01000300, 0x01001208, 0x0000f207, 0x00000100, 0x03003a00, 0xe0070100, 0x8c070100, 0xf6070100, 0x00000100, 
    0x03003a00, 0xcc070100, 0xfc070100, 0x01000000, 0x3a000000, 0x01000300, 0x0100ba07, 0x0000f207, 0x00000100, 0x01003a00, 0x0100e807, 0x01000800, 0x5e030400, 0x95000300, 
    0x01009502, 0xe2ffda07, 0xde070200, 0x1a022400, 0x1c021b02, 0x1e021d02, 0x20021f02, 0x22022102, 0x38022302, 0x3a023902, 0x3c023b02, 0x3e023d02, 0x40023f02, 0xdc024102, 
    0xde02dd02, 0xe002df02, 0xe202e102, 0xe402e302, 0xe602e502, 0xe802e702, 0xea02e902, 0x0200eb02, 0x2400a607, 0x44024302, 0x46024502, 0x48024702, 0x4a024902, 0x4c024b02, 
    0x4f024e02, 0x51025002, 0x53025202, 0x55025402, 0x57025602, 0xed02ec02, 0xef02ee02, 0xf102f002, 0xf302f202, 0xf502f402, 0xf702f602, 0xf902f802, 0xfb02fa02, 0x88060200, 
    0x38021400, 0x3a023902, 0x3c023b02, 0x3e023d02, 0x40023f02, 0x4e024102, 0x50024f02, 0x52025102, 0x54025302, 0x56025502, 0x02005702, 0x2d004007, 0x86008500, 0xa502a402, 
    0xa702a602, 0xa902a802, 0xb502b402, 0xb702b602, 0xb902b802, 0xc102c002, 0xc302c202, 0xd102c402, 0xd302d202, 0x2c03d402, 0x30032d03, 0x32033103, 0x34033303, 0x36033503, 
    0x5f033703, 0x7c037b03, 0x7e037d03, 0x80037f03, 0x82038103, 0x84038303, 0x01008503, 0x01002607, 0x02000800, 0x0c000600, 0x02001b01, 0x1c018f00, 0x92000200, 0x12070200, 
    0x59020400, 0x4d024202, 0x02005802, 0x1b001007, 0x0d010c01, 0x0f010e01, 0x11011001, 0x13011201, 0x15011401, 0x17011601, 0x19011801, 0x1f011a01, 0x6c016b01, 0xcd01cc01, 
    0xcf01ce01, 0xd101d001, 0xf401d201, 0x02001902, 0x1b00d406, 0x0d010c01, 0x0f010e01, 0x11011001, 0x13011201, 0x15011401, 0x17011601, 0x19011801, 0x1f011a01, 0x6c016b01, 
    0xcd01cc01, 0xcf01ce01, 0xd101d001, 0xf401d201, 0x02001902, 0x16002a05, 0x6c016b01, 0xb9016d01, 0xbb01ba01, 0xbd01bc01, 0xc001be01, 0xc201c101, 0xc401c301, 0xc601c501, 
    0xc801c701, 0xca01c901, 0x8901bb01, 0xf2040100, 0x02005c00, 0x0a008c05, 0x24023702, 0x26022502, 0x28022702, 0x2a022902, 0x2c022b02, 0x72050100, 0x02001300, 0x87007a06, 
    0x1e01db02, 0x67008400, 0xce006d00, 0x03031e01, 0x0e010d01, 0x10010f01, 0x12011101, 0x14011301, 0x16011501, 0x6800ee00, 0x1701f300, 0x19011801, 0x86001a01, 0x6c016b01, 
    0xcc016d01, 0xb901cb01, 0xbc01ba01, 0xbe01bd01, 0xc101c001, 0xc301c201, 0xce01c401, 0xd001cf01, 0xc601c501, 0xc801c701, 0xca01c901, 0xd201d101, 0x8901bb01, 0xf401f201, 
    0xd301f301, 0xd901d701, 0xe101db01, 0xea01e601, 0xa4021902, 0xa702a502, 0xb602a902, 0xb802b702, 0xc102b902, 0xc302c202, 0xd102c402, 0xd302d202, 0xec02d402, 0xee02ed02, 
    0xf002ef02, 0xf202f102, 0xf402f302, 0xf602f502, 0xf802f702, 0xfa02f902, 0xdc02fb02, 0xde02dd02, 0xe002df02, 0xe202e102, 0xe402e302, 0xe602e502, 0xe802e702, 0xea02e902, 
    0x2c03eb02, 0x30032d03, 0x32033103, 0x34033303, 0x36033503, 0x5f033703, 0x7c037b03, 0x7e037d03, 0x80037f03, 0x82038103, 0x84038303, 0x01008503, 0x37007806, 0x78007400, 
    0x84007e00, 0x90008a00, 0xb600a400, 0xda00c800, 0xfe00ec00, 0x22011001, 0x46013401, 0x54014e01, 0x60015a01, 0x6c016601, 0x78017201, 0x84017e01, 0x92018c01, 0x9e019801, 
    0xaa01a401, 0xb601b001, 0xc201bc01, 0xcc01c801, 0xd401d001, 0xdc01d801, 0xe401e001, 0xec01e801, 0xf801f201, 0x0402fe01, 0x14020c02, 0x22021c02, 0x01002802, 0x02001d01, 
    0x0c011d01, 0xc4000200, 0x02000b01, 0x1f018500, 0xbb010200, 0x0900cd01, 0x78025a02, 0x64026e02, 0x38024302, 0x37025902, 0x08002d02, 0x79025b02, 0x65026f02, 0x39024402, 
    0x2e022402, 0x5c020800, 0x70027a02, 0x45026602, 0x25023a02, 0x08002f02, 0x7b025d02, 0x67027102, 0x3b024602, 0x30022602, 0x5e020800, 0x72027c02, 0x47026802, 0x27023c02, 
    0x08003102, 0x7d025f02, 0x69027302, 0x3d024802, 0x32022802, 0x60020800, 0x74027e02, 0x49026a02, 0x29023e02, 0x08003302, 0x7f026102, 0x6b027502, 0x3f024a02, 0x34022a02, 
    0x62020800, 0x76028002, 0x4b026c02, 0x2b024002, 0x08003502, 0x81026302, 0x6d027702, 0x41024c02, 0x36022c02, 0x1a020300, 0x42024e02, 0x1b020200, 0x02004f02, 0x50021c02, 
    0x1d020200, 0x02005102, 0x52021e02, 0x1f020200, 0x02005302, 0x54022002, 0x21020200, 0x02005502, 0x56022202, 0x23020200, 0x03005702, 0x4e021a02, 0x02004d02, 0x4f021b02, 
    0x1c020200, 0x02005002, 0x51021d02, 0x1e020200, 0x02005202, 0x53021f02, 0x20020200, 0x02005402, 0x55022102, 0x22020200, 0x02005602, 0x57022302, 0x38020200, 0x01005802, 
    0x01003902, 0x01003a02, 0x01003b02, 0x01003c02, 0x01003d02, 0x01003e02, 0x01003f02, 0x01004002, 0x02004102, 0xd702d502, 0xd6020200, 0x0200d802, 0xa602d902, 0x82020200, 
    0x0300a802, 0xb202aa02, 0x0300b402, 0xb302ab02, 0x0300b502, 0x0203bc02, 0x0200c002, 0x1c031b03, 0xff020200, 0x02000003, 0xfe02fd02, 0xae040200, 0xc4001800, 0x6800ce00, 
    0xf301f201, 0xd701d301, 0xdb01d901, 0xe601e101, 0xd902ea01, 0x7c037b03, 0x7e037d03, 0x80037f03, 0x82038103, 0x84038303, 0x01008503, 0x0200a604, 0x14000a00, 0x04000100, 
    0x02004d00, 0x01009e02, 0xd4000400, 0x9e020200, 0x90040200, 0x03030400, 0xa502a402, 0x0200bc02, 0x0c008e04, 0x6f026e02, 0x71027002, 0x73027202, 0x75027402, 0x77027602, 
    0x02038202, 0x86040200, 0xdb020f00, 0x1e011d01, 0x1e011d01, 0x65026402, 0x67026602, 0x69026802, 0x6b026a02, 0x6d026c02, 0x02000100, 0x90008f00, 0x01000200, 0x6a036003, 
    0x01000000, 0x6c030200, 0x02006d03, 0x02000300, 0x00008600, 0x6d012001, 0xd3018500, 0xd300f401, 0x01000200, 0x85037b03, 0x01000000, 0xeb010400, 0xef01ec01, 0x0100f001, 
    0xdb010100, 0x05000100, 0xec01eb01, 0xef01ed01, 0x0100f101, 0xe6010100, 0x01000200, 0xf101eb01, 0x02000000, 0x01000600, 0x00000100, 0xa5029502, 0xac020100, 0x1200b102, 
    0xbd02ba02, 0xbf021800, 0x1c00bf02, 0xd002c502, 0x02001d00, 0xd3010100, 0x0000ea01, 0x02000200, 0xf301d301, 0xf5010000, 0x21001802, 0x01000100, 0x01009e02, 0xef000100, 
    0x02000100, 0x8f004300, 0x01000100, 0x01008f00, 0x65000400, 0xec006c00, 0x0100f200, 0x92000100, 0x01000100, 0x01000d00, 0x3f000200, 0x0100c500, 0x6f010100, 0x16000100, 
    0x31012601, 0x70013b01, 0x74017101, 0x79017801, 0x7c017a01, 0x7f017d01, 0x86018301, 0x8d018c01, 0x90018e01, 0x9c019101, 0xd001cd01, 0x02000200, 0x23021a02, 0x43020000, 
    0x0a004c02, 0x01000100, 0x01009e00, 0x01000100, 0x02000100, 0x57035603, 0x01000100, 0x0100ba02, 0x9b020200, 0x01009d02, 0x01030100, 0x02000100, 0x5803a202, 0x02000100, 
    0x0803bc02, 0x05000200, 0x23021a02, 0x95020000, 0x0a009602, 0xad02ac02, 0x01030c00, 0x0e000203, 0x05030503, 0x02001000, 0x1a020100, 0x00002302, 0x01000100, 0x0100a202, 
    0x82020100, 0x01000200, 0x77026e02, 0x02000000, 0x64020200, 0x00006d02, 0x82028202, 0x01000a00, 0x02000200, 0x01008700, 0x10000200, 0x01009500, 0x0f000100, 0x01000200, 
    0x41023802, 0x02000000, 0x43020300, 0x00004c02, 0x57024e02, 0xec020a00, 0x1400fb02, 0x03000200, 0x23021a02, 0x38020000, 0x0a004102, 0xeb02dc02, 0x02001400, 0x1d010b00, 
    0x00001e01, 0x9b029b02, 0x9d020200, 0x03009f02, 0xa302a202, 0xac020600, 0x0800b102, 0xbe02ba02, 0xcb020e00, 0x1300ce02, 0x2f032e03, 0x3c031700, 0x19004303, 0x50035003, 
    0x60032100, 0x22006a03, 0x01000100, 0x01008c00, 0x1a020400, 0x43023802, 0x01004e02, 0x87001b00, 0xa1009f00, 0xa300a200, 0xa500a400, 0xa700a600, 0xa900a800, 0x04010301, 
    0x06010501, 0x26011d01, 0x6e013101, 0x87017401, 0x89018801, 0xb801b701, 0x0202e001, 0x87000100, 0x10000100, 0x65004300, 0x90006c00, 0x9e009500, 0xa1009f00, 0xa300a200, 
    0xa500a400, 0xa700a600, 0xa900a800, 0xef00ec00, 0x0301f200, 0x05010401, 0x1e010601, 0x31012601, 0x6e013b01, 0x70016f01, 0x78017101, 0x7a017901, 0x7d017c01, 0x83017f01, 
    0x87018601, 0x89018801, 0x8d018c01, 0x90018e01, 0x9c019101, 0xb801b701, 0xd001cd01, 0xe001db01, 0xeb01e601, 0xed01ec01, 0xef01ee01, 0xf101f001, 0x9b020202, 0x9f029d02, 
    0xae02a302, 0xb002af02, 0xbb02b102, 0xbd02bc02, 0xcb02be02, 0xcd02cc02, 0xdc02ce02, 0xde02dd02, 0xe002df02, 0xe202e102, 0xe402e302, 0xe602e502, 0xe802e702, 0xea02e902, 
    0xec02eb02, 0xee02ed02, 0xf002ef02, 0xf202f102, 0xf402f302, 0xf602f502, 0xf802f702, 0xfa02f902, 0x2e03fb02, 0x3c032f03, 0x3e033d03, 0x40033f03, 0x42034103, 0x50034303, 
    0x61036003, 0x63036203, 0x65036403, 0x67036603, 0x69036803, 0x02006a03, 0x02001000, 0x00000200, 0x87008700, 0x8f000100, 0x02008f00, 0x1d011d01, 0x74010300, 0x04007401, 
    0x23021a02, 0x38020500, 0x0f004102, 0x4c024302, 0x4e021900, 0x23005702, 0x96029502, 0x9e022d00, 0x2f009e02, 0xa202a202, 0xac023000, 0x3100ad02, 0xba02ba02, 0x01033300, 
    0x34000203, 0x05030503, 0x02003600, 0x8f000700, 0x00009000, 0xef00ef00, 0xdb010200, 0x0300db01, 0xe601e601, 0xeb010400, 0x0500f101, 0x9e029e02, 0x60030c00, 0x0d006a03, 
    0x02000100, 0x92000d00, 0x04000100, 0x9b029e00, 0xba029d02, 0x03000200, 0x23021a02, 0xa2020000, 0x0a00a202, 0xba02ba02, 0x02000b00, 0x01000500, 0x00000200, 0x10001000, 
    0x87000200, 0x03008700, 0x95009500, 0x1a020400, 0x05002302, 0x59020300, 0x0500bc02, 0x8a020800, 0x00005802, 0x8a024b00, 0x00005802, 0x57005e01, 0x00002001, 0x00080000, 
    0x00000000, 0x00000000, 0x00008702, 0x00000100, 0x00000000, 0x414d0000, 0x20004554, 0x02fb2000, 0x40ff2803, 0xe8030101, 0x00200101, 0x00009f00, 0xe0010000, 0x00009402, 
    0x0c002000, 0x02000000, 0x03000000, 0x14000000, 0x01000300, 0x14000000, 0xb4070400, 0xee000000, 0x06008000, 0x2f006e00, 0x40003900, 0x60005a00, 0x7e007a00, 0x48013701, 
    0x8f017e01, 0xd4019201, 0x1b02ff01, 0x59023702, 0xdd02c702, 0x08030403, 0x28030c03, 0x8c038a03, 0xa1039003, 0xb003a903, 0xce03c903, 0x23041a04, 0x33042f04, 0x39043504, 
    0x43043a04, 0x63045f04, 0x93047504, 0xa3049b04, 0xb304ab04, 0xbb04b704, 0xd104c204, 0xe304d904, 0xef04e904, 0x851ef304, 0xf31e9e1e, 0x15200920, 0x1e201a20, 0x26202220, 
    0x33203020, 0x44203a20, 0x79207020, 0x89207e20, 0xa4208e20, 0xac20a720, 0xb420ae20, 0xbd20ba20, 0x1321bf20, 0x22211721, 0x2e212621, 0x5a215421, 0x99215e21, 0x06220222, 
    0x12220f22, 0x1e221a22, 0x48222b22, 0x65226022, 0xff24ea24, 0xab25a125, 0xcb25c525, 0x1c26cf25, 0x61261e26, 0x5e276526, 0x88277e27, 0xfff8f627, 0xffff02fb, 0x20000000, 
    0x3a003000, 0x5b004100, 0x7b006100, 0x3901a000, 0x8f014a01, 0xd4019201, 0x1802fc01, 0x59023702, 0xd802c602, 0x06030003, 0x26030a03, 0x8c038403, 0x91038e03, 0xaa03a303, 
    0xca03b103, 0x1b040004, 0x30042404, 0x36043404, 0x3b043a04, 0x62044404, 0x90047204, 0xa0049604, 0xae04aa04, 0xba04b604, 0xcf04c004, 0xe204d404, 0xee04e604, 0x801ef204, 
    0xf21e9e1e, 0x13200920, 0x1c201820, 0x26202020, 0x32203020, 0x44203920, 0x74207020, 0x80207a20, 0xa4208a20, 0xac20a720, 0xb420ae20, 0xbd20b820, 0x1321bf20, 0x22211621, 
    0x2e212621, 0x55215021, 0x90215b21, 0x06220222, 0x11220f22, 0x1e221922, 0x48222b22, 0x64226022, 0xff24ea24, 0xaa25a025, 0xca25b225, 0x1c26cf25, 0x61261e26, 0x5b276526, 
    0x80277627, 0xfff8f527, 0xffff01fb, 0xea010000, 0xc1ff0000, 0x26000000, 0x00000000, 0x00000000, 0x4f01dafe, 0x000022ff, 0x97fe0000, 0x000064fe, 0x00000000, 0x00000000, 
    0x00004500, 0x000063fe, 0x41fe42fe, 0x44fe0000, 0x00000000, 0x000016fd, 0x00003efd, 0x000042fd, 0x000044fd, 0x00000000, 0x00000000, 0x00000000, 0x00000000, 0x00000000, 
    0x00000000, 0x00000000, 0x00000000, 0xcae10000, 0xd2e20000, 0x0000a9e2, 0x00000000, 0xeae273e2, 0x94e224e3, 0x08e23ee2, 0x000008e2, 0x0000dae1, 0x3ee23fe2, 0x3ce234e2, 
    0x00002ee2, 0x1de229e2, 0x000047e2, 0xece132e2, 0x00002fe2, 0x34e133e1, 0x15e10000, 0x05e10de1, 0x00000000, 0xe6e0f2e0, 0xa6e0c4e0, 0x4ddd0000, 0x8cdd2edd, 0x000084dd, 
    0x5add0000, 0x27dd28dd, 0xe2dce5dc, 0xb8daeddb, 0x32dba4da, 0x1a064d0a, 0xee000100, 0x0a010000, 0x14010000, 0x1c010000, 0x50022201, 0x00006e02, 0x00000000, 0xd602d002, 
    0x00000000, 0xda02d802, 0xec02e402, 0x0000f002, 0x0000f202, 0x0000fc02, 0xfc020000, 0x06030000, 0x00000e03, 0x00004003, 0x00005403, 0x00005403, 0x88035203, 0x90038a03, 
    0xa0039603, 0xa803a603, 0xb403b203, 0xba03b603, 0xc803be03, 0xd003ca03, 0xd403d203, 0xdc030000, 0x00000000, 0xde03da03, 0x0000e203, 0x00000000, 0x00000000, 0x00000000, 
    0x0000d803, 0x0000de03, 0x00000000, 0x00000000, 0x0000dc03, 0x00000000, 0x0000da03, 0x00000000, 0x0000d603, 0xda030000, 0x00000000, 0xe6030000, 0x0000e803, 0x00000000, 
    0xe2030000, 0x00000000, 0x00000000, 0x0204dc03, 0x00000000, 0x00000000, 0x00000000, 0x00000000, 0x00000000, 0x00000000, 0x9a020100, 0xa102cf02, 0x1903df02, 0xd0024e03, 
    0xad02ac02, 0x0103a002, 0xba029602, 0xa2029502, 0x98029702, 0x05030803, 0x9c020703, 0xb0024d03, 0xb102a302, 0xbf020f03, 0xae027503, 0xaf025803, 0xda020d03, 0xdd029b02, 
    0xde02e802, 0x5903eb02, 0x73035003, 0x1d015103, 0x0e03cb02, 0x5203bb02, 0x55037703, 0x7a020b03, 0x6e037b02, 0x4f031803, 0x71039e02, 0x1e017902, 0x8602cc02, 0x87028302, 
    0x20009d02, 0x1e001c00, 0x1f002400, 0x25002300, 0x35002900, 0x32002f00, 0x44003300, 0x41003f00, 0x2c004200, 0x58005300, 0x56005400, 0x57005d00, 0x5b000303, 0x6e007200, 
    0x71007000, 0x5f007c00, 0xa500ef00, 0xa300a100, 0xa400a900, 0xaa00a800, 0xba00ae00, 0xb700b400, 0xc900b800, 0xc700c500, 0xb100c800, 0xdf00da00, 0xdd00db00, 0xde00e400, 
    0xe2000403, 0xf400f900, 0xf800f700, 0xe6000301, 0x21000501, 0x1d00a600, 0x2200a200, 0x2700a700, 0x2a00ac00, 0x2b00af00, 0x2800b000, 0x2d00ad00, 0x2e00b200, 0x3600b300, 
    0x3000bb00, 0x3400b500, 0x3700b900, 0x3100bc00, 0x3900b600, 0x3800bf00, 0x3b00be00, 0x3a00c100, 0x3d00c000, 0x3c00c300, 0x4700c200, 0x4500cd00, 0x4000cb00, 0x4600c600, 
    0x4300cc00, 0x3e00c400, 0x4800ca00, 0x4900cf00, 0x4a00d000, 0x4c00d100, 0x4b00d300, 0x4d00d200, 0x4e00d400, 0x4f00d500, 0x5100d600, 0x5000d800, 0x5200d700, 0x5a00d900, 
    0x5500e100, 0x5900dc00, 0x5e00e000, 0x6000e500, 0x6200e700, 0x6100e900, 0x6300e800, 0x6600ea00, 0x6500ed00, 0x6400ec00, 0x6c00eb00, 0x6b00f200, 0x6a00f100, 0x7700f000, 
    0x7400fe00, 0x6f00fb00, 0x7600f500, 0x7300fd00, 0x7500fa00, 0x7900fc00, 0x7d000001, 0x7e000401, 0x07018000, 0x09018200, 0x08018100, 0xab002600, 0xe3005c00, 0xee006700, 
    0xf3006d00, 0x70037203, 0x74036f03, 0x78037903, 0x76037a03, 0x63036203, 0x69036503, 0x67036a03, 0x60036103, 0x64036803, 0x8b036603, 0xeb018c03, 0xec01d902, 0xee01ed01, 
    0xf101f001, 0xf2011002, 0x1602f301, 0x18021702, 0x13020e02, 0x12020f02, 0x11021402, 0x28011502, 0x50012901, 0x48012401, 0x4a014701, 0x4c014b01, 0x46014501, 0x30014d01, 
    0x3a012e01, 0x20014101, 0x22012101, 0x26012301, 0x2a012701, 0x2c012b01, 0x2f012d01, 0x3c013b01, 0x3d013e01, 0x40013f01, 0x44014301, 0x49014201, 0x4f014e01, 0x75017401, 
    0x89017d01, 0x8c018a01, 0x8d018b01, 0x91018e01, 0x90019201, 0x9c019701, 0x76019d01, 0x9e017701, 0x96017201, 0x98019501, 0x9a019901, 0x94019301, 0x7e019b01, 0x88017c01, 
    0x51018f01, 0x52019f01, 0x5301a001, 0x2501a101, 0x54017301, 0x5501a201, 0x5601a301, 0x5701a401, 0x5801a501, 0x5901a601, 0x5a01a701, 0x5b01a801, 0x5c01a901, 0x5d01aa01, 
    0x5e01ab01, 0x5f01ac01, 0x6001ad01, 0xaf016101, 0x6201ae01, 0x6301b001, 0x6401b101, 0x6501b201, 0x6601b301, 0x6701b401, 0x6801b501, 0x6901b601, 0x6a01b701, 0x7b00b801, 
    0x78000201, 0x7a00ff00, 0x7f000101, 0xc9020601, 0xc502ca02, 0xc802c702, 0x5b03c602, 0x9f025c03, 0x00031c03, 0xb202fe02, 0x1b03b302, 0xfd02ff02, 0xab02aa02, 0xe702e902, 
    0x5e03e402, 0x8e025303, 0x94029302, 0x85028402, 0x1d032303, 0x21031f03, 0x26032503, 0x1e032403, 0x22032003, 0x02031503, 0x1603fc02, 0x09030a03, 0x34033003, 0x40033c03, 
    0x35033103, 0x41033d03, 0x3a033803, 0x36033203, 0x42033e03, 0x37033303, 0x43033f03, 0x3b033903, 0x2a032b03, 0x00000000, 0x00000000, 0x00000000, 0x00000000, 0x00000000, 
    0x00000000, 0x00000000, 0x00000000, 0x00000000, 0x00000000, 0x00000000, 0x89008900, 0x7b007b00, 0x00009402, 0x0000ef01, 0xe80340ff, 0xa002fffe, 0xfa01f4ff, 0x40fff4ff, 
    0xfffee803, 0x89008900, 0x7b007b00, 0xf4ff9402, 0xef01ee02, 0x40fff4ff, 0xfffee803, 0xf4ffa002, 0xfa01fa02, 0x40fff4ff, 0xfffee803, 0x89008900, 0x7b007b00, 0x00009402, 
    0xef01fa02, 0x40ff0000, 0xfffee803, 0xf4ffa002, 0xfa01fa02, 0x40fff4ff, 0xfffee803, 0x66006600, 0x5c005c00, 0x88ff2801, 0xfffee803, 0x80ff3001, 0xfffee803, 0x66006600, 
    0x5c005c00, 0x6c010c03, 0xfffee803, 0x64011403, 0xfffee803, 0x202c00b0, 0x585500b0, 0x20205945, 0x0e00b84b, 0x06b04b51, 0xb0585a53, 0x28b01b34, 0x20666059, 0xb058558a, 
    0xb9612502, 0x00080008, 0x62236363, 0xb021211b, 0x00b05900, 0xb2442343, 0x43000100, 0xb02d4260, 0x20b02c01, 0xb02d6660, 0x21232c02, 0xb02d2123, 0x64202c03, 0x151403b3, 
    0xb0434200, 0x60204313, 0x02b14260, 0xb1424314, 0xb0430325, 0x78544302, 0x230cb020, 0x434302b0, 0x04b06461, 0x02b27850, 0x60430202, 0x6521b042, 0x02b0211c, 0x0eb24343, 
    0x1c420115, 0x4302b020, 0x13b24223, 0x60431301, 0x00b02342, 0x59655850, 0x020116b2, 0x2d426043, 0xb02c04b0, 0x15b02b03, 0x21235843, 0x16b02123, 0xb0234343, 0x65585000, 
    0x64201b59, 0x50c0b020, 0x5a2604b0, 0x0d0128b2, 0x45634543, 0x584506b0, 0x2503b021, 0x585b5259, 0x1b212321, 0xb020588a, 0x21585050, 0x1b5940b0, 0x5038b020, 0x38b02158, 
    0xb1205959, 0x45430d01, 0x64614563, 0x585028b0, 0x0d01b121, 0x45634543, 0x5030b020, 0x30b02158, 0xb0201b59, 0x205850c0, 0x8a8a2066, 0x0ab02061, 0x1b605850, 0x5020b020, 
    0x0ab02158, 0xb0201b60, 0x21585036, 0x1b6036b0, 0x59595960, 0x2502b01b, 0x63430cb0, 0x585200b0, 0xb04b00b0, 0x2158500a, 0x1b430cb0, 0x501eb04b, 0x1eb02158, 0x10b8614b, 
    0x0cb06300, 0x05b86343, 0x59596200, 0xb0596164, 0x59592b01, 0x5000b023, 0x59596558, 0x16b06420, 0x59422343, 0x2c05b02d, 0xb0204520, 0x64612504, 0x4307b020, 0x07b05850, 
    0x08b04223, 0x211b4223, 0x01b05921, 0x06b02d60, 0x2321232c, 0x2b03b021, 0x07b16420, 0xb0204262, 0xb0422308, 0x1b584506, 0x430d01b1, 0x01b16345, 0x05b0430d, 0xb0634560, 
    0x20212a05, 0x204308b0, 0xb08a208a, 0x30b12b01, 0x04b02505, 0x60585126, 0x52611b50, 0x59235859, 0xb0205921, 0xb0585340, 0x211b2b01, 0x235940b0, 0x585000b0, 0xb02d5965, 
    0x09b02c07, 0x00b22b43, 0x60430002, 0x08b02d42, 0x2309b02c, 0xb0202342, 0x61422300, 0x666202b0, 0xb06301b0, 0x07b06001, 0x09b02d2a, 0x4520202c, 0x430eb020, 0x0004b863, 
    0x00b02062, 0x40b05850, 0xb0665960, 0x44606301, 0x2d6001b0, 0xb22c0ab0, 0x43000e09, 0x212a4245, 0x000100b2, 0x2d426043, 0xb02c0bb0, 0x44234300, 0x000100b2, 0x2d426043, 
    0x202c0cb0, 0xb0204520, 0xb0232b01, 0x04b04300, 0x45206025, 0x2061238a, 0x20b02064, 0xb0215850, 0x30b01b00, 0x20b05850, 0x5940b01b, 0x00b02359, 0x59655850, 0x232503b0, 
    0xb0444461, 0xb02d6001, 0x20202c0d, 0x01b02045, 0x00b0232b, 0x2504b043, 0x8a452060, 0x64206123, 0x585024b0, 0xb01b00b0, 0xb0235940, 0x65585000, 0x2503b059, 0x44446123, 
    0x2d6001b0, 0x202c0eb0, 0x422300b0, 0x000c0db3, 0x58504503, 0x21231b21, 0x2d212a59, 0xb12c0fb0, 0xb0450202, 0x2d446164, 0xb02c10b0, 0x20206001, 0x4a430fb0, 0x585000b0, 
    0x230fb020, 0x10b05942, 0x00b04a43, 0xb0205852, 0x59422310, 0x2c11b02d, 0x6210b020, 0x6301b066, 0x0004b820, 0x61238a63, 0x604311b0, 0x20608a20, 0x422311b0, 0x12b02d23, 
    0x58544b2c, 0x446404b1, 0x0db02459, 0x2d782365, 0x4b2c13b0, 0x534b5851, 0x6404b158, 0x211b5944, 0x13b02459, 0x2d782365, 0xb12c14b0, 0x55431200, 0x1212b158, 0x6101b043, 
    0x2b11b042, 0x4300b059, 0x422502b0, 0x25020fb1, 0x0210b142, 0x01b04225, 0xb0202316, 0x58502503, 0x430001b1, 0x2504b060, 0x208a8a42, 0xb061238a, 0x23212a10, 0x206101b0, 
    0xb061238a, 0x1b212a10, 0x430001b1, 0x2502b060, 0x2502b042, 0x2a10b061, 0x0fb05921, 0x10b04743, 0xb0604743, 0xb0206202, 0xb0585000, 0x66596040, 0x206301b0, 0x63430eb0, 
    0x620004b8, 0x5000b020, 0x6040b058, 0x01b06659, 0x00b16063, 0x44231300, 0xb04301b0, 0x01b23e00, 0x60430101, 0x15b02d42, 0x00b1002c, 0x58544502, 0x422312b0, 0x0eb04520, 
    0x0db04223, 0x6005b023, 0x14b02042, 0x60204223, 0xb76101b0, 0x00011818, 0x00130011, 0x8a424242, 0x14b02060, 0x14b06043, 0x14b14223, 0x8bb02b08, 0x1601b02b, 0x2d59221b, 
    0xb12c16b0, 0x2d2b1500, 0xb12c17b0, 0x2d2b1501, 0xb12c18b0, 0x2d2b1502, 0xb12c19b0, 0x2d2b1503, 0xb12c1ab0, 0x2d2b1504, 0xb12c1bb0, 0x2d2b1505, 0xb12c1cb0, 0x2d2b1506, 
    0xb12c1db0, 0x2d2b1507, 0xb12c1eb0, 0x2d2b1508, 0xb12c1fb0, 0x2d2b1509, 0x232c2bb0, 0x6210b020, 0x6301b066, 0x4b6006b0, 0x20235854, 0x5d01b02e, 0x5921211b, 0x2c2cb02d, 
    0x10b02023, 0x01b06662, 0x6016b063, 0x2358544b, 0x01b02e20, 0x21211b71, 0x2db02d59, 0xb020232c, 0xb0666210, 0x26b06301, 0x58544b60, 0xb02e2023, 0x211b7201, 0xb02d5921, 
    0xb0002c20, 0x00b12b0f, 0x58544502, 0x422312b0, 0x0eb04520, 0x0db04223, 0x6005b023, 0xb0602042, 0x18b56101, 0x11000118, 0x8a424200, 0x0814b160, 0x2b8bb02b, 0x1b1601b0, 
    0xb02d5922, 0x00b12c21, 0xb02d2b20, 0x01b12c22, 0xb02d2b20, 0x02b12c23, 0xb02d2b20, 0x03b12c24, 0xb02d2b20, 0x04b12c25, 0xb02d2b20, 0x05b12c26, 0xb02d2b20, 0x06b12c27, 
    0xb02d2b20, 0x07b12c28, 0xb02d2b20, 0x08b12c29, 0xb02d2b20, 0x09b12c2a, 0xb02d2b20, 0x3c202c2e, 0x2d6001b0, 0x202c2fb0, 0x6018b060, 0xb0234320, 0xb0436001, 0xb0612502, 
    0x2eb06001, 0xb02d212a, 0x2fb02c30, 0x2a2fb02b, 0x2c31b02d, 0x20472020, 0x430eb020, 0x0004b863, 0x00b02062, 0x40b05850, 0xb0665960, 0x23606301, 0x20233861, 0x2058558a, 
    0xb0202047, 0xb863430e, 0x20620004, 0x585000b0, 0x596040b0, 0x6301b066, 0x38612360, 0x2d59211b, 0x002c32b0, 0x450200b1, 0x0eb15854, 0xb0424506, 0x31b01601, 0x0105b12a, 
    0x30584515, 0x59221b59, 0x2c33b02d, 0x2b0fb000, 0x450200b1, 0x0eb15854, 0xb0424506, 0x31b01601, 0x0105b12a, 0x30584515, 0x59221b59, 0x2c34b02d, 0x01b03520, 0x35b02d60, 
    0x0eb1002c, 0xb0424506, 0xb8634501, 0x20620004, 0x585000b0, 0x596040b0, 0x6301b066, 0xb02b01b0, 0xb863430e, 0x20620004, 0x585000b0, 0x596040b0, 0x6301b066, 0xb02b01b0, 
    0x00b41600, 0x00000000, 0x38233e44, 0x150134b1, 0x01b0212a, 0x36b02d16, 0x203c202c, 0x0eb02047, 0x04b86343, 0xb0206200, 0xb0585000, 0x66596040, 0x606301b0, 0x614300b0, 
    0x37b02d38, 0x3c172e2c, 0x2c38b02d, 0x47203c20, 0x430eb020, 0x0004b863, 0x00b02062, 0x40b05850, 0xb0665960, 0xb0606301, 0xb0614300, 0x38634301, 0x2c39b02d, 0x160002b1, 
    0x202e2025, 0x2300b047, 0x2502b042, 0x478a8a49, 0x61234723, 0x1b625820, 0x01b05921, 0x38b24223, 0x14150101, 0x3ab02d2a, 0x1600b02c, 0x422317b0, 0xb02504b0, 0x23472504, 
    0xb1612347, 0xb042000c, 0x652b430b, 0x20232e8a, 0x388a3c20, 0x2c3bb02d, 0xb01600b0, 0xb0422317, 0x04b02504, 0x472e2025, 0x61234723, 0x2306b020, 0x000cb142, 0x430bb042, 
    0x60b0202b, 0xb0205850, 0xb3585140, 0x20052004, 0x2604b31b, 0x42591a05, 0xb0202342, 0x8a20430a, 0x47234723, 0x46236123, 0x4306b060, 0x206202b0, 0x585000b0, 0x596040b0, 
    0x6301b066, 0x01b02060, 0x8a8a202b, 0x04b02061, 0x23646043, 0x614305b0, 0xb0585064, 0x1b614304, 0x604305b0, 0x2503b059, 0x206202b0, 0x585000b0, 0x596040b0, 0x6301b066, 
    0x20202361, 0x232604b0, 0x1b386146, 0x430ab023, 0x2502b046, 0x47430ab0, 0x61234723, 0x06b02060, 0x6202b043, 0x5000b020, 0x6040b058, 0x01b06659, 0x20236063, 0x232b01b0, 
    0x604306b0, 0xb02b01b0, 0xb0612505, 0x02b02505, 0x00b02062, 0x40b05850, 0xb0665960, 0x04b06301, 0xb0206126, 0x64602504, 0x2503b023, 0x58506460, 0x21231b21, 0x20202359, 
    0x232604b0, 0x59386146, 0x2c3cb02d, 0xb01600b0, 0x20422317, 0x05b02020, 0x472e2026, 0x61234723, 0x2d383c23, 0xb02c3db0, 0x17b01600, 0xb0204223, 0x2042230a, 0x23462020, 
    0x2b01b047, 0x2d386123, 0xb02c3eb0, 0x17b01600, 0x03b04223, 0x2502b025, 0x23472347, 0x5400b061, 0x3c202e58, 0xb01b2123, 0x02b02502, 0x47234725, 0xb0206123, 0x04b02505, 
    0x47234725, 0x06b06123, 0x2505b025, 0x2502b049, 0x0008b961, 0x63630008, 0x62582023, 0x6359211b, 0x620004b8, 0x5000b020, 0x6040b058, 0x01b06659, 0x2e236063, 0x3c202023, 
    0x2123388a, 0x3fb02d59, 0x1600b02c, 0x422317b0, 0x430ab020, 0x23472e20, 0x20612347, 0x6020b060, 0x6202b066, 0x5000b020, 0x6040b058, 0x01b06659, 0x20202363, 0x2d388a3c, 
    0x232c40b0, 0xb0462e20, 0xb0462502, 0x50584317, 0x5859521b, 0x2e593c20, 0x140130b1, 0x41b02d2b, 0x2e20232c, 0x2502b046, 0x4317b046, 0x501b5258, 0x3c205859, 0x30b12e59, 
    0x2d2b1401, 0x232c42b0, 0xb0462e20, 0xb0462502, 0x50584317, 0x5859521b, 0x23593c20, 0xb0462e20, 0xb0462502, 0x52584317, 0x5859501b, 0x2e593c20, 0x140130b1, 0x43b02d2b, 
    0x2b3ab02c, 0x462e2023, 0x462502b0, 0x584317b0, 0x59521b50, 0x593c2058, 0x0130b12e, 0xb02d2b14, 0x3bb02c44, 0x20208a2b, 0x2306b03c, 0x23388a42, 0xb0462e20, 0xb0462502, 
    0x50584317, 0x5859521b, 0x2e593c20, 0x140130b1, 0x4306b02b, 0x2b30b02e, 0x2c45b02d, 0xb01600b0, 0x04b02504, 0x20202026, 0x61472346, 0x42230cb0, 0x4723472e, 0x0bb06123, 
    0x20232b43, 0x232e203c, 0x0130b138, 0xb02d2b14, 0x0ab12c46, 0xb0422504, 0x04b01600, 0x2504b025, 0x23472e20, 0x20612347, 0x422306b0, 0x42000cb1, 0x2b430bb0, 0x5060b020, 
    0x40b02058, 0x04b35851, 0x1b200520, 0x052604b3, 0x4242591a, 0xb0472023, 0x02b04306, 0x00b02062, 0x40b05850, 0xb0665960, 0x20606301, 0x202b01b0, 0x20618a8a, 0x604304b0, 
    0x05b02364, 0x50646143, 0x4304b058, 0x05b01b61, 0xb0596043, 0x02b02503, 0x00b02062, 0x40b05850, 0xb0665960, 0xb0616301, 0x61462502, 0x3c202338, 0x211b3823, 0x23462020, 
    0x2b01b047, 0x21386123, 0x0130b159, 0xb02d2b14, 0x00b12c47, 0xb12e2b3a, 0x2b140130, 0x2c48b02d, 0x2b3b00b1, 0x20202321, 0x2306b03c, 0xb1382342, 0x2b140130, 0x2e4306b0, 
    0x2d2b30b0, 0xb02c49b0, 0x47201500, 0x422300b0, 0x010100b2, 0x2e131415, 0x2d2a36b0, 0xb02c4ab0, 0x47201500, 0x422300b0, 0x010100b2, 0x2e131415, 0x2d2a36b0, 0xb12c4bb0, 
    0x13140100, 0x2d2a37b0, 0xb02c4cb0, 0xb02d2a39, 0x00b02c4d, 0x20234516, 0x8a46202e, 0xb1386123, 0x2b140130, 0x2c4eb02d, 0x42230ab0, 0x2d2b4db0, 0xb22c4fb0, 0x2b460000, 
    0x2c50b02d, 0x460100b2, 0x51b02d2b, 0x0001b22c, 0xb02d2b46, 0x01b22c52, 0x2d2b4601, 0xb22c53b0, 0x2b470000, 0x2c54b02d, 0x470100b2, 0x55b02d2b, 0x0001b22c, 0xb02d2b47, 
    0x01b22c56, 0x2d2b4701, 0xb32c57b0, 0x43000000, 0x58b02d2b, 0x0100b32c, 0x2d2b4300, 0xb32c59b0, 0x43000001, 0x5ab02d2b, 0x0101b32c, 0x2d2b4300, 0xb32c5bb0, 0x43010000, 
    0x5cb02d2b, 0x0100b32c, 0x2d2b4301, 0xb32c5db0, 0x43010001, 0x5eb02d2b, 0x0101b32c, 0x2d2b4301, 0xb22c5fb0, 0x2b450000, 0x2c60b02d, 0x450100b2, 0x61b02d2b, 0x0001b22c, 
    0xb02d2b45, 0x01b22c62, 0x2d2b4501, 0xb22c63b0, 0x2b480000, 0x2c64b02d, 0x480100b2, 0x65b02d2b, 0x0001b22c, 0xb02d2b48, 0x01b22c66, 0x2d2b4801, 0xb32c67b0, 0x44000000, 
    0x68b02d2b, 0x0100b32c, 0x2d2b4400, 0xb32c69b0, 0x44000001, 0x6ab02d2b, 0x0101b32c, 0x2d2b4400, 0xb32c6bb0, 0x44010000, 0x6cb02d2b, 0x0100b32c, 0x2d2b4401, 0xb32c6db0, 
    0x44010001, 0x6eb02d2b, 0x0101b32c, 0x2d2b4401, 0xb12c6fb0, 0x2e2b3c00, 0x140130b1, 0x70b02d2b, 0x3c00b12c, 0x2b40b02b, 0x2c71b02d, 0x2b3c00b1, 0x2d2b41b0, 0xb02c72b0, 
    0x00b11600, 0x42b02b3c, 0x73b02d2b, 0x3c01b12c, 0x2b40b02b, 0x2c74b02d, 0x2b3c01b1, 0x2d2b41b0, 0xb02c75b0, 0x01b11600, 0x42b02b3c, 0x76b02d2b, 0x3d00b12c, 0x30b12e2b, 
    0x2d2b1401, 0xb12c77b0, 0xb02b3d00, 0xb02d2b40, 0x00b12c78, 0x41b02b3d, 0x79b02d2b, 0x3d00b12c, 0x2b42b02b, 0x2c7ab02d, 0x2b3d01b1, 0x2d2b40b0, 0xb12c7bb0, 0xb02b3d01, 
    0xb02d2b41, 0x01b12c7c, 0x42b02b3d, 0x7db02d2b, 0x3e00b12c, 0x30b12e2b, 0x2d2b1401, 0xb12c7eb0, 0xb02b3e00, 0xb02d2b40, 0x00b12c7f, 0x41b02b3e, 0x80b02d2b, 0x3e00b12c, 
    0x2b42b02b, 0x2c81b02d, 0x2b3e01b1, 0x2d2b40b0, 0xb12c82b0, 0xb02b3e01, 0xb02d2b41, 0x01b12c83, 0x42b02b3e, 0x84b02d2b, 0x3f00b12c, 0x30b12e2b, 0x2d2b1401, 0xb12c85b0, 
    0xb02b3f00, 0xb02d2b40, 0x00b12c86, 0x41b02b3f, 0x87b02d2b, 0x3f00b12c, 0x2b42b02b, 0x2c88b02d, 0x2b3f01b1, 0x2d2b40b0, 0xb12c89b0, 0xb02b3f01, 0xb02d2b41, 0x01b12c8a, 
    0x42b02b3f, 0x8bb02d2b, 0x000bb22c, 0x58504503, 0xb21b06b0, 0x45030204, 0x1b212358, 0x42595921, 0x6508b02b, 0x502403b0, 0x0105b178, 0x30584515, 0x00002d59, 0x01000100, 
    0x0f00ffff, 0x4c000200, 0x7d020000, 0x0f009402, 0x2c001200, 0x01122940, 0x4c010200, 0x00020000, 0x01010386, 0x57010202, 0x01010103, 0x02005f02, 0x004f0201, 0x00101100, 
    0x350d000f, 0x2b170604, 0x11151600, 0x21230614, 0x11352622, 0x21333634, 0x02012107, 0x1c252558, 0x251c51fe, 0xaf011c25, 0x0185fe1b, 0x2694027b, 0x1cf0fd1c, 0x021c2626, 
    0x54261c10, 0x00000dfe, 0x21000200, 0x7402f4ff, 0x1600a002, 0x25001900, 0x01192240, 0x4c010304, 0x01000400, 0x68010400, 0x48030300, 0x0001024d, 0x4e004900, 0x12222613, 
    0x1b090523, 0x1415242b, 0x2f222306, 0x06072101, 0x35262223, 0x36133734, 0x13173233, 0x02033325, 0x2c1c2674, 0xe9fe1c14, 0x1c2c131c, 0x12e20827, 0xe1122e2e, 0x5ebe7ffe, 
    0x261b1146, 0x30444430, 0x160e1b26, 0x2e2e1902, 0x017ee7fd, 0x00000002, 0x4b000300, 0x4b020000, 0x15009402, 0x27001e00, 0x39403c00, 0x02040115, 0x02004c01, 0x02050400, 
    0x01066704, 0x5f010303, 0x40010100, 0x0501074d, 0x005f0005, 0x00410000, 0x161f1f4e, 0x1f271f16, 0x16232526, 0x271d161e, 0x09083535, 0x16002b19, 0x010e1415, 0x2622012b, 
    0x36341135, 0x1e32013b, 0x07141501, 0x32331525, 0x26343536, 0x35361223, 0x012b2634, 0x0d023315, 0x3f63383e, 0x27271ee1, 0x5f3da51e, 0xf9fe3135, 0x2e2e285d, 0x32326828, 
    0x0199992c, 0x383b5451, 0x1e273159, 0x271e0a02, 0x4936532f, 0x2997bb2e, 0xfe282323, 0x27282b54, 0x0000a62c, 0x26000100, 0x9a02f4ff, 0x2700a002, 0x33403600, 0x04020100, 
    0x80040102, 0x02030400, 0x007e0304, 0x61000202, 0x48000000, 0x0303004d, 0x01066105, 0x05490505, 0x0000004e, 0x22260027, 0x26262226, 0x2b1b0907, 0x35012e04, 0x33013e34, 
    0x16171632, 0x23061415, 0x23262722, 0x15010e22, 0x33011e14, 0x33363732, 0x14151632, 0x23010e07, 0x5da12401, 0x4c61a25d, 0x25152c87, 0x40171d1a, 0x37613d61, 0x5f3d6137, 
    0x1a1d1841, 0x872c1524, 0x9c5b0c4c, 0x5b9c5f5f, 0x1a18353d, 0x4a1a2419, 0x3e3f6338, 0x1a4a3763, 0x19191924, 0x00003d35, 0x4b000200, 0x8b020000, 0x10009402, 0x2c001a00, 
    0x01052940, 0x5f010303, 0x01010104, 0x02004d40, 0x005f0002, 0x00410000, 0x0011114e, 0x111a1100, 0x00121419, 0x360e0010, 0x2b170906, 0x15011e00, 0x2b010e14, 0x35262201, 
    0x3b363411, 0x33110701, 0x35013e32, 0x01232634, 0x5b5aa38e, 0x1e9468a4, 0x941e2727, 0x65425152, 0x02677737, 0x61955294, 0x27549761, 0x1e0a021e, 0x60fe7a27, 0x5f3f5f34, 
    0x0000006f, 0x4b000100, 0x1b020000, 0x20009402, 0x2c402f00, 0x03000200, 0x67030204, 0x00010100, 0x0000005f, 0x04004d40, 0x065f0504, 0x41050501, 0x00004e05, 0x1e002000, 
    0x24212421, 0x1b090735, 0x3526322b, 0x33363411, 0x15163221, 0x012b0614, 0x16323315, 0x2b061415, 0x32211501, 0x06141516, 0x27722123, 0x43011c27, 0x1a24231b, 0x2219afff, 
    0x01af1922, 0x24231b0b, 0x27b1fe1a, 0x1d0e021c, 0x1a1a2326, 0x19218623, 0x23a72118, 0x00231a1a, 0x4b000100, 0x0502f4ff, 0x1b009402, 0x26402900, 0x03000200, 0x67030204, 
    0x00010100, 0x0000005f, 0x01054d40, 0x04490404, 0x0000004e, 0x241a001b, 0x06352421, 0x162b1a09, 0x34113526, 0x32213336, 0x06141516, 0x3315012b, 0x14151632, 0x15012b06, 
    0x71230614, 0x011e2726, 0x24231b37, 0x1bbff51a, 0xbf1a2423, 0x270c1d26, 0x1e16021e, 0x1a1a2327, 0x1a23a523, 0x1dc2231a, 0x00000028, 0x26000100, 0xc202f4ff, 0x3300a002, 
    0x3b403e00, 0x04030121, 0x01004c01, 0x01020502, 0x05008005, 0x05030400, 0x02006704, 0x00610002, 0x4d480000, 0x06030300, 0x06010761, 0x4e064906, 0x33000000, 0x23343200, 
    0x26272426, 0x2b1c0908, 0x35012e04, 0x33013e34, 0x1e171632, 0x06141501, 0x27262223, 0x2223012e, 0x1415010e, 0x3233011e, 0x23353736, 0x34352622, 0x32013b36, 0x14011d16, 
    0x23010e07, 0x5da22501, 0x4362a25d, 0x1316297e, 0x1a101925, 0x304c220f, 0x3836603e, 0x5a374064, 0x241b7e1d, 0x1ec01b24, 0xa12d1527, 0x9d5a0c58, 0x5a9d5f5f, 0x22142b32, 
    0x0e241911, 0x37222410, 0x64414062, 0x39262938, 0x22191921, 0x2b551e27, 0x004f4220, 0x4b000100, 0x7d02f4ff, 0x1f00a002, 0x24402700, 0x04000100, 0x67040103, 0x00000102, 
    0x05064d48, 0x49030302, 0x00004e03, 0x1e001f00, 0x13232513, 0x1b090725, 0x3526162b, 0x33363411, 0x011d1632, 0x36343521, 0x15163233, 0x23061411, 0x013d2622, 0x06141521, 
    0x26277223, 0x01261d1e, 0x1d1e2624, 0x1d1d2626, 0x26dcfe27, 0x1e280c1d, 0x281e2002, 0xc4c31e28, 0x1e27271e, 0x281edffd, 0xe3e31e28, 0x0000281e, 0x4b000100, 0xd200f4ff, 
    0x0d00a002, 0x16401900, 0x48000000, 0x0101024d, 0x4e014901, 0x0d000000, 0x03250c00, 0x162b1709, 0x34113526, 0x16323336, 0x06141115, 0x26267123, 0x26261d1e, 0x1e270c1d, 
    0x271e2202, 0xdefd1d28, 0x0000281d, 0x05000100, 0x3901f4ff, 0x1800a002, 0x1e402100, 0x48020200, 0x0001014d, 0x04610300, 0x49030301, 0x00004e03, 0x17001800, 0x05262125, 
    0x162b1909, 0x35012e27, 0x17333634, 0x36323316, 0x36341135, 0x15163233, 0x23061411, 0x16111844, 0x10171b24, 0x26211d09, 0x68261d1e, 0x08090c67, 0x221a121f, 0x1f230201, 
    0x271eaa01, 0x55fe1d28, 0x00005f5d, 0x4b000200, 0x6f02f4ff, 0x0d00a002, 0x25002300, 0x01222240, 0x4c010100, 0x01020403, 0x024d4801, 0x49000001, 0x00004e00, 0x11131b1d, 
    0x0c000d00, 0x17090525, 0x1516122b, 0x23061411, 0x11352622, 0x00333634, 0x23061415, 0x26032722, 0x13373435, 0x16323336, 0x010f1415, 0x2727ab17, 0x26271d1c, 0x26e0011e, 
    0xfb171f19, 0x13ee1312, 0x1424191e, 0xa002ddc7, 0xdefd1d28, 0x1d28281d, 0x271e2202, 0x1a17abfd, 0x0d011c26, 0x15151815, 0x25161601, 0xea17161a, 0x000000ed, 0x4b000100, 
    0xfb010000, 0x1200a002, 0x1c401f00, 0x48000000, 0x0101004d, 0x01036002, 0x02410202, 0x0000004e, 0x23100012, 0x18090425, 0x3526322b, 0x33363411, 0x11151632, 0x15163233, 
    0x21230614, 0x1d272772, 0x1beb261d, 0xfe1b2323, 0x021e27d3, 0x28291c16, 0x231ffe1d, 0x00231a1a, 0x4b000100, 0xd102f4ff, 0x2500a002, 0x2b402e00, 0x030a1221, 0x4c010301, 
    0x00030100, 0x80000103, 0x03020405, 0x024d4803, 0x49000001, 0x00004e00, 0x24002500, 0x25262625, 0x2b1a0906, 0x11151600, 0x22230614, 0x07113526, 0x2223010e, 0x11012f26, 
    0x22230614, 0x34113526, 0x16323336, 0x3e011b17, 0xab023301, 0x1d1c2726, 0x1e0e7c27, 0x0e1f1314, 0x1d1c277c, 0x161c2627, 0xbaba1120, 0x02161f12, 0xfd1e28a0, 0x28281ddf, 
    0xc346011d, 0x17141417, 0x1db8fec5, 0x021d2828, 0x17281e21, 0x01d9fe1d, 0x00171d27, 0x4b000100, 0x7d02f4ff, 0x1d00a002, 0x21402400, 0x00020a19, 0x044c0102, 0x02020203, 
    0x01014d48, 0x00490000, 0x0000004e, 0x251c001d, 0x09052526, 0x16002b19, 0x06141115, 0x27262223, 0x06141101, 0x35262223, 0x33363411, 0x01171632, 0x33363403, 0x26275602, 
    0x111c161c, 0x1c27dafe, 0x1c26271d, 0x01131b17, 0x1d270125, 0x1d28a002, 0x271dddfd, 0x7a011514, 0x281da2fe, 0x23021d28, 0x1814271d, 0x5e0189fe, 0x0000281d, 0x26000200, 
    0xe402f4ff, 0x0f00a002, 0x2c001f00, 0x01052940, 0x61010303, 0x01010104, 0x02004d48, 0x00610002, 0x00490000, 0x0010104e, 0x101f1000, 0x0016181e, 0x260e000f, 0x2b170906, 
    0x15011e00, 0x23010e14, 0x35012e22, 0x33013e34, 0x1415020e, 0x3233011e, 0x3435013e, 0x0123012e, 0x5e5ea1e5, 0xa06161a1, 0x61a05d5d, 0x3636613c, 0x603d3d61, 0x3d603737, 
    0x9d5ba002, 0x5b9d5e5e, 0x5f5f9c5b, 0x377d5b9c, 0x633f3f63, 0x3e633837, 0x0038633e, 0x4b000200, 0x3102f4ff, 0x14009402, 0x30001d00, 0x01062d40, 0x02010003, 0x00670103, 
    0x5f000404, 0x40000000, 0x0201054d, 0x4e024902, 0x00001516, 0x1d151a1c, 0x14001d16, 0x35261300, 0x2b180907, 0x11352616, 0x013b3634, 0x15011e32, 0x2b010e14, 0x06141501, 
    0x36321323, 0x2b263435, 0x27721501, 0x46b41e27, 0x6c3c3c6b, 0x1c277245, 0x36362eb4, 0x280c712e, 0x1e16021d, 0x3f613527, 0xb036623e, 0x6b01281d, 0x332b2c34, 0x000000be, 
    0x26000200, 0x2b0423ff, 0x2000a002, 0x38003000, 0x011a3540, 0x4c010501, 0x03020407, 0x00030000, 0x06060065, 0x02006102, 0x004d4802, 0x61010505, 0x49010100, 0x00004e01, 
    0x23252b2d, 0x1f002000, 0x25232628, 0x2b1a0908, 0x14151604, 0x22230607, 0x23062726, 0x35012e22, 0x33013e34, 0x15011e32, 0x1e070614, 0x36323301, 0x011e0033, 0x013e3233, 
    0x012e3435, 0x010e2223, 0x1f0c0415, 0x883b2224, 0x39364de2, 0x5d5da061, 0xa16161a0, 0x433c455e, 0x181271aa, 0x36bffc07, 0x603d3d61, 0x3d613737, 0x6836603d, 0x0d25191c, 
    0x116e740e, 0x5f5f9c5b, 0x9d5b5b9c, 0x2f8b505e, 0x01025258, 0x38386374, 0x633e3e63, 0x3f633738, 0x4b000200, 0x5402f4ff, 0x1d009402, 0x2b002600, 0x011c2840, 0x4c010401, 
    0x01000400, 0x67010400, 0x03050500, 0x0303005f, 0x01024d40, 0x00490000, 0x3528244e, 0x06232223, 0x242b1c09, 0x23061415, 0x2b012f22, 0x06141501, 0x35262223, 0x3b363411, 
    0x011e3201, 0x07061415, 0x32332517, 0x26343536, 0x5402012b, 0x18241a25, 0x27720194, 0x27271d1c, 0x6b46b41e, 0x7731363c, 0x2e7191fe, 0x712e3636, 0x25191749, 0x1db0d223, 
    0x021d2828, 0x35271d17, 0x5f3b3e61, 0x33fba51c, 0x00332b2c, 0x2f000100, 0x0402f4ff, 0x3400a002, 0x05b17700, 0x33404400, 0x00040300, 0x80000304, 0x04010000, 0x007e0100, 
    0x61020404, 0x48020200, 0x0101004d, 0x01066105, 0x05490505, 0x0000004e, 0x23330034, 0x26222c26, 0x2b1b0907, 0x11593440, 0x2c561259, 0x11692d56, 0x2c661269, 0x11762d66, 
    0x2c791276, 0x11862d79, 0x2c891286, 0x11f62d89, 0x2cf912f6, 0x2b142df9, 0x12061106, 0x2d092c09, 0x2a2a2c04, 0x6405b130, 0x27261644, 0x013e3526, 0x16173233, 0x35363233, 
    0x012f2634, 0x3435012e, 0x3233013e, 0x15161716, 0x22230614, 0x23012e27, 0x14150622, 0x1e011f16, 0x0e141501, 0x75e22301, 0x24011925, 0x420e1519, 0x23322c4b, 0x4f514731, 
    0x423e6439, 0x26121b5c, 0x19111418, 0x2d25202f, 0x554b2d20, 0x42693c4e, 0x1928310c, 0x0d221a1b, 0x1b222744, 0x25201621, 0x55373e5b, 0x131f2f2f, 0x0e231918, 0x1e221916, 
    0x21151f18, 0x3c425926, 0x0000305a, 0x06000100, 0x4302f4ff, 0x16009402, 0x1e402100, 0x00000102, 0x01005f01, 0x044d4001, 0x49030301, 0x00004e03, 0x15001600, 0x05233424, 
    0x042b1909, 0x23113526, 0x34352622, 0x32213336, 0x06141516, 0x1411012b, 0x08012306, 0x241a9d27, 0xc1011a24, 0x1a24231b, 0x0c1d279d, 0xe1011d28, 0x231a1a23, 0x231a1a23, 
    0x281d1ffe, 0x46000100, 0x7602f4ff, 0x1d00a002, 0x1e402100, 0x00000102, 0x01004d48, 0x04610301, 0x49030301, 0x00004e03, 0x1c001d00, 0x05262525, 0x042b1909, 0x1135012e, 
    0x32333634, 0x14111516, 0x36323316, 0x36341135, 0x15163233, 0x010e1411, 0x7f0b0123, 0x1c1d2746, 0x43434e27, 0x1c1d274e, 0x537f4627, 0x5481480c, 0x281d4a01, 0xacfe1d28, 
    0x45515145, 0x281d5401, 0xb6fe1d28, 0x00488154, 0x21000100, 0x7402f4ff, 0x1500a002, 0x1e402100, 0x01000112, 0x02034c01, 0x48010102, 0x0000004d, 0x004e0049, 0x00150000, 
    0x04262614, 0x002b1809, 0x07141516, 0x22230603, 0x35260327, 0x32333634, 0x36011b17, 0x264e0233, 0x2d13e108, 0x08e2122e, 0x132c1c27, 0x2c14a7a8, 0x1b26a002, 0xe7fd0f15, 
    0x19022e2e, 0x261b1212, 0x0163fe30, 0x0000309d, 0x26000100, 0xe503f4ff, 0x2800a002, 0x24402700, 0x030b1c24, 0x4c010200, 0x03030405, 0x4d480202, 0x00000101, 0x004e0049, 
    0x00280000, 0x25272627, 0x1a090627, 0x1516002b, 0x0e030714, 0x27222301, 0x010e010b, 0x27262223, 0x34352603, 0x16323336, 0x3e011b17, 0x16323301, 0x3e011b17, 0xbe033301, 
    0x08ca0727, 0x112e1621, 0x20089090, 0x08211716, 0x1c2808ca, 0x91072116, 0x1723088b, 0x8c082317, 0x1621088f, 0x1c27a002, 0xe6fd120f, 0x012e1816, 0x1671fe8f, 0x02161818, 
    0x1c0e131a, 0xfe141827, 0x188b016e, 0xfe181b1b, 0x15910175, 0x00000018, 0x27000100, 0x3e02f4ff, 0x2400a002, 0x1d402000, 0x08111a23, 0x01020004, 0x0201034c, 0x014d4802, 
    0x49000001, 0x2a244e00, 0x09042325, 0x15242b1a, 0x22230614, 0x07012f26, 0x26222306, 0x013f3435, 0x34352627, 0x1f323336, 0x33363701, 0x14151632, 0x0217010f, 0x101c273e, 
    0x93920a1c, 0x271b2215, 0x1399a713, 0x15231b27, 0x22168784, 0x9b14261c, 0x1a154aa7, 0xcf0e0f27, 0x1b271dcf, 0xdde91c15, 0x251a181c, 0x1fc1c21e, 0x1d191a26, 0x0000ecda, 
    0x29000100, 0x4802f4ff, 0x1b00a002, 0x1a401d00, 0x03020a14, 0x4c010100, 0x01010102, 0x00004d48, 0x4e004900, 0x03252826, 0x002b1909, 0x14150307, 0x26222306, 0x2603013d, 
    0x33363435, 0x011f1632, 0x33013e37, 0x02151632, 0x27be0e48, 0xbd271c1d, 0x161c260f, 0x8e8e0c1e, 0x1c151f0b, 0x15480226, 0x1dc2c8fe, 0xc21d2828, 0x17163801, 0x1513251b, 
    0x1315f6f6, 0x00001c25, 0x14000100, 0x38020000, 0x1b009402, 0x22402500, 0x02010100, 0x0202005f, 0x01044d40, 0x5f000303, 0x41000000, 0x00004e00, 0x1a001b00, 0x05342534, 
    0x242b1909, 0x06141516, 0x26222123, 0x01373435, 0x35262223, 0x21333634, 0x14151632, 0x02210107, 0x1a242315, 0x241b59fe, 0xfe4e0112, 0x1b24241b, 0x241a7b01, 0x01b2fe11, 
    0x1a237a2a, 0x1a23231a, 0xb3011812, 0x231a1a23, 0x18131a23, 0x00004efe, 0x2100ffff, 0x7402f4ff, 0x2200ae03, 0x00000200, 0x7e030300, 0x00007802, 0x2100ffff, 0x7402f4ff, 
    0x2200a803, 0x00000200, 0x82030300, 0x00004502, 0x2100ffff, 0x7402f4ff, 0x2200a303, 0x00000200, 0x80030300, 0x00004502, 0x2100ffff, 0x7402f4ff, 0x22007c03, 0x00000200, 
    0x7b030300, 0x00004502, 0x2100ffff, 0x7402f4ff, 0x2200ae03, 0x00000200, 0x7d030300, 0x00000002, 0x2100ffff, 0x7402f4ff, 0x22005f03, 0x00000200, 0x85030300, 0x00004502, 
    0x2100ffff, 0x810240ff, 0x2200a002, 0x00000200, 0x6d030300, 0x00000e03, 0x2100ffff, 0x7402f4ff, 0x22009703, 0x00000200, 0x83030300, 0x00004502, 0x2100ffff, 0x7402f4ff, 
    0x22008f03, 0x00000200, 0x84030300, 0x00004502, 0x28000200, 0x3403f4ff, 0x2b009402, 0x79002e00, 0x05012eb5, 0x4b4c0104, 0x585015b0, 0x05002740, 0x05080600, 0x08006706, 
    0x08000100, 0x04006701, 0x005f0304, 0x4d400303, 0x07070109, 0x01026100, 0x00410000, 0x2b401b4e, 0x06000500, 0x67060508, 0x01000800, 0x67010800, 0x03040400, 0x0303005f, 
    0x01094d40, 0x5f000707, 0x41000000, 0x0202004d, 0x594e0249, 0x00001240, 0x2b002c2d, 0x21242a00, 0x13233724, 0x1d090a34, 0x1516242b, 0x012b0614, 0x012f2622, 0x010e0723, 
    0x35262223, 0x3e013734, 0x32213301, 0x06141516, 0x3317012b, 0x14151632, 0x17012b06, 0x03332533, 0x24231103, 0x2319f61a, 0x1ff80505, 0x1d121e08, 0x10010826, 0x0119220c, 
    0x24231b63, 0x9216f71a, 0x1921201a, 0xfebe1c7f, 0x7a2bac05, 0x231a1a23, 0x3c21171e, 0x1c241412, 0x12020e12, 0x1a231618, 0x2086231a, 0xa721181a, 0x000d014b, 0x2800ffff, 
    0x3403f4ff, 0x2200ae03, 0x00002500, 0x7e030300, 0x0000d202, 0x2600ffff, 0x9a02f4ff, 0x2200b503, 0x00000400, 0x7e030701, 0x0700b202, 0x01b10800, 0xb007b001, 0x00002b35, 
    0x2600ffff, 0x9a02f4ff, 0x2200aa03, 0x00000400, 0x81030701, 0x07007f02, 0x01b10800, 0xb007b001, 0x00002b35, 0x2600ffff, 0x9a0240ff, 0x2200a002, 0x00000400, 0x6c030300, 
    0x00005d02, 0x2600ffff, 0x9a02f4ff, 0x2200aa03, 0x00000400, 0x80030701, 0x07007f02, 0x01b10800, 0xb007b001, 0x00002b35, 0x2600ffff, 0x9a02f4ff, 0x22008703, 0x00000400, 
    0x7c030701, 0x07007f02, 0x01b10800, 0xb007b001, 0x00002b35, 0xf1ff0200, 0x8b020000, 0x19009402, 0x3c002c00, 0x01053940, 0x01010602, 0x69010207, 0x03040400, 0x0301085f, 
    0x094d4003, 0x00070701, 0x0000005f, 0x1a4e0041, 0x1a00001a, 0x2a2b1a2c, 0x21222428, 0x0019001f, 0x36232417, 0x2b19090a, 0x15011e00, 0x2b010e14, 0x3d262201, 0x26222301, 
    0x3b363435, 0x36343501, 0x3e12013b, 0x26343501, 0x3315012b, 0x14151632, 0x15012b06, 0xa38e0133, 0x68a45b5a, 0x1c271e94, 0x1a24241a, 0x941e271c, 0x77376541, 0x1a365167, 
    0x361a2424, 0x52940251, 0x97616195, 0xbc1e2754, 0x20181920, 0xfd271edd, 0x3f5f34e6, 0x20a86f5f, 0x87201918, 0x4b00ffff, 0x8b020000, 0x2200a303, 0x00000500, 0x81030300, 
    0x00002202, 0xf1ffffff, 0x8b020000, 0x02009402, 0x00002c00, 0x4b00ffff, 0x1b020000, 0x2200ae03, 0x00000600, 0x7e030300, 0x00005302, 0x4b00ffff, 0x1b020000, 0x2200a803, 
    0x00000600, 0x82030300, 0x00002002, 0x4b00ffff, 0x1b020000, 0x2200a303, 0x00000600, 0x81030300, 0x00001f02, 0x4b00ffff, 0x1b020000, 0x2200a303, 0x00000600, 0x80030300, 
    0x00002002, 0x4b00ffff, 0x1b020000, 0x22007c03, 0x00000600, 0x7b030300, 0x00002002, 0x4b00ffff, 0x1b020000, 0x22008003, 0x00000600, 0x7c030300, 0x00002002, 0x4b00ffff, 
    0x1b020000, 0x2200ae03, 0x00000600, 0x7d030300, 0x0000dc01, 0x4b00ffff, 0x1b020000, 0x22005f03, 0x00000600, 0x85030300, 0x00002002, 0x4b000100, 0x1b0240ff, 0x36009402, 
    0x38403b00, 0x05000400, 0x67050406, 0x02030300, 0x0202005f, 0x06004d40, 0x005f0106, 0x4d410101, 0x07070108, 0x00006100, 0x4e004500, 0x36000000, 0x24213400, 0x24352421, 
    0x1d090926, 0x1516042b, 0x06070614, 0x35262223, 0x22233734, 0x34113526, 0x32213336, 0x06141516, 0x3315012b, 0x14151632, 0x15012b06, 0x15163221, 0x0f060714, 0x15010e01, 
    0x37331614, 0x14170402, 0x36201c13, 0x1ce02e42, 0x011c2727, 0x24231b43, 0x19afff1a, 0xaf192222, 0x231b0b01, 0x260d0204, 0x11130f15, 0x14185d0f, 0x07051a11, 0x33292d37, 
    0x0e021c27, 0x1a23261d, 0x2186231a, 0xa7211819, 0x080d1a23, 0x12210d0b, 0x0e0c0b16, 0x00000001, 0x2600ffff, 0xc202f4ff, 0x2200a803, 0x00000800, 0x82030300, 0x00007f02, 
    0x2600ffff, 0xc202f4ff, 0x2200a303, 0x00000800, 0x80030300, 0x00007e02, 0x2600ffff, 0xc20202ff, 0x2200a002, 0x00000800, 0x6b030300, 0x00006e02, 0x2600ffff, 0xc202f4ff, 
    0x22008003, 0x00000800, 0x7c030300, 0x00007e02, 0xf1ff0200, 0xeb02f4ff, 0x3100a002, 0x40003500, 0x03053d40, 0x060a0102, 0x010b0002, 0x010d6900, 0x0708000b, 0x0467080b, 
    0x48020201, 0x02090c4d, 0x07490707, 0x0032324e, 0x32353200, 0x00333435, 0x13300031, 0x23232423, 0x23242313, 0x2b1f090e, 0x11352616, 0x35262223, 0x013b3634, 0x33363435, 
    0x011d1632, 0x36343521, 0x1d163233, 0x16323301, 0x2b061415, 0x06141101, 0x3d262223, 0x14152101, 0x35012306, 0x277c1521, 0x2020192b, 0x1c272b19, 0x2401271d, 0x271d1d26, 
    0x2020192b, 0x1d272b19, 0xdcfe271c, 0x68011d27, 0x280cdcfe, 0x207b011d, 0x36201918, 0x1d28281d, 0x281d3636, 0x20361d28, 0xfe201819, 0x28281d85, 0x1d9d9d1d, 0x6a560128, 
    0x0000006a, 0x4b00ffff, 0x7d02f4ff, 0x2200a303, 0x00000900, 0x80030300, 0x00005e02, 0x4b00ffff, 0x5602f4ff, 0x2200a002, 0x00000a00, 0x0b000300, 0x00001d01, 0x4b00ffff, 
    0x1f01f4ff, 0x2200ae03, 0x00000a00, 0x7e030300, 0x0000bc01, 0xe2ffffff, 0x3b01f4ff, 0x2200a803, 0x00000a00, 0x82030300, 0x00008901, 0xe4ffffff, 0x3a01f4ff, 0x2200a303, 
    0x00000a00, 0x80030300, 0x00008901, 0xbdffffff, 0x6101f4ff, 0x22007c03, 0x00000a00, 0x7b030300, 0x00008901, 0x3a00ffff, 0xe300f4ff, 0x22008003, 0x00000a00, 0x7c030300, 
    0x00008901, 0xefffffff, 0xd200f4ff, 0x2200ae03, 0x00000a00, 0x7d030300, 0x00004501, 0xe6ffffff, 0x3801f4ff, 0x22005f03, 0x00000a00, 0x85030300, 0x00008901, 0x0600ffff, 
    0xe10040ff, 0x2200a002, 0x00000a00, 0x6d030300, 0x00006e01, 0xc7ffffff, 0x5601f4ff, 0x22008f03, 0x00000a00, 0x84030300, 0x00008901, 0x0500ffff, 0x8f01f4ff, 0x2200a303, 
    0x00000b00, 0x80030300, 0x0000de01, 0x4b00ffff, 0x6f0202ff, 0x2200a002, 0x00000c00, 0x6b030300, 0x00003d02, 0x4b00ffff, 0xfb010000, 0x2200ae03, 0x00000d00, 0x7e030300, 
    0x0000bc01, 0x4b00ffff, 0x0f020000, 0x2200a002, 0x00000d00, 0x8a030701, 0x94ffbd02, 0x01b10900, 0x94ffb801, 0x002b35b0, 0x4b00ffff, 0xfb0102ff, 0x2200a002, 0x00000d00, 
    0x6b030300, 0x00000b02, 0x4b00ffff, 0xfb010000, 0x2200a002, 0x00000d00, 0x9e020701, 0x3a000d01, 0x01b10800, 0xb03ab001, 0x00002b35, 0xfcff0100, 0xfb010000, 0x2700a002, 
    0x36403900, 0x0a131b25, 0x01030104, 0x0203004c, 0x01030201, 0x04010080, 0x7e040102, 0x48020200, 0x0401054d, 0x00600004, 0x00410000, 0x0000004e, 0x25260027, 0x06342429, 
    0x242b1a09, 0x06141516, 0x26222123, 0x2306013d, 0x34352622, 0x11013f36, 0x32333634, 0x37011d16, 0x16323336, 0x0f061415, 0x01331501, 0x1b2323d8, 0x271ed3fe, 0x22180c09, 
    0x27231715, 0x7d261d1d, 0x21170c0e, 0xeba41714, 0x1a1a237a, 0x861e2723, 0x14181f04, 0x01100a1c, 0x28291c13, 0x0638dc1d, 0x1b14181f, 0x00884a0b, 0x4b00ffff, 0x7d02f4ff, 
    0x2200ae03, 0x00000f00, 0x7e030300, 0x00009102, 0x4b00ffff, 0x7d02f4ff, 0x2200a303, 0x00000f00, 0x81030300, 0x00005e02, 0x4b00ffff, 0x7d0202ff, 0x2200a002, 0x00000f00, 
    0x6b030300, 0x00005602, 0x4b000100, 0x7d0240ff, 0x2600a002, 0x2c402f00, 0x03121322, 0x4c010302, 0x03020405, 0x004d4803, 0x4d490202, 0x00010100, 0x00000061, 0x004e0045, 
    0x00260000, 0x35272525, 0x1a090625, 0x1516002b, 0x23061411, 0x35262722, 0x013b3634, 0x013d3632, 0x06141101, 0x35262223, 0x33363411, 0x01171632, 0x33363403, 0x61275602, 
    0x2015265d, 0x220a1c26, 0x27dcfe24, 0x26271d1c, 0x131b171c, 0x27012501, 0x28a0021d, 0x5b9ffd1d, 0x23120c5f, 0x2022241b, 0xfe77011e, 0x28281da2, 0x1d23021d, 0xfe181427, 
    0x1d5e0189, 0x00000028, 0x4b00ffff, 0x7d02f4ff, 0x22008f03, 0x00000f00, 0x84030300, 0x00005e02, 0x2600ffff, 0xe402f4ff, 0x2200ae03, 0x00001000, 0x7e030300, 0x0000b202, 
    0x2600ffff, 0xe402f4ff, 0x2200a803, 0x00001000, 0x82030300, 0x00008002, 0x2600ffff, 0xe402f4ff, 0x2200a303, 0x00001000, 0x80030300, 0x00007f02, 0x2600ffff, 0xe402f4ff, 
    0x22007c03, 0x00001000, 0x7b030300, 0x00007f02, 0x2600ffff, 0xe402f4ff, 0x2200ae03, 0x00001000, 0x7d030300, 0x00003b02, 0x2600ffff, 0xe402f4ff, 0x2200ae03, 0x00001000, 
    0x7f030300, 0x0000b002, 0x2600ffff, 0xe402f4ff, 0x22005f03, 0x00001000, 0x85030300, 0x00007f02, 0x27000300, 0xe402f4ff, 0x2300a002, 0x35002c00, 0x39403c00, 0x0204011a, 
    0x25263233, 0x05061123, 0x00010804, 0x004c0305, 0x61020404, 0x02020103, 0x01064d48, 0x61000505, 0x00000101, 0x2d4e0049, 0x2d352d2d, 0x2b232934, 0x09072523, 0x16002b1b, 
    0x010e1415, 0x07272223, 0x26222306, 0x013f3435, 0x3435012e, 0x3233013e, 0x33363717, 0x14151632, 0x1700010f, 0x22232601, 0x0415010e, 0x3435013e, 0x33160127, 0x5e23c102, 
    0x587060a1, 0x16191527, 0x20261321, 0x61a05d23, 0x15275a6f, 0x13211619, 0x1a0afe26, 0x3c343101, 0x0138643f, 0x1a386319, 0x4031d0fe, 0x3867e901, 0x3c5b9d5e, 0x17221527, 
    0x2b261319, 0x9c5f3967, 0x15273c5b, 0x13191722, 0x32f7fe26, 0x391d3201, 0x39df4066, 0x323d4066, 0x001dcffe, 0x2700ffff, 0xe402f4ff, 0x2200ae03, 0x00005b00, 0x7e030300, 
    0x0000b302, 0x2600ffff, 0xe402f4ff, 0x22008f03, 0x00001000, 0x84030300, 0x00007f02, 0x26000200, 0x2804f4ff, 0x2f00a002, 0xff004000, 0x5015b04b, 0x180f4058, 0x34020401, 
    0x05060233, 0x07000109, 0x4b1b4c03, 0x58501bb0, 0x01180f40, 0x33340304, 0x09050602, 0x03070001, 0x0f401b4c, 0x03080118, 0x06023334, 0x00010905, 0x594c0309, 0x15b04b59, 
    0x23405850, 0x06000500, 0x67060507, 0x04040108, 0x01036102, 0x4d480202, 0x030a090b, 0x61000707, 0x00000101, 0x1b4e0041, 0x501bb04b, 0x00394058, 0x07060005, 0x08670605, 
    0x02040401, 0x02020061, 0x01084d48, 0x5f030404, 0x40030300, 0x0a090b4d, 0x00070703, 0x0000005f, 0x090b4d41, 0x0707030a, 0x01006101, 0x4e014901, 0x0033401b, 0x07060005, 
    0x00670605, 0x61020808, 0x48020200, 0x0404004d, 0x03005f03, 0x0a4d4003, 0x00070701, 0x0000005f, 0x010b4d41, 0x61010909, 0x49010100, 0x59594e01, 0x30301840, 0x40300000, 
    0x37393f30, 0x2e002f00, 0x35242124, 0x0c342526, 0x242b1d09, 0x06141516, 0x26222123, 0x010e013d, 0x012e2223, 0x013e3435, 0x17163233, 0x33363435, 0x15163221, 0x012b0614, 
    0x16323315, 0x2b061415, 0x04211501, 0x3537013e, 0x2223022e, 0x1415010e, 0x0433011e, 0x1b232305, 0x271cb1fe, 0x61406e27, 0xa05c5ca0, 0x276e3f62, 0x43011c27, 0x1b23231b, 
    0x2119b0ff, 0x01b01921, 0x5dd3fd0b, 0x39050539, 0x603d395d, 0x3d603636, 0x1a1a237a, 0x021c2723, 0x9c5a2a27, 0x5a9d5f60, 0x1d01262a, 0x1a1a2326, 0x19218623, 0x09a72118, 
    0x2e385831, 0x38315939, 0x633e3f63, 0x00000037, 0x4b000200, 0x3102f4ff, 0x1800a002, 0x34002100, 0x00003140, 0x04050107, 0x00670500, 0x02010004, 0x06670104, 0x48030301, 
    0x0202004d, 0x194e0249, 0x19000019, 0x1c201921, 0x0018001a, 0x23262317, 0x2b190908, 0x011d1612, 0x011e3233, 0x010e1415, 0x1415012b, 0x26222306, 0x36341135, 0x33151733, 
    0x34353632, 0x27ab2326, 0x3c6b4672, 0x72456c3c, 0x271d1c27, 0x71431e26, 0x2e36362e, 0x1d28a002, 0x3f62362c, 0x4737623f, 0x1d28281d, 0x271e2202, 0x2c35c2e8, 0x0000352c, 
    0x4b00ffff, 0x5402f4ff, 0x2200ae03, 0x00001300, 0x7e030300, 0x00003f02, 0x4b00ffff, 0x5402f4ff, 0x2200a303, 0x00001300, 0x81030300, 0x00000b02, 0x4b00ffff, 0x540202ff, 
    0x22009402, 0x00001300, 0x6b030300, 0x00002d02, 0x2f00ffff, 0x0402f4ff, 0x2200ae03, 0x00001400, 0x7e030300, 0x00004502, 0x2f00ffff, 0x0402f4ff, 0x2200a303, 0x00001400, 
    0x81030300, 0x00001202, 0x2f00ffff, 0x040240ff, 0x2200a002, 0x00001400, 0x6c030300, 0x00000002, 0x2f00ffff, 0x0402f4ff, 0x2200a303, 0x00001400, 0x80030300, 0x00001202, 
    0x2f00ffff, 0x040202ff, 0x2200a002, 0x00001400, 0x6b030300, 0x00000e02, 0x4b000100, 0xb402f4ff, 0x34009402, 0x35403800, 0x04030134, 0x03004c01, 0x03040104, 0x01008001, 
    0x02010402, 0x0404007e, 0x06005f06, 0x004d4006, 0x61000202, 0x00000105, 0x354e0049, 0x24241523, 0x09072526, 0x16002b1d, 0x010e1415, 0x27262223, 0x36343526, 0x011e3233, 
    0x32331617, 0x26343536, 0x35262223, 0x21013f34, 0x23061411, 0x11352622, 0x21333634, 0x14151632, 0x02010f06, 0x683b5f55, 0x1c442341, 0x0b192232, 0x22020d11, 0x46372c25, 
    0x15261b43, 0x27fbfe61, 0x27271d1c, 0x19bf011e, 0x650e0d22, 0x50759501, 0x1339643f, 0x19261e10, 0x01080721, 0x302c3715, 0x171b2334, 0x1ffe7816, 0x1d28281d, 0x271e1602, 
    0x1a0d1922, 0x00007c11, 0x2600ffff, 0xb602f4ff, 0x0200a002, 0x00006501, 0x06000100, 0x4302f4ff, 0x28009402, 0x2c402f00, 0x06010105, 0x01070001, 0x01046700, 0x5f030202, 
    0x40030300, 0x0701084d, 0x4e074907, 0x28000000, 0x21242700, 0x24213424, 0x1d090923, 0x3d26042b, 0x26222301, 0x3b363435, 0x22233501, 0x36343526, 0x16322133, 0x2b061415, 
    0x32331501, 0x06141516, 0x1415012b, 0x08012306, 0x21187f27, 0x9d7f1821, 0x1a24241a, 0x231bc101, 0x7f9d1a24, 0x19202019, 0x0c1d277f, 0x21aa1d28, 0xc6201818, 0x231a1a23, 
    0x231a1a23, 0x18191fc6, 0x281daa21, 0x0600ffff, 0x4302f4ff, 0x2200a303, 0x00001500, 0x81030300, 0x00001e02, 0x0600ffff, 0x430240ff, 0x22009402, 0x00001500, 0x6c030300, 
    0x00000802, 0x0600ffff, 0x430202ff, 0x22009402, 0x00001500, 0x6b030300, 0x00001602, 0x4600ffff, 0x7602f4ff, 0x2200ae03, 0x00001600, 0x7e030300, 0x00008b02, 0x4600ffff, 
    0x7602f4ff, 0x2200a803, 0x00001600, 0x82030300, 0x00005802, 0x4600ffff, 0x7602f4ff, 0x2200a303, 0x00001600, 0x80030300, 0x00005802, 0x4600ffff, 0x7602f4ff, 0x22007c03, 
    0x00001600, 0x7b030300, 0x00005802, 0x4600ffff, 0x7602f4ff, 0x2200ae03, 0x00001600, 0x7d030300, 0x00001402, 0x4600ffff, 0x7602f4ff, 0x2200ae03, 0x00001600, 0x7f030300, 
    0x00008902, 0x4600ffff, 0x7602f4ff, 0x22005f03, 0x00001600, 0x85030300, 0x00005802, 0x46000100, 0x760240ff, 0x3500a002, 0x32403500, 0x02000105, 0x01034c01, 0x4d480101, 
    0x00020200, 0x00000061, 0x01054d49, 0x61060404, 0x06060107, 0x004e0645, 0x00350000, 0x251b2234, 0x08262625, 0x042b1c09, 0x36343526, 0x22230637, 0x1135012e, 0x32333634, 
    0x14111516, 0x36323316, 0x36341135, 0x15163233, 0x0f061411, 0x15010e01, 0x36323314, 0x15163233, 0x06070614, 0x427a0123, 0x0614191c, 0x27457b4d, 0x4e271c1d, 0x274e4343, 
    0x31271c1d, 0x1d21212e, 0x02080522, 0x11141713, 0x35c0231a, 0x122e172b, 0x51824902, 0x281d4a01, 0xacfe1d28, 0x45515145, 0x281d5401, 0xb6fe1d28, 0x1d297443, 0x1c13261e, 
    0x11141802, 0x00080519, 0x4600ffff, 0x7602f4ff, 0x22009703, 0x00001600, 0x83030300, 0x00005802, 0x4600ffff, 0x7602f4ff, 0x22008f03, 0x00001600, 0x84030300, 0x00005802, 
    0x2600ffff, 0xe503f4ff, 0x2200ae03, 0x00001800, 0x7e030300, 0x00003303, 0x2600ffff, 0xe503f4ff, 0x2200a303, 0x00001800, 0x80030300, 0x00000003, 0x2600ffff, 0xe503f4ff, 
    0x22007c03, 0x00001800, 0x7b030300, 0x00000003, 0x2600ffff, 0xe503f4ff, 0x2200ae03, 0x00001800, 0x7d030300, 0x0000bc02, 0x2900ffff, 0x4802f4ff, 0x2200ae03, 0x00001a00, 
    0x7e030300, 0x00006402, 0x2900ffff, 0x4802f4ff, 0x2200a303, 0x00001a00, 0x80030300, 0x00003102, 0x2900ffff, 0x4802f4ff, 0x22007c03, 0x00001a00, 0x7b030300, 0x00003102, 
    0x2900ffff, 0x4802f4ff, 0x2200ae03, 0x00001a00, 0x7d030300, 0x0000ed01, 0x1400ffff, 0x38020000, 0x2200ae03, 0x00001b00, 0x7e030300, 0x00005802, 0x1400ffff, 0x38020000, 
    0x2200a303, 0x00001b00, 0x81030300, 0x00002502, 0x1400ffff, 0x38020000, 0x22008003, 0x00001b00, 0x7c030300, 0x00002502, 0x4b00ffff, 0x9102f4ff, 0x2200ae03, 0x00003f00, 
    0x0b002300, 0x00001d01, 0x7e030300, 0x00002e03, 0x3a00ffff, 0xe300f4ff, 0x22008003, 0x00000a00, 0x7c030300, 0x00008901, 0x10000200, 0x9d01ec00, 0x18009c02, 0x25001b00, 
    0x011b2240, 0x4c010304, 0x01000102, 0x04008600, 0x04000100, 0x03006801, 0x4e032103, 0x13232613, 0x1b070523, 0x1415002b, 0x26222306, 0x0723012f, 0x2223010e, 0x37343526, 
    0x32333613, 0x33271317, 0x1f9d0127, 0x061a1116, 0x060ea50e, 0x1f16111a, 0x230f8f06, 0xf68f0f23, 0x2e013469, 0x121f160d, 0x11242411, 0x0d161f12, 0x2241010b, 0x47c0fe23, 
    0x0000008d, 0x1d000200, 0xdb01ec00, 0x0f009c02, 0x29001b00, 0x02002640, 0x00020000, 0x03010565, 0x04610103, 0x21010101, 0x10104e03, 0x1b100000, 0x14161a10, 0x0e000f00, 
    0x17070626, 0x011e002b, 0x010e1415, 0x012e2223, 0x013e3435, 0x15010e33, 0x32331614, 0x26343536, 0x66390123, 0x3e673b3c, 0x3b3b653e, 0x41333d66, 0x42343441, 0x9c023343, 
    0x3c3c6339, 0x63393963, 0x39633c3c, 0x35354360, 0x34354343, 0x00000044, 0x24000200, 0xe201f4ff, 0x2200fa01, 0x5d002c00, 0x440005b1, 0x01094440, 0x4c010700, 0x02030400, 
    0x80020403, 0x06000200, 0x67060207, 0x05030300, 0x05010861, 0x094d4b05, 0x00070701, 0x00010161, 0x4e004900, 0x00002323, 0x2b232c23, 0x22002528, 0x23222100, 0x0a252324, 
    0x402b1b09, 0x7f267f0a, 0x8f268f27, 0x2a2b0427, 0x6405b130, 0x1d160044, 0x23061401, 0x06272622, 0x35262223, 0x013b3634, 0x23263435, 0x23060722, 0x34352622, 0x33013e37, 
    0x013d3612, 0x14152223, 0x72013316, 0x181c2570, 0x59380524, 0x57645f4c, 0x342d307c, 0x1913152b, 0x5e1f1c21, 0x6a3c1336, 0x01212645, 0xee656ffa, 0x171d261d, 0x43425235, 
    0x2e29164d, 0x17201025, 0x201d1a1c, 0x2a385dfe, 0x1d193206, 0x43000200, 0x4e02f4ff, 0x1b00fa02, 0x3e002700, 0x01183b40, 0x010a0304, 0x4c020500, 0x42020200, 0x0404004d, 
    0x01066103, 0x4d4b0303, 0x05050107, 0x01016100, 0x00490000, 0x001c1c4e, 0x1c271c00, 0x00202226, 0x251a001b, 0x09082624, 0x1e002b19, 0x0e141501, 0x26222301, 0x23010e27, 
    0x11352622, 0x32333634, 0x3e011d16, 0x36123301, 0x23263435, 0x14150622, 0xa3013316, 0x6d3e3e6d, 0x1a4d3045, 0x1c1a2502, 0x1d1d2727, 0x2e4c1a26, 0x3749481f, 0x38454637, 
    0x7643fa01, 0x43764a4a, 0x231c1e21, 0x7c021d28, 0x1e27281d, 0xfe1f1cf6, 0x3b3c4d75, 0x3d3d4c4d, 0x0000004b, 0x27000100, 0x0402f4ff, 0x2500fa01, 0x33403600, 0x04020100, 
    0x80040102, 0x02030400, 0x007e0304, 0x61000202, 0x4b000000, 0x0303004d, 0x01066105, 0x05490505, 0x0000004e, 0x22240025, 0x26262224, 0x2b1b0907, 0x35012e16, 0x33013e34, 
    0x16171632, 0x23061415, 0x23262722, 0x14150622, 0x37323316, 0x16323336, 0x0e071415, 0x7ae72301, 0x497a4646, 0x0c1d6d3e, 0x111d1923, 0x49393e2a, 0x2d3b3949, 0x23191c12, 
    0x41691f0b, 0x4778450c, 0x36447747, 0x1911132c, 0x4c321523, 0x324c3c3b, 0x11192315, 0x00353011, 0x27000200, 0x3202f4ff, 0x1b00fa02, 0x3e002700, 0x01173b40, 0x01090204, 
    0x4c020500, 0x03030106, 0x04004d42, 0x00610204, 0x4d4b0202, 0x05050107, 0x01016100, 0x00490000, 0x001c1c4e, 0x1c271c00, 0x00202226, 0x261a001b, 0x09082524, 0x16002b19, 
    0x06141115, 0x27262223, 0x2223010e, 0x3435012e, 0x3233013e, 0x34351716, 0x36023336, 0x23263435, 0x14150622, 0x0c023316, 0x1a1c2626, 0x4d1a0226, 0x3e6d4530, 0x2e456d3e, 
    0x1d271a4c, 0x37464587, 0x38484937, 0x1e27fa02, 0x271d83fd, 0x211e1a25, 0x4a4a7643, 0x1c1f4376, 0xfd281df6, 0x3d3d4b75, 0x3c3b4d4c, 0x0000004d, 0x27000200, 0x1302f4ff, 
    0x1f00fa01, 0x55002600, 0x440005b1, 0x02003c40, 0x02000100, 0x05008001, 0x05020000, 0x01086700, 0x61040606, 0x04040107, 0x01004d4b, 0x00610301, 0x03490303, 0x0020204e, 
    0x20262000, 0x00222325, 0x261e001f, 0x09262222, 0x402b1a09, 0x7022700a, 0x80228023, 0x2a2b0423, 0x6405b130, 0x011e0044, 0x0614011d, 0x011e2123, 0x36373233, 0x15163233, 
    0x06070614, 0x012e2223, 0x013e3435, 0x07010e33, 0x23012e33, 0x3d6b6b01, 0xe6fe2129, 0x3937480c, 0x170e0f2e, 0x45121020, 0x467c4d58, 0x2f487643, 0x02e10b3f, 0xfa012f3a, 
    0x03426a3c, 0x332f261f, 0x171f091d, 0x2e0c1911, 0x48497644, 0x366d4477, 0x00372d2e, 0x0a000100, 0x7401f4ff, 0x2800fa02, 0x2c402f00, 0x06060107, 0x05006105, 0x034d4205, 
    0x00010101, 0x00010461, 0x004d4300, 0x02490202, 0x0000004e, 0x23260028, 0x24232324, 0x1c090823, 0x1d06002b, 0x16323301, 0x2b061415, 0x06141101, 0x35262223, 0x26222311, 
    0x3b363435, 0x36343501, 0x1e173233, 0x06141501, 0x07012723, 0x20193e26, 0x263e1920, 0x16271d1d, 0x19212119, 0x26566216, 0x2012101a, 0x8102101b, 0x20452528, 0xfe201919, 
    0x28271ebc, 0x2044011d, 0x51201919, 0x070d6258, 0x1e19131c, 0x00000001, 0x29000200, 0x340240ff, 0x2600fa01, 0x82003200, 0x01230a40, 0x01160406, 0x4c020703, 0x5021b04b, 
    0x002a4058, 0x03020301, 0x00800201, 0x61040606, 0x04020508, 0x094d4b04, 0x03070701, 0x03030061, 0x02004d41, 0x00610002, 0x00450000, 0x28401b4e, 0x02030100, 0x80020103, 
    0x00070109, 0x03070103, 0x06060069, 0x05086104, 0x4b040402, 0x0202004d, 0x00006100, 0x4e004500, 0x27164059, 0x27000027, 0x2d312732, 0x0026002b, 0x22242625, 0x090a2526, 
    0x16002b1b, 0x06141115, 0x27262223, 0x36343526, 0x16173233, 0x3d363233, 0x22230601, 0x3435012e, 0x3233013e, 0x013e1716, 0x35360233, 0x22232634, 0x16141506, 0x260e0233, 
    0x6d3d7987, 0x19241c2b, 0x463f1311, 0x6136463e, 0x3c3c6c45, 0x4e32456c, 0x1a27011a, 0x39444588, 0x38484838, 0x1d27fa01, 0x827581fe, 0x1d142223, 0x2c0d2419, 0x3b1b373e, 
    0x4747703f, 0x1e213e70, 0x87fe241b, 0x463a3c4a, 0x4b3a3948, 0x43000100, 0x0a02f4ff, 0x2200fa02, 0x2a402d00, 0x0401011f, 0x03004c01, 0x004d4203, 0x61040101, 0x04040105, 
    0x01024d4b, 0x00490000, 0x0000004e, 0x25210022, 0x06252525, 0x002b1a09, 0x14011d16, 0x26222306, 0x2634013d, 0x1d062223, 0x23061401, 0x11352622, 0x32333634, 0x3e011d16, 
    0xa5013301, 0x1c1d2665, 0x29293327, 0x1d1d2635, 0x1d1d2727, 0x29451a26, 0x5a6dfa01, 0x28271efa, 0x352be71d, 0x1ee72b35, 0x021d2827, 0x27281d7c, 0x1c1af11e, 0x3200ffff, 
    0xdb00f4ff, 0x2200f502, 0x0000c400, 0x61030300, 0x00008101, 0xb1ffffff, 0xdb0040ff, 0x2200f502, 0x0000ce00, 0x61030300, 0x00008101, 0x43000200, 0x0c02f4ff, 0x0d00fa02, 
    0x29002300, 0x01222640, 0x4c010300, 0x01010104, 0x03004d42, 0x024d4b03, 0x49000001, 0x00004e00, 0x11131b1d, 0x0c000d00, 0x17090525, 0x1516122b, 0x23061411, 0x11352622, 
    0x00333634, 0x23061415, 0x26012f22, 0x013f3435, 0x16323336, 0x010f1415, 0x2626a417, 0x27271d1d, 0x2685011d, 0x9f17201b, 0x16931515, 0x16261b21, 0xfa028478, 0x84fd1e27, 
    0x1d28271e, 0x281d7c02, 0x1b1854fd, 0x19b51d26, 0xb6191718, 0x181b261c, 0x00928d1a, 0x43000100, 0xca00f4ff, 0x0d00fa02, 0x16401900, 0x42000000, 0x0101024d, 0x4e014901, 
    0x0d000000, 0x03250c00, 0x162b1709, 0x34113526, 0x16323336, 0x06141115, 0x27276a23, 0x27271c1d, 0x1d280c1c, 0x281d7c02, 0x84fd1d28, 0x0000281d, 0x43000100, 0x3e03f4ff, 
    0x3400fa01, 0x2d403000, 0x01022c31, 0x034c0105, 0x05010101, 0x06070861, 0x4b050503, 0x0202044d, 0x00490000, 0x0000004e, 0x23330034, 0x25252525, 0x09092525, 0x16002b1d, 
    0x0614011d, 0x3d262223, 0x23263401, 0x011d0622, 0x22230614, 0x34013d26, 0x06222326, 0x0614011d, 0x35262223, 0x33363411, 0x36171632, 0x17163233, 0x0233013e, 0x1d2665d9, 
    0x292f271d, 0x1d263328, 0x2830271d, 0x1d263229, 0x1d26271d, 0x35062217, 0x184b3051, 0x0131561e, 0xfa5c6bfa, 0x1d28271e, 0x34342ce7, 0x271eea29, 0x2ce71d28, 0xe72c3434, 
    0x1d28271e, 0x271d7d01, 0x2432171b, 0x00262123, 0x43000100, 0x0a02f4ff, 0x2100fa01, 0x26402900, 0x0301011e, 0x01004c01, 0x05610301, 0x03030204, 0x01024d4b, 0x00490000, 
    0x0000004e, 0x25200021, 0x06252525, 0x002b1a09, 0x14011d16, 0x26222306, 0x2634013d, 0x1d062223, 0x23061401, 0x11352622, 0x32333634, 0x013e1716, 0x65a50133, 0x271c1d26, 
    0x35292933, 0x271d1d26, 0x23171d26, 0x29471b05, 0x5b6cfa01, 0x28271efa, 0x352be81d, 0x1ee82a36, 0x011d2827, 0x1c271d7d, 0x001b1817, 0x27000200, 0x3a02f5ff, 0x0f00fa01, 
    0x2c001b00, 0x01052940, 0x61010303, 0x01010104, 0x02004d4b, 0x00610002, 0x00490000, 0x0010104e, 0x101b1000, 0x0014161a, 0x260e000f, 0x2b170906, 0x15011e00, 0x23010e14, 
    0x35012e22, 0x33013e34, 0x1415010e, 0x36323316, 0x23263435, 0x477a7901, 0x49497b47, 0x7a464679, 0x48483849, 0x49493738, 0x45fa0137, 0x77474776, 0x47774545, 0x7b447747, 
    0x4c3a3b4d, 0x4e3a3a4c, 0x43000200, 0x4e0240ff, 0x1b00fb01, 0x3e002700, 0x01183b40, 0x010a0204, 0x4c020500, 0x02040400, 0x02030661, 0x4d4b0202, 0x05050107, 0x00006100, 
    0x004d4900, 0x01450101, 0x001c1c4e, 0x1c271c00, 0x00202226, 0x251a001b, 0x09082625, 0x1e002b19, 0x0e141501, 0x26222301, 0x06141527, 0x35262223, 0x33363411, 0x3e171632, 
    0x36123301, 0x23263435, 0x14150622, 0xa3013316, 0x6d3e3e6d, 0x1a4c2e45, 0x271d1d26, 0x241b1c27, 0x304d1a02, 0x3848481f, 0x37464538, 0x7642fa01, 0x43774a4a, 0x1dac1d1f, 
    0x021d2727, 0x24261d34, 0xfe211e1c, 0x3c3b4d75, 0x3d3d4b4d, 0x0000004c, 0x27000200, 0x320240ff, 0x1b00fa01, 0x3e002700, 0x01183b40, 0x010a0204, 0x4c020501, 0x02040400, 
    0x02030661, 0x4d4b0202, 0x05050107, 0x01006101, 0x004d4901, 0x00450000, 0x001c1c4e, 0x1c271c00, 0x00202226, 0x261a001b, 0x09082525, 0x16002b19, 0x06141115, 0x3d262223, 
    0x23010e01, 0x35012e22, 0x33013e34, 0x3e171632, 0x36023301, 0x23263435, 0x14150622, 0x0c023316, 0x1d1d2626, 0x2e4c1a27, 0x3e3e6d45, 0x4d30456d, 0x1a26021a, 0x38454689, 
    0x38484838, 0x1d27fa01, 0x271dcefd, 0x1dac1d27, 0x4a77431f, 0x2142764a, 0xfe241b1e, 0x3d3d4c75, 0x3b3c4d4b, 0x0000004d, 0x43000100, 0x7d01f4ff, 0x1900fa01, 0xb04b9800, 
    0xb558502d, 0x01000116, 0x4b1b4c01, 0x58502eb0, 0x000116b5, 0x1b4c0102, 0x502fb04b, 0x0116b558, 0x4c010100, 0x0116b51b, 0x4c010200, 0x4b595959, 0x58502db0, 0x02030d40, 
    0x4b010102, 0x0000004d, 0x1b4e0049, 0x502eb04b, 0x00114058, 0x4d4b0101, 0x02020103, 0x00004d4b, 0x4e004900, 0x2fb04b1b, 0x0d405850, 0x01020203, 0x004d4b01, 0x00490000, 
    0x11401b4e, 0x4b010100, 0x0201034d, 0x004d4b02, 0x00490000, 0x5959594e, 0x00000b40, 0x18001900, 0x09042b25, 0x16002b18, 0x07061415, 0x011d010e, 0x22230614, 0x34113526, 
    0x16323336, 0x33013e17, 0x22225b01, 0x263e361d, 0x26271d1d, 0x02251a1d, 0x01233e18, 0x1b1c21f5, 0x43040323, 0x271ebe39, 0x7d011d28, 0x1a23271d, 0x00001d1b, 0x1a000100, 
    0xa401f4ff, 0x3100fb01, 0x05b16700, 0x33404400, 0x00040300, 0x80000304, 0x04010000, 0x007e0100, 0x61020404, 0x4b020200, 0x0101004d, 0x01066105, 0x05490505, 0x0000004e, 
    0x22300031, 0x26222b26, 0x2b1b0907, 0x10f62440, 0x12f611f6, 0x29f913f6, 0x2bf92af9, 0x2b082cf9, 0x11061006, 0x13061206, 0x2a092909, 0x2c092b09, 0x2a2a2c08, 0x6405b130, 
    0x27261644, 0x36343526, 0x16173233, 0x35363233, 0x012f2634, 0x3435012e, 0x16323336, 0x14151617, 0x27222306, 0x06222326, 0x1f161415, 0x15011e01, 0xad230614, 0x2113225e, 
    0x33131417, 0x17241b39, 0x4344351c, 0x522c5165, 0x1720181e, 0x2f2b150f, 0x1d171c19, 0x6d434830, 0x21260c54, 0x22171a10, 0x14152c0f, 0x160c1110, 0x4637441c, 0x12191c4f, 
    0x0e21171c, 0x0e11121e, 0x1d140b13, 0x544a3743, 0x08000100, 0x8c01f4ff, 0x28007702, 0x2c402f00, 0x03020300, 0x01010585, 0x04610201, 0x43020201, 0x0601074d, 0x00610006, 
    0x00490000, 0x0000004e, 0x24260028, 0x23242323, 0x1c090826, 0x1516242b, 0x06070614, 0x3d262223, 0x26222301, 0x3b363435, 0x36343501, 0x1d163233, 0x16323301, 0x2b061415, 
    0x16141501, 0x6c013733, 0x1f101220, 0x1c656127, 0x19212119, 0x1d1e261c, 0x20195b26, 0x2a5b1920, 0x1e6e132f, 0x081c1219, 0xcf5b5f0d, 0x20191920, 0x27271d44, 0x1920441d, 
    0x29c32019, 0x00000124, 0x3e000100, 0x0602f4ff, 0x1d00fa01, 0x1e402100, 0x00000102, 0x01004d4b, 0x04610301, 0x49030301, 0x00004e03, 0x1c001d00, 0x05262525, 0x162b1909, 
    0x013d012e, 0x32333634, 0x14011d16, 0x36323316, 0x3634013d, 0x1d163233, 0x010e1401, 0x3a68e023, 0x261d1d27, 0x34282935, 0x261d1e26, 0x0c42673a, 0xdc43693a, 0x1d27271d, 
    0x363629e7, 0x271de729, 0x43dc1d27, 0x00003a69, 0x15000100, 0x1a02f4ff, 0x1700fa01, 0x1e402100, 0x01000114, 0x02034c01, 0x4b010102, 0x0000004d, 0x004e0049, 0x00170000, 
    0x04272716, 0x002b1809, 0x07141516, 0x23010e03, 0x03272622, 0x36343526, 0x1b173233, 0x01333601, 0xba0a27f3, 0x1414200a, 0x0bba0a20, 0x13281b27, 0x29138586, 0x1a27fa01, 
    0x89fe150f, 0x14161614, 0x0f157701, 0xfe26271a, 0x261401ec, 0x12000100, 0x4603f4ff, 0x2600fa01, 0x24402700, 0x030c1c22, 0x4c010200, 0x03030405, 0x4d4b0202, 0x00000101, 
    0x004e0049, 0x00260000, 0x25272525, 0x1a090627, 0x1516002b, 0x0e030714, 0x26222301, 0x0607012f, 0x27262223, 0x34352603, 0x16323336, 0x36371317, 0x011f3233, 0x33013e13, 
    0x07262003, 0x141f0aac, 0x6d092014, 0x1429146d, 0x07ac0a1f, 0x20131b26, 0x15657808, 0x66142c2c, 0x13200878, 0x1b26fa01, 0x86fe0f12, 0x14161614, 0x162afbfb, 0x0f7a0114, 
    0x14261b12, 0xfaf9fe11, 0x01fb3232, 0x00141108, 0x27000100, 0xeb01f4ff, 0x2400fa01, 0x1d402000, 0x07101a23, 0x01020004, 0x0201034c, 0x014d4b02, 0x49000001, 0x2b244e00, 
    0x09042324, 0x15242b1a, 0x22230614, 0x0607012f, 0x35262223, 0x27013f34, 0x3435012e, 0x1f323336, 0x33363701, 0x14151632, 0x0117010f, 0x1f1c25eb, 0x18696919, 0x15261c1f, 
    0x0a0c6c78, 0x15211c26, 0x20176260, 0x6e16261b, 0x1b184d77, 0x86861e26, 0x171b261e, 0x118b951b, 0x261b0b16, 0x1d7c7c1d, 0x1a181b26, 0x0000968a, 0x12000100, 0x1a0240ff, 
    0x2300fa01, 0x27402a00, 0x0102151f, 0x054c0103, 0x03030204, 0x01024d4b, 0x62000101, 0x45000000, 0x00004e00, 0x22002300, 0x27161128, 0x2b1a0906, 0x14151600, 0x010e0307, 
    0x2e272223, 0x36343501, 0x36321733, 0x2603013f, 0x33363435, 0x1b171632, 0x33013e01, 0x0827f301, 0x436028da, 0x12101821, 0x210c1a23, 0xab12102d, 0x141b2709, 0x86830720, 
    0x01142008, 0x101a27fa, 0x5241fe0f, 0x1d070b49, 0x01211911, 0x0128211e, 0x1a0e1279, 0xfe121427, 0x112501db, 0x00000015, 0x13000100, 0xcc010000, 0x1c00ef01, 0x22402500, 
    0x02010100, 0x0202005f, 0x01044d43, 0x5f000303, 0x41000000, 0x00004e00, 0x1b001c00, 0x05342634, 0x242b1909, 0x06141516, 0x26222123, 0x37363435, 0x26222313, 0x33363435, 
    0x15163221, 0x33030714, 0x2121ab01, 0x18bafe19, 0xe40d0a21, 0x212119b4, 0x192f0119, 0xc8e61321, 0x18192072, 0x0d182121, 0x13010f15, 0x20191920, 0x16181820, 0x0000e9fe, 
    0x2400ffff, 0xe201f4ff, 0x22002103, 0x00008700, 0x63030300, 0x00003e02, 0x2400ffff, 0xe201f4ff, 0x22002003, 0x00008700, 0x67030300, 0x00000902, 0x2400ffff, 0xe201f4ff, 
    0x22001903, 0x00008700, 0x65030300, 0x00000902, 0x2400ffff, 0xe201f4ff, 0x2200f202, 0x00008700, 0x60030300, 0x00000902, 0x2400ffff, 0xe201f4ff, 0x22002103, 0x00008700, 
    0x62030300, 0x0000d601, 0x2400ffff, 0xe201f4ff, 0x2200d802, 0x00008700, 0x6a030300, 0x00000902, 0x2400ffff, 0xf10140ff, 0x2200fa01, 0x00008700, 0x6d030301, 0x00007e02, 
    0x05b11600, 0x0a404400, 0x3b7f3a7f, 0x3b8f3a8f, 0x302a2b04, 0x446405b1, 0x2400ffff, 0xe201f4ff, 0x22001b03, 0x00008700, 0x68030300, 0x00000902, 0x2400ffff, 0xe201f4ff, 
    0x2200fe02, 0x00008700, 0x69030300, 0x00000a02, 0x24000300, 0x4803f4ff, 0x3a00fa01, 0x4c004100, 0xb04b2e01, 0x4058500f, 0x0601370a, 0x03011a08, 0x1b4c0201, 0x501db04b, 
    0x370b4058, 0x01080601, 0x0d011a4c, 0x401b4b01, 0x0b01370b, 0x1a4c0108, 0x4b010d01, 0xb04b5959, 0x4058500f, 0x06070036, 0x05070605, 0x00020080, 0x01020001, 0x05010a80, 
    0x0200010c, 0x0f670005, 0x0606020b, 0x090e6108, 0x4b080802, 0x020d104d, 0x61030101, 0x03030104, 0x1b4e0349, 0x501db04b, 0x00404058, 0x06050607, 0x00800507, 0x00010002, 
    0x0a800102, 0x010c0501, 0x00050200, 0x020b0f67, 0x61080606, 0x0802090e, 0x004d4b08, 0x61030101, 0x03030104, 0x01104d49, 0x61030d0d, 0x03030104, 0x1b4e0349, 0x07004b40, 
    0x07060506, 0x02008005, 0x02000100, 0x010a8001, 0x00010c05, 0x67000502, 0x0b0b010f, 0x090e6108, 0x4b080802, 0x0606004d, 0x090e6108, 0x4b080802, 0x0101004d, 0x01046103, 
    0x4d490303, 0x0d0d0110, 0x01046103, 0x03490303, 0x4059594e, 0x3b424222, 0x4200003b, 0x474b424c, 0x3b413b45, 0x003d3e40, 0x2639003a, 0x24242322, 0x26222226, 0x2b1f0911, 
    0x1d011e00, 0x23061401, 0x33011e21, 0x33363732, 0x14151632, 0x23060706, 0x0e272622, 0x26222301, 0x3b363435, 0x26343501, 0x06072223, 0x35262223, 0x013e3734, 0x17163233, 
    0x0e33013e, 0x36330701, 0x36002326, 0x2223013d, 0x16141506, 0x6aa20233, 0xfe21283c, 0x36470ee6, 0x0e0f293d, 0x12102017, 0x6c425943, 0x42641d22, 0x56656253, 0x342c307c, 
    0x1813152c, 0x5c1f1d22, 0x1a543637, 0x34355922, 0x01e40a41, 0xc4fe303b, 0x23226a3c, 0xfa012026, 0x0742693c, 0x302d2720, 0x171f091d, 0x2e0c1911, 0x34302f35, 0x50454451, 
    0x252e2910, 0x1b172110, 0x26201d1a, 0x6d262323, 0x3e31333c, 0x2937cbfe, 0x1a191b0d, 0x0000001f, 0x2400ffff, 0x4803f4ff, 0x22002103, 0x0000aa00, 0x63030300, 0x0000df02, 
    0x2700ffff, 0x0402f4ff, 0x22002103, 0x00008900, 0x63030300, 0x00005f02, 0x2700ffff, 0x0402f4ff, 0x22001a03, 0x00008900, 0x66030300, 0x00002a02, 0x2700ffff, 0x040240ff, 
    0x2200fa01, 0x00008900, 0x6c030300, 0x00001802, 0x2700ffff, 0x0402f4ff, 0x22001903, 0x00008900, 0x65030300, 0x00002a02, 0x2700ffff, 0x0402f4ff, 0x2200f502, 0x00008900, 
    0x61030300, 0x00002a02, 0x26000200, 0x1602f4ff, 0x2e00fa02, 0xb3003a00, 0x500bb04b, 0x2d094058, 0x04101a23, 0x4c010302, 0x2d09401b, 0x04101a23, 0x4c010402, 0x0bb04b59, 
    0x22405850, 0x01030200, 0x80010203, 0x05000100, 0x69050106, 0x03030104, 0x01074d42, 0x61000606, 0x49000000, 0x4b1b4e00, 0x585015b0, 0x02002640, 0x02040104, 0x01008001, 
    0x01060500, 0x03006905, 0x004d4203, 0x4d420404, 0x06060107, 0x00006100, 0x4e004900, 0x0028401b, 0x03020304, 0x00800204, 0x02030102, 0x01007e01, 0x01060500, 0x03006905, 
    0x074d4203, 0x00060601, 0x00000061, 0x594e0049, 0x2f0f4059, 0x2f3a2f2f, 0x2b242c39, 0x08252623, 0x002b1c09, 0x0e141516, 0x2e222301, 0x3e343501, 0x27013b01, 0x22230607, 
    0x36343526, 0x2627013f, 0x33363435, 0x37011f32, 0x16323336, 0x0f061415, 0x36021701, 0x23263435, 0x14150622, 0xe2013316, 0x46704034, 0x3d407247, 0x3e0a416a, 0x150c1263, 
    0x580d101f, 0x19260d20, 0x762d1520, 0x1f150f0f, 0x506a0d10, 0x313f3f51, 0x313e3e31, 0x37708a01, 0x3c3e6d44, 0x673f426a, 0x0831543b, 0x190f161f, 0x152c2c07, 0x1e251a12, 
    0x1f083a3b, 0x071a0e16, 0x8afe6934, 0x3f313140, 0x3f31323f, 0x2700ffff, 0x1e03f4ff, 0x22000c03, 0x00008a00, 0x8a030300, 0x0000cc03, 0x26000200, 0x8702f4ff, 0x2d00fa02, 
    0x82003900, 0x011b0a40, 0x010d0308, 0x4c020901, 0x501bb04b, 0x00294058, 0x4d420606, 0x00000104, 0x070a6105, 0x40050502, 0x0808004d, 0x03006103, 0x0b4d4303, 0x01090901, 
    0x01010261, 0x4e014901, 0x0027401b, 0x09080003, 0x00690803, 0x4d420606, 0x00000104, 0x070a6105, 0x40050502, 0x09010b4d, 0x02610109, 0x49010101, 0x40594e01, 0x002e2e18, 
    0x2e392e00, 0x00323438, 0x232c002d, 0x24262324, 0x090c2423, 0x16002b1d, 0x2b061415, 0x06141101, 0x27262223, 0x2223010e, 0x3435012e, 0x3233013e, 0x23351716, 0x34352622, 
    0x35013b36, 0x32333634, 0x33011d16, 0x34353602, 0x06222326, 0x33161415, 0x1f206702, 0x1c251f18, 0x1a02251b, 0x6c443051, 0x436c3d3d, 0x9c1b4f2f, 0x181f1f18, 0x1d1d269c, 
    0x45e81f26, 0x48373846, 0x96023847, 0x1e18181f, 0x271e10fe, 0x221f1c25, 0x46466f3f, 0x1f21406f, 0x18181e8c, 0x281d1f1f, 0xfd1f1e27, 0x3b3a47d0, 0x39394a49, 0x00000049, 
    0x2700ffff, 0x1302f4ff, 0x22002103, 0x00008b00, 0x63030300, 0x00005802, 0x2700ffff, 0x1302f4ff, 0x22002003, 0x00008b00, 0x67030300, 0x00002402, 0x2700ffff, 0x1302f4ff, 
    0x22001a03, 0x00008b00, 0x66030300, 0x00002402, 0x2700ffff, 0x1302f4ff, 0x22001903, 0x00008b00, 0x65030300, 0x00002402, 0x2700ffff, 0x1302f4ff, 0x2200f202, 0x00008b00, 
    0x60030300, 0x00002402, 0x2700ffff, 0x1302f4ff, 0x2200f502, 0x00008b00, 0x61030300, 0x00002402, 0x2700ffff, 0x1302f4ff, 0x22002103, 0x00008b00, 0x62030300, 0x0000f001, 
    0x2700ffff, 0x1302f4ff, 0x2200d802, 0x00008b00, 0x6a030300, 0x00002402, 0x27000200, 0x130240ff, 0x3400fa01, 0x4f003b00, 0x012c4c40, 0x4c010103, 0x01000200, 0x80010200, 
    0x00030100, 0x007e0301, 0x02000007, 0x0a670007, 0x06080801, 0x06010961, 0x044d4b06, 0x05030301, 0x05050062, 0x354e0545, 0x35000035, 0x383a353b, 0x00340037, 0x1b222633, 
    0x0b262222, 0x002b1c09, 0x011d011e, 0x21230614, 0x3233011e, 0x32333637, 0x06141516, 0x010e010f, 0x33161415, 0x32333632, 0x06141516, 0x22230607, 0x37343526, 0x3435022e, 
    0x0e33013e, 0x2e330701, 0x6b012301, 0x21293d6b, 0x480ce6fe, 0x0f2e3937, 0x1120170e, 0x201e2015, 0x08051014, 0x14171302, 0x36201c13, 0x6d452342, 0x4876433d, 0xe10b3f2f, 
    0x012f3a02, 0x426a3cfa, 0x2f261f03, 0x1f091d33, 0x0d1d1217, 0x13221315, 0x1802110d, 0x051a1114, 0x272e3807, 0x70460729, 0x44774844, 0x2d2e366d, 0x00000037, 0x27000200, 
    0x1302f4ff, 0x1f00fa01, 0x3f002600, 0x03003c40, 0x03020102, 0x01008001, 0x01060500, 0x02006705, 0x07610402, 0x4b040401, 0x0601084d, 0x00610006, 0x00490000, 0x0020204e, 
    0x20262000, 0x00222325, 0x221e001f, 0x09262622, 0x002b1a09, 0x1415011e, 0x2223010e, 0x013d012e, 0x21333634, 0x2223012e, 0x22230607, 0x36343526, 0x12333637, 0x1e233736, 
    0x50013301, 0x7644477c, 0x3d6a4348, 0x1b012128, 0x3837480d, 0x170c112f, 0x44121020, 0x0b403d59, 0x2e3b02e2, 0x7643fa01, 0x45774849, 0x03426b3c, 0x322f261f, 0x17200a1c, 
    0x2d0c1911, 0x2e3668fe, 0x0000382c, 0x2900ffff, 0x340240ff, 0x22002003, 0x00008d00, 0x67030300, 0x00002f02, 0x2900ffff, 0x340240ff, 0x22001903, 0x00008d00, 0x65030300, 
    0x00002f02, 0x2900ffff, 0x340240ff, 0x22003203, 0x00008d00, 0x8f030200, 0x00000044, 0x2900ffff, 0x340240ff, 0x2200f502, 0x00008d00, 0x61030300, 0x00002f02, 0xf4ff0100, 
    0x1202f4ff, 0x3400fa02, 0x31b56a00, 0x01080101, 0x1bb04b4c, 0x23405850, 0x42050500, 0x0301074d, 0x06610403, 0x40040401, 0x0101004d, 0x01096108, 0x4d430808, 0x00000102, 
    0x1b4e0049, 0x01092140, 0x00010008, 0x00690108, 0x4d420505, 0x03030107, 0x01066104, 0x4d400404, 0x00000102, 0x594e0049, 0x00001140, 0x33003400, 0x24232324, 0x25252523, 
    0x2b1e090a, 0x011d1600, 0x22230614, 0x34013d26, 0x06222326, 0x0614011d, 0x35262223, 0x26222311, 0x3b363435, 0x36343501, 0x1d163233, 0x16323301, 0x2b061415, 0x013e1501, 
    0x65ad0133, 0x271d1d26, 0x352a2932, 0x271c1c27, 0x2121181e, 0x1d261e18, 0x188e271c, 0x8e182020, 0x0129451a, 0xdd5a6ddd, 0x1d28271e, 0x35352bca, 0x281dca2b, 0xee011d28, 
    0x1f181820, 0x28271e1f, 0x181f1f1d, 0x1a802018, 0x0000001c, 0x1f00ffff, 0x0a02f4ff, 0x2200fd03, 0x00008e00, 0x80030701, 0x5a00c401, 0x01b10800, 0xb05ab001, 0x00002b35, 
    0x43000100, 0xca00f4ff, 0x0d00fa01, 0x16401900, 0x4b000000, 0x0101024d, 0x4e014901, 0x0d000000, 0x03250c00, 0x162b1709, 0x34113526, 0x16323336, 0x06141115, 0x27276a23, 
    0x27261d1d, 0x1d280c1d, 0x271d7d01, 0x83fe1d27, 0x0000281d, 0x4300ffff, 0x1701f4ff, 0x22002103, 0x0000c400, 0x63032300, 0x0000b501, 0x63030300, 0x0000b501, 0xdaffffff, 
    0x3301f4ff, 0x22002003, 0x0000c400, 0x67030300, 0x00008101, 0xe4ffffff, 0x2a01f4ff, 0x22001903, 0x0000c400, 0x65030300, 0x00008101, 0xc8ffffff, 0x4601f4ff, 0x2200f202, 
    0x0000c400, 0x87030300, 0x00008101, 0xf8ffffff, 0xca00f4ff, 0x22002103, 0x0000c400, 0x62030300, 0x00004e01, 0x3200ffff, 0xe80140ff, 0x2200f502, 0x00008f00, 0x90000300, 
    0x00000d01, 0xffffffff, 0x0f01f4ff, 0x2200d802, 0x0000c400, 0x89030300, 0x00008101, 0xfeffffff, 0xdb0040ff, 0x2200f502, 0x0000c400, 0x61032300, 0x00008101, 0x6d030300, 
    0x00006601, 0xd2ffffff, 0x3d01f4ff, 0x2200fe02, 0x0000c400, 0x88030300, 0x00008201, 0xb1ff0100, 0xca0040ff, 0x1600fa01, 0x1e402100, 0x4b020200, 0x0001014d, 0x04610300, 
    0x45030301, 0x00004e03, 0x15001600, 0x05161125, 0x062b1909, 0x35012e27, 0x17333634, 0x11353632, 0x32333634, 0x14111516, 0x1b0b2306, 0x19201613, 0x2724280d, 0x63261d1d, 
    0x0809c056, 0x2119131c, 0x01322701, 0x27271da4, 0x5a44fe1d, 0x00000060, 0xb1ffffff, 0x2a0140ff, 0x22001903, 0x0000ce00, 0x65030300, 0x00008101, 0x4300ffff, 0x0c0202ff, 
    0x2200fa02, 0x00009100, 0x6b030300, 0x00000e02, 0x4300ffff, 0x1701f4ff, 0x22000804, 0x00009200, 0x7e030701, 0x5a00b401, 0x01b10800, 0xb05ab001, 0x00002b35, 0x4300ffff, 
    0xb601f4ff, 0x22000c03, 0x00009200, 0x8a030300, 0x00006402, 0x3400ffff, 0xca0002ff, 0x2200fa02, 0x00009200, 0x6b030300, 0x00007801, 0x4300ffff, 0xae01f4ff, 0x2200fa02, 
    0x00009200, 0x9e020300, 0x0000c500, 0x08000100, 0x3e01f4ff, 0x2300fa02, 0x30403300, 0x060e1820, 0x01030104, 0x0301044c, 0x03020102, 0x01008001, 0x00010200, 0x0202007e, 
    0x00004d42, 0x4e004900, 0x23000000, 0x25292200, 0x19090529, 0x1516002b, 0x010f0614, 0x23061415, 0x013d2622, 0x22230623, 0x36343526, 0x3411013f, 0x16323336, 0x36371115, 
    0x221c0133, 0x26391112, 0x01271c1d, 0x2217100a, 0x26311013, 0x09261d1d, 0xb7010f0b, 0x1d111622, 0x1df71a07, 0xc51d2828, 0x11162106, 0x0116071e, 0x28281d3a, 0x04f8fe1d, 
    0x00000006, 0x4300ffff, 0x0a02f4ff, 0x22002103, 0x00009400, 0x63030300, 0x00004802, 0x4300ffff, 0x0a02f4ff, 0x22001a03, 0x00009400, 0x66030300, 0x00001302, 0x4300ffff, 
    0x0a0202ff, 0x2200fa01, 0x00009400, 0x6b030300, 0x00001a02, 0x43000100, 0x0a0240ff, 0x2a00fa01, 0x32403500, 0x05030127, 0x03004c01, 0x07610503, 0x05050206, 0x04004d4b, 
    0x024d4904, 0x00010101, 0x00000061, 0x004e0045, 0x002a0000, 0x25252529, 0x08251611, 0x002b1c09, 0x14111516, 0x27222306, 0x3435012e, 0x32173336, 0x34113536, 0x06222326, 
    0x0614011d, 0x35262223, 0x33363411, 0x3e171632, 0xa5013301, 0x20526665, 0x21151319, 0x28250c19, 0x35292933, 0x271d1d26, 0x23171d26, 0x29471b05, 0x5b6cfa01, 0x6456c7fe, 
    0x131d0709, 0x26012119, 0x2b1b0127, 0xe82a3635, 0x1d28271e, 0x271d7d01, 0x1b18171c, 0x4300ffff, 0x0a02f4ff, 0x2200fe02, 0x00009400, 0x69030300, 0x00001402, 0x2700ffff, 
    0x3a02f5ff, 0x22002103, 0x00009500, 0x63030300, 0x00005f02, 0x2700ffff, 0x3a02f5ff, 0x22002003, 0x00009500, 0x67030300, 0x00002b02, 0x2700ffff, 0x3a02f5ff, 0x22001903, 
    0x00009500, 0x65030300, 0x00002a02, 0x2700ffff, 0x3a02f5ff, 0x2200f202, 0x00009500, 0x60030300, 0x00002a02, 0x2700ffff, 0x3a02f5ff, 0x22002103, 0x00009500, 0x62030300, 
    0x0000f701, 0x2700ffff, 0x3a02f5ff, 0x22002103, 0x00009500, 0x64030300, 0x00006302, 0x2700ffff, 0x3a02f5ff, 0x2200d802, 0x00009500, 0x6a030300, 0x00002a02, 0x23000300, 
    0x3f02eaff, 0x21000402, 0x31002900, 0x12409900, 0x02040119, 0x26272e2f, 0x04050511, 0x05000108, 0xb04b4c03, 0x40585019, 0x04010619, 0x03610204, 0x4b020201, 0x0501074d, 
    0x01610005, 0x49000001, 0x4b1b4e00, 0x585031b0, 0x03002140, 0x064d4b03, 0x02040401, 0x02020061, 0x01074d4b, 0x61000505, 0x49000000, 0x0101004d, 0x1b4e0149, 0x03002140, 
    0x00850302, 0x86010001, 0x04040106, 0x02006102, 0x074d4b02, 0x00050501, 0x00000061, 0x594e0049, 0x2a134059, 0x2a22222a, 0x22302a31, 0x23282229, 0x0825232a, 0x012b1a09, 
    0x0e141516, 0x27222301, 0x22230607, 0x3f343526, 0x34352601, 0x3233013e, 0x33363717, 0x14151632, 0x15060407, 0x26371714, 0x35361223, 0x16072734, 0x2b110233, 0x4e497b47, 
    0x19141c3e, 0x1a162217, 0x497a462a, 0x141c414b, 0x14221817, 0x0c4dc9fe, 0x3c251cc0, 0x1dc10c4f, 0x41860124, 0x4677464e, 0x21151c27, 0x1a151718, 0x77484e40, 0x141c2644, 
    0x14171821, 0x23405118, 0xfe0fc01b, 0x233f52de, 0x000fc01b, 0x2300ffff, 0x3f02eaff, 0x22002103, 0x0000e200, 0x63030300, 0x00006102, 0x2700ffff, 0x3a02f5ff, 0x2200fe02, 
    0x00009500, 0x69030300, 0x00002b02, 0x27000300, 0x8803f4ff, 0x2b00fa01, 0x3e003200, 0x05b1fc00, 0x0a404400, 0x05080128, 0x0103011a, 0xb04b4c02, 0x40585011, 0x0002002c, 
    0x01020001, 0x00070080, 0x00070200, 0x020c0967, 0x61050808, 0x0502060b, 0x0d4d4b05, 0x0101020a, 0x01046103, 0x03490303, 0xb04b1b4e, 0x4058501d, 0x00020037, 0x01020001, 
    0x00070080, 0x00070200, 0x08010c67, 0x0b610508, 0x05050206, 0x09004d4b, 0x0b610509, 0x05050206, 0x0a0d4d4b, 0x03010102, 0x03010461, 0x4e034903, 0x0041401b, 0x000a0002, 
    0x00800a02, 0x02000007, 0x0c670007, 0x05080801, 0x02060b61, 0x4d4b0505, 0x05090900, 0x02060b61, 0x4d4b0505, 0x0a0a010d, 0x01046103, 0x4d490303, 0x03010100, 0x03010461, 
    0x4e034903, 0x1f405959, 0x2c2c3333, 0x3e330000, 0x37393d33, 0x312c322c, 0x2b002e2f, 0x24262a00, 0x26222226, 0x2b1c090e, 0x2e700a40, 0x2e802f70, 0x2b042f80, 0x05b1302a, 
    0x1e004464, 0x14011d01, 0x1e212306, 0x37323301, 0x16323336, 0x07061415, 0x26222306, 0x23010e27, 0x35012e22, 0x33013e34, 0x3e171632, 0x010e3301, 0x012e3307, 0x35360023, 
    0x22232634, 0x16141506, 0x6be00233, 0xfe21283d, 0x37460be9, 0x0e0f2b3b, 0x12102017, 0x663d5943, 0x3a602022, 0x46467848, 0x5f3a4878, 0x375f2120, 0xdd0b3d2d, 0xfe2e3a02, 
    0x354545c9, 0x37484837, 0x6a3cfa01, 0x261f0342, 0x091d332f, 0x1911171f, 0x2b302e0c, 0x7745302b, 0x45774747, 0x2f2b2b2f, 0x2d2f356d, 0x4ce3fe37, 0x4d4c3c3b, 0x004c3b3b, 
    0x43000200, 0x4e0240ff, 0x1c00fa02, 0x42002800, 0x01193f40, 0x010a0304, 0x4c020500, 0x42020200, 0x0404004d, 0x01066103, 0x4d4b0303, 0x05050107, 0x00006100, 0x004d4900, 
    0x01450101, 0x001d1d4e, 0x1d281d00, 0x00212327, 0x251b001c, 0x09082625, 0x1e002b19, 0x0e141501, 0x26222301, 0x06141527, 0x35262223, 0x33363411, 0x011d1632, 0x1233013e, 
    0x26343536, 0x15062223, 0x01331614, 0x3e3e6da3, 0x4c2e456d, 0x1d1d261a, 0x1d1d2727, 0x2e4c1a26, 0x3848481f, 0x37464538, 0x7642fa01, 0x43774a4a, 0x1dac1d1f, 0x031d2727, 
    0x27281d31, 0x1e1df61e, 0x3b4d75fe, 0x3d4b4d3c, 0x00004c3d, 0x4300ffff, 0x7d01f4ff, 0x22002103, 0x00009800, 0x63030300, 0x0000ee01, 0x1c00ffff, 0x7d01f4ff, 0x22001a03, 
    0x00009800, 0x66030300, 0x0000b901, 0x3400ffff, 0x7d0102ff, 0x2200fa01, 0x00009800, 0x6b030300, 0x00007801, 0x1a00ffff, 0xa401f4ff, 0x22002103, 0x00009900, 0x63030300, 
    0x00001702, 0x1a00ffff, 0xa401f4ff, 0x22001a03, 0x00009900, 0x66030300, 0x0000e201, 0x1a00ffff, 0xa40140ff, 0x2200fb01, 0x00009900, 0x6c030300, 0x0000ce01, 0x1a00ffff, 
    0xa401f4ff, 0x22001903, 0x00009900, 0x65030300, 0x0000e201, 0x1a00ffff, 0xa40102ff, 0x2200fb01, 0x00009900, 0x6b030300, 0x0000dc01, 0x43000100, 0x7102f4ff, 0x3d00fa02, 
    0x2d403000, 0x01020000, 0x80010002, 0x04020200, 0x04040061, 0x01004d42, 0x06610301, 0x03030205, 0x004e0349, 0x003d0000, 0x2f25253c, 0x09072722, 0x26042b1b, 0x35012e27, 
    0x32333634, 0x32331617, 0x012e3435, 0x35012e27, 0x36013f34, 0x23263435, 0x11150622, 0x22230614, 0x34113526, 0x16323336, 0x010f1415, 0x1e141506, 0x011e1701, 0x23061415, 
    0x1d4f8a01, 0x17220f0d, 0x2a30150b, 0x241f0b39, 0x22122e38, 0x3025290e, 0x1c1c2636, 0x5f717f27, 0x0d271172, 0x3624210b, 0x0c56662c, 0x1a081517, 0x0a21170e, 0x110c2a18, 
    0x37221516, 0x572c1d21, 0x28242022, 0x35fe3a42, 0x1d28281d, 0x7f71d101, 0x2a294a58, 0x0e111f64, 0x21161913, 0x56482d41, 0x12000100, 0x9601f4ff, 0x3a007702, 0x3b403e00, 
    0x05040500, 0x02010885, 0x0a010109, 0x07690102, 0x04030301, 0x04010661, 0x0b4d4304, 0x000a0a01, 0x00000061, 0x004e0049, 0x003a0000, 0x21333538, 0x24232324, 0x26232421, 
    0x2b1f090c, 0x14151624, 0x23060706, 0x013d2622, 0x35262223, 0x013b3634, 0x26222335, 0x3b363435, 0x36343501, 0x1d163233, 0x16323301, 0x2b061415, 0x32331501, 0x06141516, 
    0x1415012b, 0x01373316, 0x10122076, 0x6561311b, 0x1f1f171a, 0x171a1a17, 0x1a171f1f, 0x261d1e26, 0x1f1f1764, 0x17646417, 0x64171f1f, 0x6e192f2a, 0x1c13191e, 0x5b5f0d07, 
    0x17171f17, 0x171f511f, 0x1d451f17, 0x451d2727, 0x1f17171f, 0x17171f51, 0x24290b1f, 0x00000001, 0x0800ffff, 0xcf01f4ff, 0x22000c03, 0x00009a00, 0x8a030300, 0x00007d02, 
    0x0800ffff, 0x8c0140ff, 0x22007702, 0x00009a00, 0x6c030300, 0x0000c901, 0x0800ffff, 0x8c0102ff, 0x22007702, 0x00009a00, 0x6b030300, 0x0000d701, 0x3e00ffff, 0x0602f4ff, 
    0x22002103, 0x00009b00, 0x63030300, 0x00005102, 0x3e00ffff, 0x0602f4ff, 0x22002003, 0x00009b00, 0x67030300, 0x00001d02, 0x3e00ffff, 0x0602f4ff, 0x22001a03, 0x00009b00, 
    0x66030300, 0x00001c02, 0x3e00ffff, 0x0602f4ff, 0x22001903, 0x00009b00, 0x65030300, 0x00001c02, 0x3e00ffff, 0x0602f4ff, 0x2200f202, 0x00009b00, 0x60030300, 0x00001c02, 
    0x3e00ffff, 0x0602f4ff, 0x22002103, 0x00009b00, 0x62030300, 0x0000e901, 0x3e00ffff, 0x2502f4ff, 0x22002103, 0x00009b00, 0x64030300, 0x00005502, 0x3e00ffff, 0x0602f4ff, 
    0x2200d802, 0x00009b00, 0x6a030300, 0x00001c02, 0x3e000100, 0x060240ff, 0x3200fa01, 0x2f403200, 0x0400011d, 0x04004c01, 0x04030003, 0x05068000, 0x4b030302, 0x0001014d, 
    0x00620200, 0x02450202, 0x0000004e, 0x25310032, 0x1c22262a, 0x2b1b0907, 0x011d1600, 0x010f0614, 0x1415010e, 0x36323316, 0x15163233, 0x06070614, 0x35262223, 0x012e3734, 
    0x3634013d, 0x1d163233, 0x33161401, 0x013d3632, 0x01333634, 0x1f2226e0, 0x13101343, 0x02080511, 0x13141713, 0x42371f1c, 0x276e5a25, 0x35261d1d, 0x26342829, 0x27fa011e, 
    0x5632dc1d, 0x1a12421d, 0x020e0d0b, 0x19111418, 0x2d370706, 0x7d092929, 0x271ddc5e, 0x29e71d27, 0xe7293636, 0x0000271d, 0x3e00ffff, 0x0602f4ff, 0x22001b03, 0x00009b00, 
    0x68030300, 0x00001c02, 0x3e00ffff, 0x0602f4ff, 0x2200fe02, 0x00009b00, 0x69030300, 0x00001d02, 0x1200ffff, 0x4603f4ff, 0x22002103, 0x00009d00, 0x63030300, 0x0000da02, 
    0x1200ffff, 0x4603f4ff, 0x22001903, 0x00009d00, 0x65030300, 0x0000a602, 0x1200ffff, 0x4603f4ff, 0x2200f202, 0x00009d00, 0x60030300, 0x0000a602, 0x1200ffff, 0x4603f4ff, 
    0x22002103, 0x00009d00, 0x62030300, 0x00007302, 0x1200ffff, 0x1a0240ff, 0x22002103, 0x00009f00, 0x63030300, 0x00004502, 0x1200ffff, 0x1a0240ff, 0x22001903, 0x00009f00, 
    0x65030300, 0x00001002, 0x1200ffff, 0x1a0240ff, 0x2200f202, 0x00009f00, 0x60030300, 0x00001002, 0x1200ffff, 0x1a0240ff, 0x22002103, 0x00009f00, 0x62030300, 0x0000dd01, 
    0x1300ffff, 0xcc010000, 0x22002103, 0x0000a000, 0x63030300, 0x00001d02, 0x1300ffff, 0xcc010000, 0x22001a03, 0x0000a000, 0x66030300, 0x0000e801, 0x1300ffff, 0xcc010000, 
    0x2200f502, 0x0000a000, 0x61030300, 0x0000e801, 0x4300ffff, 0x240240ff, 0x22002103, 0x0000c400, 0x63032300, 0x0000b501, 0xce002300, 0x00000d01, 0x63030300, 0x0000c202, 
    0x3200ffff, 0xdb00f4ff, 0x2200f502, 0x0000c400, 0x61030300, 0x00008101, 0x27000200, 0x3202f4ff, 0x1a00fa01, 0x3a002600, 0x01173740, 0x01090204, 0x4c020500, 0x02040400, 
    0x02030661, 0x4d230202, 0x05050107, 0x01016100, 0x00220000, 0x001b1b4e, 0x1b261b00, 0x001f2125, 0x2619001a, 0x07082524, 0x16002b19, 0x06141115, 0x27262223, 0x2223010e, 
    0x3435012e, 0x3233013e, 0x013e1716, 0x35360233, 0x22232634, 0x16141506, 0x260c0233, 0x261a1d26, 0x2f4c1a03, 0x3e3e6d45, 0x4e2f456d, 0x1a26021a, 0x37464588, 0x38484937, 
    0x1d27fa01, 0x281d83fe, 0x201d1a23, 0x4a4a7643, 0x1e204376, 0x75fe231b, 0x4c3d3d4b, 0x4d3b3b4e, 0x43000100, 0x0e0240ff, 0x2e00fa01, 0x16b56a00, 0x01050301, 0x1db04b4c, 
    0x24405850, 0x02030100, 0x80020103, 0x04020607, 0x004d2304, 0x61030505, 0x1b030300, 0x0202004d, 0x00006100, 0x4e001e00, 0x0022401b, 0x03020301, 0x00800201, 0x01030005, 
    0x07690305, 0x04040206, 0x02004d23, 0x00610002, 0x001e0000, 0x0f40594e, 0x2e000000, 0x25252d00, 0x25262225, 0x2b1c0708, 0x11151600, 0x22230614, 0x35262726, 0x32333634, 
    0x32331617, 0x0e013d36, 0x26222301, 0x3634013d, 0x1d163233, 0x33161401, 0x013d3632, 0x01333634, 0x6c8026e8, 0x21246436, 0x15111924, 0x40343a34, 0x5329461a, 0x1d1d2665, 
    0x2a293326, 0x011d2635, 0xfe1d27fa, 0x2081717c, 0x191f151c, 0x35250e24, 0x1b1a1f38, 0x1ddd5b6d, 0xca1d2727, 0x2b35362b, 0x00271dcb, 0x2700ffff, 0x3202f4ff, 0x22002103, 
    0x00000c01, 0x63030300, 0x00006602, 0x2700ffff, 0x3202f4ff, 0x22002003, 0x00000c01, 0x67030300, 0x00003202, 0x2700ffff, 0x3202f4ff, 0x22001903, 0x00000c01, 0x65030300, 
    0x00003202, 0x2700ffff, 0x3202f4ff, 0x2200f202, 0x00000c01, 0x60030300, 0x00003202, 0x2700ffff, 0x3202f4ff, 0x22002103, 0x00000c01, 0x62030300, 0x0000fe01, 0x2700ffff, 
    0x3202f4ff, 0x2200d802, 0x00000c01, 0x6a030300, 0x00003202, 0x2700ffff, 0x410240ff, 0x2200fa01, 0x00000c01, 0x6d030300, 0x0000ce02, 0x2700ffff, 0x3202f4ff, 0x22001b03, 
    0x00000c01, 0x68030300, 0x00003202, 0x2700ffff, 0x3202f4ff, 0x2200fe02, 0x00000c01, 0x69030300, 0x00003202, 0x4300ffff, 0x0e0240ff, 0x22002103, 0x00000d01, 0x63030300, 
    0x00005902, 0x4300ffff, 0x0e0240ff, 0x22001903, 0x00000d01, 0x65030300, 0x00002402, 0x4300ffff, 0x0e0240ff, 0x2200f202, 0x00000d01, 0x60030300, 0x00002402, 0x4300ffff, 
    0x0e0240ff, 0x22002103, 0x00000d01, 0x62030300, 0x0000f101, 0x0a00ffff, 0x4002f4ff, 0x2200fa02, 0x00008c00, 0x8f000300, 0x00006501, 0x0a00ffff, 0x2f02f4ff, 0x2200fa02, 
    0x00008c00, 0x92000300, 0x00006501, 0x1b000200, 0x4001ec00, 0x21003502, 0x44002c00, 0x01094140, 0x4c010700, 0x02030400, 0x80020403, 0x00050108, 0x03050403, 0x07010969, 
    0x07000101, 0x02006500, 0x00610602, 0x06610606, 0x0022224e, 0x222c2200, 0x0025272b, 0x22200021, 0x25232422, 0x2b1b0b0a, 0x011d1612, 0x22230614, 0x23062726, 0x34352622, 
    0x35013b36, 0x07222334, 0x26222306, 0x3e373435, 0x36163301, 0x2223013d, 0x16141506, 0x1e4af633, 0x061a0f16, 0x3b313323, 0x32433a40, 0x0a101c1a, 0x181a1912, 0x1b0b2134, 
    0x12131031, 0x48350211, 0x1f168b41, 0x361d0d10, 0x0b302c2c, 0x1908112a, 0x100e1912, 0x161aff0d, 0x0d0e0f09, 0x0000000f, 0x1d000200, 0x7201ec00, 0x0f003502, 0x2f001b00, 
    0x01042c40, 0x03010501, 0x69030102, 0x00000200, 0x02005902, 0x00610002, 0x51000200, 0x00001010, 0x1a101b10, 0x0f001416, 0x06260e00, 0x122b170b, 0x1415011e, 0x2223010e, 
    0x3435012e, 0x0e33013e, 0x16141501, 0x35363233, 0xf6232634, 0x4e2e2e4e, 0x2d4e2f2f, 0x1e2f4e2d, 0x1e1e2424, 0x021e2525, 0x2d4b2c35, 0x2c2c4c2d, 0x4b2d2d4c, 0x20275d2c, 
    0x20272720, 0x00002720, 0x1d000200, 0x6e01ec00, 0x16003502, 0x3e002200, 0x01133b40, 0x01090204, 0x4c020500, 0x02020306, 0x02050400, 0x01076904, 0x05000005, 0x05010759, 
    0x01610005, 0x00050001, 0x00171751, 0x17221700, 0x001b1d21, 0x24150016, 0x07082523, 0x16002b19, 0x0614011d, 0x27262223, 0x26222306, 0x33363435, 0x013e1732, 0x35360633, 
    0x22232634, 0x16141506, 0x1a540133, 0x1a12131b, 0x433d2002, 0x3e425555, 0x121a0220, 0x1e24245a, 0x1d25241e, 0x141b3502, 0x171c14ea, 0x485d2811, 0x12285c48, 0x2027eb16, 
    0x1f272720, 0x00002820, 0x2100ffff, 0x7402f4ff, 0x0200a002, 0x00000200, 0x4b000200, 0x3b020000, 0x19009402, 0x36002200, 0x02003340, 0x02040500, 0x01006705, 0x005f0001, 
    0x4d1a0000, 0x04040107, 0x01065f03, 0x031b0303, 0x001a1b4e, 0x1a1f2100, 0x00221b22, 0x21170019, 0x07083524, 0x26322b19, 0x36341135, 0x16322133, 0x23061415, 0x32331521, 
    0x1415011e, 0x012b010e, 0x35363237, 0x012b2634, 0x27277215, 0x1b46011e, 0xfe1a2423, 0x65418bfc, 0x41653838, 0x332dc6cd, 0x27842d33, 0x1e0a021e, 0x1a1a2327, 0x59318923, 
    0x335c3c3c, 0x28292e74, 0x0000ae2f, 0x4b00ffff, 0x4b020000, 0x02009402, 0x00000300, 0x4b000100, 0xfc01f4ff, 0x12009402, 0x1c401f00, 0x02000000, 0x0201035f, 0x004d1a02, 
    0x01220101, 0x0000004e, 0x23100012, 0x18070424, 0x1516002b, 0x012b0614, 0x23061411, 0x11352622, 0x21333634, 0x2424d801, 0x1c27eb1b, 0x1e27271d, 0x94022d01, 0x231a1a23, 
    0x281d1ffe, 0x16021d28, 0x0000271e, 0x4b00ffff, 0xfc01f4ff, 0x2200ae03, 0x00002301, 0x7e030300, 0x00004502, 0x4b000100, 0xda01f4ff, 0x17003103, 0xb04b4700, 0x40585009, 
    0x00010017, 0x00700100, 0x5f000202, 0x1a000000, 0x0301044d, 0x4e032203, 0x0016401b, 0x85010001, 0x00020200, 0x0000005f, 0x01044d1a, 0x03220303, 0x0c40594e, 0x17000000, 
    0x23251600, 0x19070525, 0x3526162b, 0x3b363411, 0x36343501, 0x1d163233, 0x2b061401, 0x06141101, 0x27277223, 0x1b25c91e, 0x1e27241d, 0x0c1c27c3, 0x16021d28, 0x1c5c271e, 
    0x911d2425, 0x1ffe281d, 0x0000281d, 0x10000200, 0xb90261ff, 0x23009402, 0x31002900, 0x01022e40, 0x55000400, 0x03050500, 0x0303005f, 0x07064d1a, 0x01040402, 0x0101005f, 
    0x004e011b, 0x25282900, 0x00230024, 0x13233c22, 0x1a070825, 0x1d16242b, 0x23061401, 0x013d2622, 0x06141521, 0x3d262223, 0x37363401, 0x013d013e, 0x21333634, 0x11151632, 
    0x0e230333, 0x02330701, 0x1d272891, 0x65fe271c, 0x271c1d27, 0x23281a21, 0x41011d28, 0x9a13271e, 0x1d1c01c5, 0x1d287aff, 0x28281d8f, 0x1d5a5a1d, 0x8f1d2828, 0x2703261b, 
    0x1e28b7d0, 0xfe1e2727, 0x98a0012b, 0x00003ccc, 0x4b00ffff, 0x1b020000, 0x02009402, 0x00000600, 0x4b00ffff, 0x1b020000, 0x2200ae03, 0x00000600, 0x7d030300, 0x0000dc01, 
    0x4b00ffff, 0x1b020000, 0x22007c03, 0x00000600, 0x7b030300, 0x00002002, 0x1e000300, 0xd103f4ff, 0x1500a002, 0x39002300, 0x27402a00, 0x00020d38, 0x054c0101, 0x01030306, 
    0x044d2101, 0x00000202, 0x164e0022, 0x29313316, 0x16231627, 0x262a2722, 0x2b190707, 0x14151601, 0x23060307, 0x34352622, 0x26271337, 0x33363435, 0x16241732, 0x06141115, 
    0x35262223, 0x33363411, 0x06141500, 0x03272223, 0x3f343526, 0x32333601, 0x0f141516, 0x85011301, 0x19f01314, 0x0f27191f, 0x2412c5db, 0x01161e19, 0x1c272673, 0x1d27271d, 
    0x1926d901, 0x12f01a1f, 0x1d16e413, 0xc5122419, 0x158b01db, 0xfe161918, 0x1a271fe4, 0x02011314, 0x1a1715d7, 0x28191925, 0x1ddefd1d, 0x021d2828, 0xfd281d22, 0x271a15aa, 
    0x171c011f, 0xfc141918, 0x171a2519, 0xfffed815, 0x34000100, 0x2602f4ff, 0x3800a002, 0x3e404100, 0x04030138, 0x06004c01, 0x06050405, 0x01008004, 0x01030203, 0x04008002, 
    0x04010300, 0x05006903, 0x00610705, 0x4d210707, 0x00020200, 0x00000061, 0x264e0022, 0x34342422, 0x08252622, 0x002b1e07, 0x0e141516, 0x26222301, 0x34352627, 0x17323336, 
    0x36323316, 0x2b263435, 0x35262201, 0x013b3634, 0x34353632, 0x07222326, 0x26222306, 0x3e373435, 0x16323301, 0x07061415, 0x3e32f401, 0x7a4a4b72, 0x1a240f24, 0x53391319, 
    0x35364333, 0x21211832, 0x2e292918, 0x2f452c31, 0x23191b15, 0x4c6c1e0f, 0x20237767, 0x344e4501, 0x3b345e3d, 0x1a141431, 0x30401423, 0x202c2429, 0x2a1f1818, 0x382b2322, 
    0x14192418, 0x673d2a15, 0x18432959, 0x4b000100, 0x8102f4ff, 0x1c00a002, 0x21402400, 0x00020a18, 0x044c0102, 0x02020203, 0x01014d21, 0x00220000, 0x0000004e, 0x251b001c, 
    0x07052525, 0x16002b19, 0x06141115, 0x35262223, 0x23060111, 0x11352622, 0x32333634, 0x01111516, 0x0233013e, 0x1c27265b, 0xccfe271d, 0x281c2116, 0x271c1d27, 0x1c0f2b01, 
    0x27a00217, 0x1dddfd1d, 0x011d2828, 0x1d6bfe6d, 0x23021c28, 0x1d28281d, 0x8f018efe, 0x00001414, 0x4b00ffff, 0x8102f4ff, 0x2200a803, 0x00002c01, 0x8e030300, 0x00005c02, 
    0x4b00ffff, 0x8102f4ff, 0x2200ae03, 0x00002c01, 0x7d030300, 0x00001702, 0x4b00ffff, 0x6f02f4ff, 0x0200a002, 0x00000c00, 0x4b00ffff, 0x6f02f4ff, 0x2200ae03, 0x00002f01, 
    0x7e030300, 0x00007d02, 0xdfff0100, 0x5302f4ff, 0x21009402, 0x24402700, 0x04010100, 0x0401055f, 0x004d1a04, 0x61000303, 0x00000102, 0x004e0022, 0x00210000, 0x1323361f, 
    0x1a070625, 0x1516002b, 0x23061411, 0x11352622, 0x23020e23, 0x012e2722, 0x3b363435, 0x013e3201, 0x36343537, 0x2c022133, 0x1d1e2627, 0x3103be26, 0x1425475a, 0x1721120f, 
    0x17302805, 0x011e2702, 0x2794023c, 0x1eeafd1e, 0x011d2827, 0x62efd3e1, 0x121c080a, 0xb9592418, 0x271e3596, 0x4b00ffff, 0xd102f4ff, 0x0200a002, 0x00000e00, 0x4b00ffff, 
    0x7d02f4ff, 0x0200a002, 0x00000900, 0x2600ffff, 0xe402f4ff, 0x0200a002, 0x00001000, 0x4b000100, 0x7402f4ff, 0x17009402, 0x1e402100, 0x00020200, 0x0000005f, 0x03044d1a, 
    0x22010102, 0x00004e01, 0x16001700, 0x05352513, 0x162b1907, 0x34113526, 0x32213336, 0x14111516, 0x26222306, 0x11211135, 0x72230614, 0x011e2727, 0x27281d9f, 0xfe271c1d, 
    0x0c1c27e5, 0x16021d28, 0x1e27271e, 0x281deafd, 0xe1011d28, 0x281d1ffe, 0x4b00ffff, 0x3102f4ff, 0x02009402, 0x00001100, 0x2600ffff, 0x9a02f4ff, 0x0200a002, 0x00000400, 
    0x0600ffff, 0x4302f4ff, 0x02009402, 0x00001500, 0x27000100, 0x5d02f5ff, 0x2200a002, 0x27402a00, 0x0102141e, 0x054c0103, 0x03030204, 0x01024d21, 0x61000101, 0x22000000, 
    0x00004e00, 0x21002200, 0x27152226, 0x2b1a0706, 0x14151600, 0x010e0307, 0x26272223, 0x33363435, 0x32331632, 0x35260337, 0x32333634, 0x011b1716, 0x0233013e, 0xc20b2a33, 
    0x29486526, 0x1c242418, 0x35060904, 0x290acc1d, 0x0a21161d, 0x24088b9c, 0x2ba00215, 0xfe180c1d, 0x0d4b525e, 0x221a2411, 0x96012d02, 0x2a1d1114, 0xbefe1616, 0x18144201, 
    0x2700ffff, 0x5d02f5ff, 0x2200a803, 0x00003901, 0x8e030300, 0x00004802, 0x24000300, 0x2303d7ff, 0x1e00bd02, 0x2c002500, 0x39403c00, 0x01030400, 0x01055904, 0x06010903, 
    0x69060307, 0x07020a08, 0x01000102, 0x00690007, 0x61010404, 0x01040100, 0x2a1f1f51, 0x1f272829, 0x18251f25, 0x13152313, 0x070b1223, 0x0e242b1d, 0x14150701, 0x26222306, 
    0x022e013d, 0x37363435, 0x33363435, 0x011d1632, 0x0615021e, 0x26343536, 0x16241127, 0x010e1117, 0x51230315, 0x1c275d8f, 0x8e5d271d, 0x278ead50, 0x5d271c1d, 0x62e7518f, 
    0xc3fe5761, 0x61555660, 0x044179fa, 0x28281d20, 0x4304201d, 0x8d7c537a, 0x281d1906, 0x04191d28, 0x9b537a41, 0x504a4a53, 0x53c4fe03, 0x3c01044f, 0x00495304, 0x2700ffff, 
    0x3e02f4ff, 0x0200a002, 0x00001900, 0x30000100, 0x4702f4ff, 0x2000a002, 0x2c402f00, 0x0203011c, 0x0301010a, 0x03004c02, 0x03000100, 0x04056901, 0x21020202, 0x0000004d, 
    0x004e0022, 0x00200000, 0x2425251f, 0x1a070625, 0x1516002b, 0x23061411, 0x013d2622, 0x26222306, 0x3634013d, 0x1d163233, 0x33161401, 0x34353732, 0x20023336, 0x1d1c2727, 
    0x7c4c3d27, 0x1c1e268b, 0x434d4927, 0x021e2630, 0xfd1d28a0, 0x28281dde, 0x8617ba1d, 0x271e7a7f, 0x4d6d1d28, 0x1ef0144a, 0x00000027, 0x4b000100, 0xc50261ff, 0x2000a002, 
    0x26402900, 0x02050106, 0x01035605, 0x4d210101, 0x02020104, 0x00006000, 0x4e001b00, 0x20000000, 0x23231f00, 0x07232513, 0x042b1b07, 0x21013d26, 0x11352622, 0x32333634, 
    0x21111516, 0x33363411, 0x11151632, 0x1d163233, 0x23061401, 0xfe256902, 0x27271e4c, 0x01271c1d, 0x1c1d2714, 0x271e1327, 0x269f1c25, 0x1e275d1c, 0x281d1602, 0x1ffe1d28, 
    0x281de101, 0x1ffe1d28, 0x1c921d28, 0x00000026, 0x4b000100, 0x92030000, 0x2000a002, 0x22402500, 0x00020204, 0x034d2100, 0x05010101, 0x05010660, 0x4e051b05, 0x20000000, 
    0x13231e00, 0x07251323, 0x322b1b07, 0x34113526, 0x16323336, 0x11331115, 0x32333634, 0x33111516, 0x33363411, 0x11151632, 0x21230614, 0x1d272772, 0x27d9271c, 0xd9271c1d, 
    0x271c1e26, 0x43fd1e27, 0x16021e27, 0x1d28281d, 0xe1011ffe, 0x1d28281d, 0xe1011ffe, 0x1d28271e, 0x271eeafd, 0x4b000100, 0xea0361ff, 0x2900a002, 0x2a402d00, 0x02070108, 
    0x03055607, 0x21010102, 0x0204064d, 0x60000202, 0x1b000000, 0x00004e00, 0x28002900, 0x23132323, 0x09232513, 0x042b1d07, 0x21013d26, 0x11352622, 0x32333634, 0x33111516, 
    0x33363411, 0x11151632, 0x36341133, 0x15163233, 0x16323311, 0x0614011d, 0x258e0323, 0x271e27fd, 0x271c1d27, 0x1c1d27d9, 0x1e26d927, 0x1d13271c, 0x9f1b2628, 0x275d1d25, 
    0x1d16021e, 0xfe1d2828, 0x1de1011f, 0xfe1d2828, 0x1ee1011f, 0xfe1d2827, 0x921d281f, 0x0000251d, 0x4b000100, 0x6d0261ff, 0x2000a002, 0x26402900, 0x01000100, 0x02050686, 
    0x4d210303, 0x00040400, 0x00010260, 0x4e001b00, 0x20000000, 0x25131f00, 0x07252323, 0x002b1b07, 0x14111516, 0x15012b06, 0x22230614, 0x23013d26, 0x11352622, 0x32333634, 
    0x21111516, 0x33363411, 0x27274602, 0x1c258b1e, 0x1e8c251b, 0x1c1d2727, 0x27140127, 0x28a0021d, 0x1eeafd1d, 0x261c5d27, 0x275d1c26, 0x1d16021e, 0xfe1d2828, 0x1de1011f, 
    0x00000028, 0x4b000200, 0x3c020000, 0x1400a002, 0x30001d00, 0x01002d40, 0x01030400, 0x00006704, 0x064d2100, 0x02030301, 0x02010560, 0x4e021b02, 0x00001516, 0x1d151a1c, 
    0x14001d16, 0x25231200, 0x2b180707, 0x11352632, 0x32333634, 0x33011d16, 0x15011e32, 0x2b010e14, 0x36323701, 0x2b263435, 0x27721501, 0x271c1e26, 0x3d6d4779, 0xbb486d3c, 
    0x373730bb, 0x1e277930, 0x271e1602, 0x37aa1d28, 0x633f3e63, 0x2c357737, 0x00c4372c, 0xfeff0200, 0x94020000, 0x19009402, 0x36002200, 0x02003340, 0x02040500, 0x00006705, 
    0x005f0100, 0x4d1a0101, 0x04040107, 0x01065f03, 0x031b0303, 0x001a1b4e, 0x1a1f2100, 0x00221b22, 0x23170019, 0x07082334, 0x26322b19, 0x22231135, 0x36343526, 0x1632013b, 
    0x3233011d, 0x1415011e, 0x012b010e, 0x35363237, 0x012b2634, 0x6827cb15, 0x1b23231b, 0x78281daa, 0x3d3d6e46, 0xbaba476d, 0x2f38382f, 0x011e2778, 0x1a1a23d5, 0x9e1e2723, 
    0x403f6237, 0x35773663, 0xc4362d2c, 0x4b00ffff, 0x3503f4ff, 0x2200a002, 0x00004201, 0x0a000300, 0x00006302, 0xdfff0200, 0xa403f6ff, 0x28009402, 0x0a013100, 0x5019b04b, 
    0x08214058, 0x06000501, 0x67060503, 0x04010100, 0x0404005f, 0x07094d1a, 0x00030302, 0x00010261, 0x4e001b00, 0x2db04b1b, 0x2c405850, 0x00050108, 0x06050306, 0x01010067, 
    0x04005f04, 0x094d1a04, 0x03030207, 0x00005f00, 0x094d1b00, 0x03030207, 0x02006102, 0x4e022202, 0x2eb04b1b, 0x29405850, 0x00050108, 0x06050706, 0x01010067, 0x04005f04, 
    0x094d1a04, 0x00070701, 0x0000005f, 0x03004d1b, 0x00610203, 0x02220202, 0xb04b1b4e, 0x4058502f, 0x0501082c, 0x05030600, 0x01006706, 0x005f0401, 0x4d1a0404, 0x03020709, 
    0x005f0003, 0x4d1b0000, 0x03020709, 0x00610203, 0x02220202, 0x29401b4e, 0x00050108, 0x06050706, 0x01010067, 0x04005f04, 0x094d1a04, 0x00070701, 0x0000005f, 0x03004d1b, 
    0x00610203, 0x02220202, 0x5959594e, 0x29164059, 0x29000029, 0x2f302931, 0x0028002d, 0x23363627, 0x070a3613, 0x1e002b1b, 0x0e141501, 0x22012b01, 0x23113526, 0x2223020e, 
    0x35012e27, 0x013b3634, 0x37013e32, 0x33363435, 0x1d163221, 0x36123301, 0x2b263435, 0x02331501, 0x3c3d6dfa, 0x1eba476e, 0x3103a627, 0x1425475a, 0x1721120f, 0x17302805, 
    0x011e2702, 0x78271e24, 0x2f38382f, 0xb1017878, 0x403f6237, 0x1e273663, 0xefd3d501, 0x1c080a62, 0x59241812, 0x1e3596b9, 0x9e1e2727, 0x2c35c6fe, 0x00c4362d, 0x4b000200, 
    0xb903f4ff, 0x2600a002, 0x65002f00, 0x5015b04b, 0x031e4058, 0x01080101, 0x05010705, 0x00010267, 0x0a4d2100, 0x04070701, 0x02060962, 0x041b0404, 0x22401b4e, 0x08010103, 
    0x01070501, 0x01026705, 0x4d210000, 0x0707010a, 0x04006004, 0x094d1b04, 0x22060601, 0x40594e06, 0x00272817, 0x272c2e00, 0x002f282f, 0x13250026, 0x13232336, 0x1c070b25, 
    0x3526162b, 0x33363411, 0x011d1632, 0x36343533, 0x1d163233, 0x1e323301, 0x0e141501, 0x22012b01, 0x23013d26, 0x23061415, 0x35363225, 0x012b2634, 0x27277215, 0xf7271c1d, 
    0x271d1d26, 0x3d6e4678, 0xba466e3d, 0x27f7271e, 0x3039021c, 0x78303737, 0x021d280c, 0x28281d22, 0x1db3b31d, 0xb31d2828, 0x3f3e6036, 0x1e273560, 0x281df5e9, 0x2a293383, 
    0x0000ba34, 0x2f00ffff, 0x0402f4ff, 0x0200a002, 0x00001400, 0x26000100, 0x9a02f4ff, 0x2d00a002, 0x3e404100, 0x04030200, 0x80040203, 0x05070108, 0x06070506, 0x00040080, 
    0x05040705, 0x03030067, 0x01006101, 0x004d2101, 0x61000606, 0x22000000, 0x00004e00, 0x2c002d00, 0x22222422, 0x09262626, 0x242b1d07, 0x07141516, 0x2223010e, 0x3435012e, 
    0x3233013e, 0x15161716, 0x22230614, 0x22232627, 0x32330706, 0x06141516, 0x011e012b, 0x36373233, 0x24750233, 0x4c872c15, 0x5d5da161, 0x874c61a2, 0x1a25152c, 0x6140171d, 
    0xee126e4d, 0x1a21211a, 0x4f7010f0, 0x1d18415f, 0x191924d5, 0x5b3d3519, 0x9c5f5f9c, 0x18353d5b, 0x1a24191a, 0x2147554a, 0x49211918, 0x001a4a5a, 0x36000100, 0xa902f4ff, 
    0x2d00a002, 0x3e404100, 0x04050600, 0x80040605, 0x02030100, 0x80020103, 0x03000400, 0x67030401, 0x07050500, 0x07010861, 0x004d2107, 0x61000202, 0x22000000, 0x00004e00, 
    0x2c002d00, 0x22242222, 0x09262622, 0x002b1d07, 0x1415011e, 0x2223010e, 0x35262726, 0x32333634, 0x32331617, 0x22233736, 0x36343526, 0x012e013b, 0x06072223, 0x35262223, 
    0x013e3734, 0xa1ab0133, 0x61a05d5d, 0x152c884c, 0x181d1a25, 0x704f5f41, 0x201bdf10, 0x12dd1a21, 0x40614c6f, 0x25191d18, 0x4c872c15, 0x9c5ba002, 0x5b9c5f5f, 0x171b353d, 
    0x4a1a2419, 0x1921495a, 0x55472019, 0x19241a4a, 0x3d35181a, 0x4b000100, 0xd200f4ff, 0x0d00a002, 0x16401900, 0x01010102, 0x00004d21, 0x4e002200, 0x0d000000, 0x03250c00, 
    0x122b1707, 0x14111516, 0x26222306, 0x36341135, 0x2727ab33, 0x26271d1c, 0x28a0021e, 0x1ddefd1d, 0x021d2828, 0x00271e22, 0xbdffffff, 0x6101f4ff, 0x22007c03, 0x00004a01, 
    0x7b030300, 0x00008901, 0x0500ffff, 0x3901f4ff, 0x0200a002, 0x00000b00, 0x06000100, 0xd202f4ff, 0x2a009402, 0x34403700, 0x06010128, 0x01000110, 0x01074c02, 0x00010006, 
    0x05690106, 0x04030301, 0x0404005f, 0x01024d1a, 0x00220000, 0x0000004e, 0x2429002a, 0x25242334, 0x1c070826, 0x011e002b, 0x0614011d, 0x3d262223, 0x23263401, 0x14150722, 
    0x26222306, 0x22231135, 0x36343526, 0x16322133, 0x2b061415, 0x33361501, 0x3f712202, 0x271c1d27, 0x33403b43, 0x271c1d27, 0x24241a8f, 0x1bc1011a, 0xab1a2423, 0x96013f40, 
    0x5e52723b, 0x1d28281d, 0x17494751, 0x28281dca, 0x23e1011d, 0x23231a1a, 0x9b231a1a, 0x00000017, 0x4b000200, 0xc803f4ff, 0x2000a002, 0x3a003000, 0x04003740, 0x04070100, 
    0x06006701, 0x08610306, 0x03030205, 0x01094d21, 0x61000707, 0x00000102, 0x214e0022, 0x21000021, 0x292f2130, 0x00200027, 0x2325131f, 0x070a2613, 0x1e002b1b, 0x0e141501, 
    0x2e222301, 0x15232701, 0x22230614, 0x34113526, 0x16323336, 0x3e33011d, 0x3e123302, 0x2e343501, 0x0e222301, 0x1e141501, 0xd0023301, 0x9d5b5b9d, 0x5c91565d, 0x1c27540a, 
    0x1e26271d, 0x1059271c, 0x3a518a5d, 0x5c34345c, 0x345c3a3a, 0x023a5c34, 0x5f9d5aa0, 0x4d5a9d5f, 0x1de45587, 0x021d2828, 0x28271e22, 0x794dc41d, 0x38d1fd43, 0x623f3f62, 
    0x3f623838, 0x0038623f, 0x45000200, 0x2c02f4ff, 0x1c009402, 0x33002500, 0x01143040, 0x4c010501, 0x01000500, 0x67010500, 0x03040400, 0x0301065f, 0x024d1a03, 0x22000001, 
    0x00004e00, 0x1d1f2325, 0x1a001c00, 0x07251322, 0x002b1907, 0x14111516, 0x26222306, 0x0723013d, 0x26222306, 0x013f3435, 0x3435012e, 0x013b013e, 0x06222307, 0x3b161415, 
    0x27050201, 0x271c1d27, 0x22128e54, 0x6a0f271c, 0x7341443c, 0x6642a44a, 0x343c3c34, 0x27940266, 0x1deafd1e, 0xa21d2828, 0x1c281ccb, 0x1a931714, 0x64414266, 0x2d397737, 
    0x0000392c, 0x06000100, 0xcd02f4ff, 0x31009402, 0x34403700, 0x03050113, 0x0504012d, 0x03004c02, 0x03040500, 0x01026905, 0x5f010000, 0x1a010100, 0x0206074d, 0x04220404, 
    0x0000004e, 0x2a300031, 0x34242227, 0x1c070823, 0x3526162b, 0x26222311, 0x33363435, 0x15163221, 0x012b0614, 0x32333615, 0x1415011e, 0x23060706, 0x34352622, 0x013e3736, 
    0x23263435, 0x15070622, 0xf9230614, 0x241a8f26, 0xc1011a24, 0x1a24231b, 0x444341ab, 0x4c563f6c, 0x251a0d16, 0x25281419, 0x39283339, 0x0c1d271c, 0xe0011e28, 0x231a1a23, 
    0x231a1a23, 0x5c30179b, 0x17675040, 0x151a2508, 0x2b0b0720, 0x0e2e2a23, 0x281ece0a, 0xfcff0200, 0x94020000, 0x2400b002, 0x6d002d00, 0x501fb04b, 0x04244058, 0x01050201, 
    0x01020601, 0x06010967, 0x06080700, 0x03006707, 0x0a4d2103, 0x00080801, 0x00000060, 0x1b4e001b, 0x03002440, 0x04850302, 0x01050201, 0x01020601, 0x06010967, 0x06080700, 
    0x010a6707, 0x60000808, 0x1b000000, 0x40594e00, 0x00252517, 0x252d2500, 0x00292b2c, 0x24230024, 0x23242323, 0x1c070b34, 0x1516002b, 0x012b0614, 0x11352622, 0x35262223, 
    0x33373634, 0x33363435, 0x011d1632, 0x15163233, 0x012b0614, 0x36123315, 0x2b263435, 0x02331501, 0x6f807f15, 0x70271ebc, 0x18202018, 0x1d1d276f, 0x20189c27, 0x7c9c1820, 
    0x2e34342f, 0x90017d7d, 0x6b5c5c6d, 0x9e011e27, 0x1e18191f, 0x281e1801, 0x1f181e28, 0x53201818, 0x252ce7fe, 0x00a42e25, 0x26000300, 0xe402f4ff, 0x0f00a002, 0x2d001e00, 
    0x52405500, 0x0302121b, 0x02212a02, 0x4c020605, 0x06000200, 0x69060205, 0x05000300, 0x69050307, 0x04040109, 0x01086101, 0x4d210101, 0x0707010a, 0x00006100, 0x4e002200, 
    0x10101f1f, 0x2d1f0000, 0x27292c1f, 0x1e102224, 0x181a1d10, 0x0f001315, 0x0b260e00, 0x002b1707, 0x1415011e, 0x2223010e, 0x3435012e, 0x0e33013e, 0x33360701, 0x16171632, 
    0x2e373233, 0x36122301, 0x22230637, 0x23262726, 0x011e0722, 0xa2e40133, 0x60a25e5e, 0x5d5da160, 0x725060a1, 0x1a38350f, 0x2a3b212b, 0x70133434, 0x1073504c, 0x291a3834, 
    0x36293b24, 0x4b701334, 0x9d5ba002, 0x5a9d5f5e, 0x5f5f9d5a, 0x5d7a5a9d, 0x0808194d, 0x54471711, 0x4c5c48fe, 0x11090818, 0x00544618, 0x21000100, 0xbc02f4ff, 0x2000a002, 
    0x1e402100, 0x0100011a, 0x02034c01, 0x21010102, 0x0000004d, 0x004e0022, 0x00200000, 0x042d271f, 0x002b1807, 0x06141516, 0x0e070607, 0x0e030701, 0x26222301, 0x35260327, 
    0x32333634, 0x3e011b17, 0x33363701, 0x1b2b9102, 0x15090915, 0x09b90b18, 0x21151520, 0x280be009, 0xa7122d1c, 0x27361188, 0x9d021c11, 0x21171c23, 0x06040103, 0x3ffe181b, 
    0x17191917, 0x11190f02, 0xfe2f271c, 0x2c5c0168, 0x00040830, 0xefff0100, 0x0002f4ff, 0x24009402, 0x2a402d00, 0x04010105, 0x01030201, 0x00006902, 0x075f0600, 0x1a060601, 
    0x0303004d, 0x004e0322, 0x00240000, 0x23232422, 0x08242124, 0x002b1c07, 0x06141516, 0x3315012b, 0x14151632, 0x15012b06, 0x22230614, 0x23013d26, 0x34352622, 0x35013b36, 
    0x21333634, 0x2424dc01, 0x1975e61a, 0x75182221, 0x271c1d27, 0x2121182d, 0x1e272d18, 0x94022801, 0x231a1a23, 0x181721ae, 0x281dc221, 0x20c21d28, 0xe3211719, 0x0000271e, 
    0x18000300, 0xdc0361ff, 0x1500a002, 0x40002300, 0x38403b00, 0x06020d3e, 0x00012e01, 0x084c0206, 0x04000601, 0x05660406, 0x01030307, 0x024d2101, 0x22000001, 0x24244e00, 
    0x40241616, 0x37393f24, 0x2316292b, 0x2a272216, 0x19070926, 0x1516012b, 0x06030714, 0x35262223, 0x27013f34, 0x36343526, 0x24173233, 0x14111516, 0x26222306, 0x36341135, 
    0x1d160033, 0x23061401, 0x013d2622, 0x26032726, 0x13373435, 0x16323336, 0x010f1415, 0x7e013317, 0x17f21112, 0x1126191f, 0x2414c0d6, 0x01131e19, 0x1d272674, 0x1c27271c, 
    0x2427c601, 0x16251c1c, 0x1212d60e, 0x1a1e12e6, 0xacc21424, 0x1574010c, 0xfe141915, 0x1a261cf3, 0xeaed1415, 0x251a1617, 0x1e271616, 0x281ddefd, 0x22021d28, 0xd9fd281d, 
    0x1c911d28, 0x591c2626, 0x06011506, 0x17131617, 0x25161601, 0xeb17161a, 0x000000d0, 0x3400ffff, 0x260240ff, 0x2200a002, 0x00002b01, 0x6c030300, 0x00000602, 0x4b000200, 
    0x9a026aff, 0x0d00a002, 0x36002a00, 0x01283340, 0x01180104, 0x4c020400, 0x00040106, 0x65020402, 0x01020503, 0x004d2101, 0x00220000, 0x000e0e4e, 0x0e2a0e00, 0x15212329, 
    0x000d0013, 0x0707250c, 0x16122b17, 0x06141115, 0x35262223, 0x33363411, 0x011d1600, 0x22230614, 0x26013d26, 0x35260327, 0x36133734, 0x15163233, 0x17010f14, 0x2727ab33, 
    0x26271d1c, 0x27e4011e, 0x251c1c24, 0x12ed1419, 0x1e13ee13, 0xc8142419, 0xa00217be, 0xdefd1d28, 0x1d28281d, 0x271e2202, 0x1d28d9fd, 0x26261c88, 0x19044e1c, 0x18150601, 
    0x16011515, 0x161a2516, 0x00d1ea17, 0xfcff0200, 0x1d03f4ff, 0x1600a002, 0x4c002900, 0x000115b5, 0x4b4c0103, 0x585015b0, 0x03001340, 0x05610103, 0x01010204, 0x01024d21, 
    0x00220000, 0x17401b4e, 0x21010100, 0x0303004d, 0x01055f04, 0x4d1a0404, 0x00000102, 0x594e0022, 0x17170d40, 0x27172917, 0x23292c23, 0x2b1a0706, 0x06141524, 0x03272223, 
    0x37343526, 0x33013e13, 0x14151632, 0x0017010f, 0x14111516, 0x26222306, 0x22231135, 0x36343526, 0x1d032133, 0x171f1926, 0xee1312fb, 0x1910170a, 0xddc71424, 0x26274cfe, 
    0xbd271d1d, 0x1b24241b, 0x154a0001, 0x011c261a, 0x1417170c, 0x0c150116, 0x1519250a, 0x02ede919, 0xfd1e2736, 0x28281dea, 0x23e2011d, 0x00221a1a, 0x4b000100, 0xd50261ff, 
    0x2900a002, 0xb04b5c00, 0x40585015, 0x0004001d, 0x01040601, 0x08060067, 0x07060701, 0x03010565, 0x024d2103, 0x1b000001, 0x401b4e00, 0x00040021, 0x01040601, 0x08060067, 
    0x07060701, 0x03010565, 0x004d2103, 0x4d1b0000, 0x22020200, 0x40594e02, 0x00000010, 0x23280029, 0x23251323, 0x07092313, 0x26042b1d, 0x2223013d, 0x21013d26, 0x23061415, 
    0x11352622, 0x32333634, 0x21011d16, 0x33363435, 0x11151632, 0x1d163233, 0x23061401, 0x19257902, 0xdcfe271e, 0x271d1c27, 0x271c1d27, 0x1e262401, 0x1e13271c, 0x9f1c2527, 
    0x275d1c26, 0x1de4d81e, 0x021d2828, 0x28281d22, 0x1ec4c41d, 0xfe1d2827, 0x921d281f, 0x0000261c, 0x2600ffff, 0x9a0240ff, 0x2200a002, 0x00003701, 0x6c030300, 0x00005d02, 
    0x2900ffff, 0x4802f4ff, 0x0200a002, 0x00001a00, 0x32000100, 0x4c02f4ff, 0x2a00a002, 0x26402900, 0x05000124, 0x01044c01, 0x01010300, 0x68010002, 0x05050106, 0x02004d21, 
    0x4e022202, 0x23242525, 0x07222423, 0x002b1d07, 0x32330307, 0x06141516, 0x1415012b, 0x26222306, 0x2223013d, 0x36343526, 0x2603013b, 0x33363435, 0x011f1632, 0x32333637, 
    0x4c021516, 0x1964ba0d, 0x67192121, 0x271d1c27, 0x21211966, 0x0dba6419, 0x1f161b26, 0x178b8b0c, 0x02261c29, 0xd3fe164b, 0x21181920, 0x28281d5d, 0x18215d1d, 0x2d012118, 
    0x251c1416, 0xf1f11514, 0x001b2629, 0x27000100, 0x6d0261ff, 0x2a00a002, 0x2e403100, 0x0d161f28, 0x0a020404, 0x02040101, 0x0401054c, 0x00040000, 0x02010365, 0x004d2102, 
    0x01220101, 0x0000004e, 0x2429002a, 0x0625282a, 0x242b1a07, 0x14011d16, 0x26222306, 0x2f26013d, 0x23060701, 0x34352622, 0x2627013f, 0x33363435, 0x37011f32, 0x16323336, 
    0x010f1415, 0x45023317, 0x1c1c2528, 0x8f0f1b24, 0x1b221593, 0x99a71327, 0x231b2713, 0x16878415, 0x14261c22, 0x790b989b, 0x1d901d28, 0x561d2626, 0xcfcb1605, 0x151b271d, 
    0x1cdde91c, 0x1e251a18, 0x261fc1c2, 0xda1d191a, 0x000000d7, 0x30000100, 0x9f0261ff, 0x2a00a002, 0x35403800, 0x03040121, 0x0402010f, 0x04004c02, 0x04060200, 0x01076902, 
    0x06000006, 0x01056500, 0x4d210303, 0x1b010100, 0x00004e01, 0x29002a00, 0x24252524, 0x07082523, 0x16242b1c, 0x0614011d, 0x3d262223, 0x26222301, 0x2306013d, 0x013d2622, 
    0x32333634, 0x14011d16, 0x37323316, 0x33363435, 0x11151632, 0x27780233, 0x251b1c25, 0x3d271e19, 0x268b7c4c, 0x49271c1e, 0x2630434d, 0x13271c1e, 0x921d287a, 0x1c26261c, 
    0xae1e275d, 0x7a7f8617, 0x1d28271e, 0x144a4d6d, 0x28271ef0, 0x001ffe1d, 0x4b000100, 0x4d02f4ff, 0x2000a002, 0x2c402f00, 0x0401011e, 0x0100010f, 0x01054c02, 0x00010004, 
    0x00690104, 0x4d210303, 0x00000102, 0x004e0022, 0x00200000, 0x2524251f, 0x1a070625, 0x1d16002b, 0x23061401, 0x013d2622, 0x22232634, 0x06141507, 0x35262223, 0x33363411, 
    0x011d1632, 0xc6013336, 0x1c1d2787, 0x38494427, 0x1d1c272f, 0x1c1e2627, 0x01433c27, 0x747e8ab5, 0x1d28281d, 0x124b4c69, 0x28281dee, 0x1e22021d, 0xbb1d2827, 0x00000015, 
    0x4b00ffff, 0xd200f4ff, 0x0200a002, 0x00004a01, 0x1e00ffff, 0xd103f4ff, 0x2200a803, 0x00002a01, 0x8e030300, 0x0000f202, 0x2100ffff, 0x7402f4ff, 0x2200a803, 0x00002001, 
    0x8e030300, 0x00004502, 0x2800ffff, 0x3403f4ff, 0x02009402, 0x00002500, 0x4b00ffff, 0x1b020000, 0x2200a803, 0x00002701, 0x8e030300, 0x00001902, 0x26000200, 0xb602f4ff, 
    0x2000a002, 0x45002700, 0x0000008f, 0x00000026, 0x0000008f, 0x00000027, 0x00000004, 0x0000002b, 0x04020200, 0x04010761, 0x084d2104, 0x00060601, 0x00000061, 0x214e0022, 
    0x21000021, 0x24262127, 0x00200023, 0x2722231f, 0x1a070926, 0x011e002b, 0x010e1415, 0x012e2223, 0x3e373435, 0x2e213301, 0x06222301, 0x22230607, 0x37343526, 0x36123336, 
    0x011e2137, 0x9ac50133, 0x609d5a57, 0x01538f57, 0x01192501, 0x50690cc3, 0x181e5734, 0x15221a1d, 0x68489e67, 0x0283fe12, 0xa0024d69, 0x5f5f9c5a, 0x8a4d5b9d, 0x1a0a0e57, 
    0x285d4e25, 0x1a231c23, 0xfd771817, 0x464654d1, 0x00000054, 0x4b00ffff, 0x8102f4ff, 0x22005f03, 0x00002c01, 0x85030300, 0x00005b02, 0x2600ffff, 0xe402f4ff, 0x22007c03, 
    0x00003401, 0x7b030300, 0x00007f02, 0x26000300, 0xe402f4ff, 0x0f00a002, 0x1d001600, 0x3a403d00, 0x04000200, 0x67040205, 0x03030107, 0x01066101, 0x4d210101, 0x05050108, 
    0x00006100, 0x4e002200, 0x10101717, 0x1d170000, 0x191a1c17, 0x15101610, 0x0f001213, 0x09260e00, 0x002b1707, 0x1415011e, 0x2223010e, 0x3435012e, 0x0e33013e, 0x2e210701, 
    0x36122301, 0x011e2137, 0xa2e40133, 0x60a25e5e, 0x5d5da160, 0x6f4b60a1, 0x139c0113, 0x73504b70, 0x0e5cfe0f, 0xa0025173, 0x5f5e9d5b, 0x9d5a5a9d, 0x5a9d5f5f, 0x4646547a, 
    0x5e48fe54, 0x005e4d4d, 0x2700ffff, 0x5d02f5ff, 0x22005f03, 0x00003901, 0x85030300, 0x00004702, 0x2700ffff, 0x5d02f5ff, 0x2200ae03, 0x00003901, 0x7f030300, 0x00007802, 
    0x17000200, 0xeb0261ff, 0x1e00a002, 0x32002100, 0x01212f40, 0x4c010403, 0x03000102, 0x04005600, 0x064d2104, 0x03030507, 0x00600103, 0x011b0101, 0x2000004e, 0x001e001f, 
    0x2325221d, 0x07082513, 0x16242b1b, 0x0614011d, 0x3d262223, 0x14152101, 0x26222306, 0x3634013d, 0x3613013b, 0x13173233, 0x03012933, 0x2727c402, 0xfe271c1d, 0x1d1d273a, 
    0x101e2726, 0x2c2d14d4, 0xfe11d414, 0x870e0154, 0x8f1d287a, 0x1d28271e, 0x281d5a5a, 0x1d8f1e27, 0x2ef80128, 0x0108fe2e, 0x0000005a, 0x2100ffff, 0x8002f4ff, 0x0200a002, 
    0x0000dd01, 0x2600ffff, 0x1f03b8ff, 0x0200dc02, 0x0000e701, 0x2400ffff, 0xe201f4ff, 0x0201fa01, 0x00008700, 0x05b11600, 0x0a404400, 0x277f267f, 0x278f268f, 0x302a2b04, 
    0x446405b1, 0x32000200, 0x4302f5ff, 0x2400f402, 0x38003000, 0x01213540, 0x4c010203, 0x01020100, 0x03030085, 0x01056102, 0x4d1c0202, 0x04040106, 0x00006100, 0x4e002200, 
    0x00002525, 0x2f253025, 0x2400292b, 0x262c2300, 0x2b180707, 0x15011e00, 0x23010e14, 0x3d012e22, 0x013e3401, 0x013f3637, 0x16323336, 0x07061415, 0x020e0706, 0x33013e07, 
    0x34353612, 0x06222326, 0x33161415, 0x3c699e01, 0x4e4e7742, 0x8d424478, 0x142c1977, 0x23190c17, 0x3f3a1b19, 0x02265a54, 0x1439581d, 0x3436494a, 0x01344a4a, 0x457242e8, 
    0x47427345, 0x7c4b5a86, 0x04105298, 0x23060409, 0x071c1919, 0x2c080710, 0x2d284a54, 0x364988fe, 0x35494836, 0x00004936, 0x46000300, 0xff010000, 0x1400ef01, 0x25001c00, 
    0x05b14f00, 0x32404400, 0x02040114, 0x02004c01, 0x02050400, 0x03006704, 0x005f0103, 0x4d1c0101, 0x05050106, 0x00005f00, 0x4e001b00, 0x251d1d1d, 0x2325241d, 0x07353525, 
    0x402b1b07, 0x7015700e, 0x80177016, 0x80168015, 0x2a2b0617, 0x6405b130, 0x15162444, 0x2b010e14, 0x35262201, 0x3b363411, 0x15163201, 0x33270714, 0x34353632, 0x3612012b, 
    0x2b263435, 0x01331501, 0x512e29d6, 0x271dc333, 0x4ca21d27, 0x5eec2862, 0x5e3c1f1d, 0x20252598, 0x3af97878, 0x26452c28, 0x65011e27, 0x404b281d, 0x18252536, 0xdafe2e16, 
    0x1c19191e, 0x0000006c, 0x46000100, 0xbd01f4ff, 0x1200ef01, 0x1c401f00, 0x00010100, 0x0000005f, 0x01034d1c, 0x02220202, 0x0000004e, 0x24110012, 0x18070435, 0x3526162b, 
    0x3b363411, 0x15163201, 0x012b0614, 0x23061411, 0x1d27276d, 0x202019fa, 0x1d26b819, 0x011d280c, 0x20281d71, 0xfe201919, 0x00281dbc, 0x4600ffff, 0xbd01f4ff, 0x22002103, 
    0x00007101, 0x63030300, 0x00002602, 0x46000100, 0xb201f4ff, 0x17008102, 0xb04b4600, 0x4058501b, 0x01010016, 0x02004d1a, 0x005f0002, 0x4d1c0000, 0x03030104, 0x1b4e0322, 
    0x01001640, 0x00850100, 0x5f000202, 0x1c000000, 0x0301044d, 0x4e032203, 0x000c4059, 0x00170000, 0x25232516, 0x2b190705, 0x11352616, 0x013b3634, 0x33363435, 0x011d1632, 
    0x012b0614, 0x23061411, 0x1d27276d, 0x1c1c25a7, 0xa11d2824, 0x280c1d26, 0x1d71011d, 0x251c5128, 0x1d7f1c25, 0x1dbcfe27, 0x00000028, 0x08000200, 0x5c0261ff, 0x2300ef01, 
    0x31002a00, 0x01022e40, 0x55000400, 0x03050500, 0x0303005f, 0x07064d1c, 0x01040402, 0x0101005f, 0x004e011b, 0x25292a00, 0x00230024, 0x13233c22, 0x1a070825, 0x1d16242b, 
    0x23061401, 0x013d2622, 0x06141521, 0x3d262223, 0x37363401, 0x013f013e, 0x2133013e, 0x11151632, 0x06230333, 0x33070615, 0x25283402, 0xfe251c1b, 0x1c1b25ae, 0x1b192025, 
    0x01020519, 0x04011d27, 0x930d271e, 0x2607018e, 0x1d2772bc, 0x26261c8b, 0x1d5c5d1c, 0x8a1d2626, 0x2103261a, 0x1c3a6979, 0xfe1d2825, 0x080b01c8, 0x00539b15, 0x2700ffff, 
    0x1302f4ff, 0x0201fa01, 0x00008b00, 0x05b11600, 0x0a404400, 0x23702270, 0x23802280, 0x302a2b04, 0x446405b1, 0x2700ffff, 0x1302f4ff, 0x22002103, 0x00008b00, 0x62030300, 
    0x0000f001, 0x2700ffff, 0x1302f4ff, 0x2200f202, 0x00008b00, 0x60030300, 0x00002402, 0x1e000300, 0x0803f4ff, 0x1600fa01, 0x3b002d00, 0x25402800, 0x00020e2c, 0x064c0101, 
    0x01030305, 0x044d2301, 0x00000202, 0x2e4e0022, 0x2e3b2e2e, 0x25292c3a, 0x0707272a, 0x1e012b1b, 0x0f141501, 0x22230601, 0x3f343526, 0x35262701, 0x32333634, 0x14150017, 
    0x2f222306, 0x34352601, 0x36013f36, 0x15163233, 0x17010f14, 0x11151600, 0x22230614, 0x34113526, 0x26013336, 0x9d140b0c, 0x25192010, 0x137a8310, 0x0e1d1c25, 0x19247802, 
    0x149d111f, 0x0e960c0b, 0x13261c1c, 0xb9fe827a, 0x1c1d2626, 0x011d2627, 0x0b151129, 0x16bd1918, 0x15151925, 0x1618979c, 0xfe14231a, 0x241a1763, 0x1819bd16, 0xbd11150b, 
    0x161a2314, 0x019c9718, 0xfe1d279e, 0x28271e83, 0x1d7d011d, 0x00000027, 0x2a000100, 0xc101f4ff, 0x3500fa01, 0x05b15f00, 0x3e404400, 0x04030135, 0x06004c01, 0x06050405, 
    0x01008004, 0x01030203, 0x04008002, 0x04010300, 0x05006903, 0x00610705, 0x4d230707, 0x00020200, 0x00000061, 0x254e0022, 0x34342422, 0x08242523, 0x402b1e07, 0x701d7012, 
    0x701f701e, 0x801d8020, 0x801f801e, 0x2a2b0820, 0x6405b130, 0x15162444, 0x22230614, 0x34352627, 0x17323336, 0x3233011e, 0x26343536, 0x2622012b, 0x3b363435, 0x35363201, 
    0x22232634, 0x22230607, 0x37343526, 0x16323336, 0x01071415, 0x6368249d, 0x221d4867, 0x16131019, 0x2927212f, 0x16212224, 0x1b161d1d, 0x1e1f1d1a, 0x12132937, 0x431f2218, 
    0x31625665, 0x4c233bef, 0x1b173851, 0x0f0c2118, 0x16181c14, 0x16151d1a, 0x1414171c, 0x210d2017, 0x34181b19, 0x2840454c, 0x46000100, 0x0d02f4ff, 0x1b00fa01, 0x21402400, 
    0x00020a18, 0x044c0102, 0x02020203, 0x01014d23, 0x00220000, 0x0000004e, 0x251a001b, 0x07052525, 0x16002b19, 0x06141115, 0x3d262223, 0x23060701, 0x11352622, 0x32333634, 
    0x37011d16, 0xe7013336, 0x1d1c2726, 0x221ac127, 0x1d26271c, 0x19c2261d, 0x27fa0123, 0x1d83fe1d, 0xd51d2828, 0x1d2821f9, 0x271d7d01, 0xfedb1d27, 0x00000021, 0x4600ffff, 
    0x0d02f4ff, 0x22002003, 0x00007a01, 0x8d030300, 0x00002f02, 0x4600ffff, 0x0d02f4ff, 0x22002103, 0x00007a01, 0x62030300, 0x0000fb01, 0x46000200, 0x0d02f4ff, 0x1600fa01, 
    0x23002400, 0x01152040, 0x4c010100, 0x01020304, 0x024d2301, 0x22000001, 0x17174e00, 0x23172417, 0x0523292c, 0x242b1907, 0x23061415, 0x26012f22, 0x3f363435, 0x32333601, 
    0x0f141516, 0x16001701, 0x06141115, 0x35262223, 0x33363411, 0x1a240d02, 0x14a8141c, 0x11a10c0b, 0x13251b1b, 0xa9fe8a81, 0x1c1d2626, 0x481d2627, 0x16251916, 0x0b1918bd, 
    0x14bd0f17, 0x16181a23, 0x9e019c97, 0x83fe1d27, 0x1d28281d, 0x271d7d01, 0x4600ffff, 0x0d02f4ff, 0x22002103, 0x00007d01, 0x63030300, 0x00005302, 0xf3ff0100, 0xf801f4ff, 
    0x2300ef01, 0x1e402100, 0x03010100, 0x0301045f, 0x024d1c03, 0x22000001, 0x00004e00, 0x21002300, 0x05251324, 0x002b1907, 0x14111516, 0x26222306, 0x15231135, 0x2223020e, 
    0x35012e27, 0x36373634, 0x37013e37, 0x36343734, 0xd1012133, 0x1c1c2627, 0x24028627, 0x140f3d4a, 0x11161713, 0x1f240807, 0x1d270102, 0xef010101, 0x8ffe1d28, 0x1d28281d, 
    0x841a4401, 0x0405499f, 0x1d131420, 0x03020305, 0x1021897f, 0x0000281d, 0x46000100, 0x7002f4ff, 0x2200fa01, 0x2b402e00, 0x0309171e, 0x4c010003, 0x02000300, 0x80020300, 
    0x00000101, 0x04054d23, 0x22020202, 0x00004e02, 0x21002200, 0x25242525, 0x2b1a0706, 0x11352616, 0x32333634, 0x3637011f, 0x15163233, 0x23061411, 0x013d2622, 0x22230607, 
    0x15012f26, 0x6d230614, 0x211c2727, 0x159a9a17, 0x27271d22, 0x66261d1d, 0x160c1a0e, 0x1d266607, 0x011d280c, 0x1c271d7d, 0x271ccaca, 0x1d83fe1d, 0xc31d2828, 0x08091180, 
    0x281dc380, 0x46000100, 0x0902f5ff, 0x1f00fa01, 0x24402700, 0x04000100, 0x67040103, 0x00000102, 0x05064d23, 0x22030302, 0x00004e03, 0x1e001f00, 0x13232513, 0x1b070725, 
    0x3526162b, 0x33363411, 0x011d1632, 0x36343533, 0x15163233, 0x23061411, 0x013d2622, 0x06141523, 0x26266c23, 0xb7261d1d, 0x261d1d26, 0x261d1d26, 0x0b1d26b7, 0x7d011d27, 
    0x1d27271d, 0x271d7c7c, 0x83fe1d27, 0x1d27271d, 0x271d8e8e, 0x2700ffff, 0x3a02f5ff, 0x0200fa01, 0x00009500, 0x46000100, 0x0302f4ff, 0x1700ef01, 0x1e402100, 0x00020200, 
    0x0000005f, 0x03044d1c, 0x22010102, 0x00004e01, 0x16001700, 0x05352513, 0x162b1907, 0x34113526, 0x32213336, 0x14111516, 0x26222306, 0x11231135, 0x6c230614, 0x011d2626, 
    0x27271d36, 0xb0261d1d, 0x270c1d26, 0x1d73011d, 0xfe1d2727, 0x27271d8d, 0xfe45011d, 0x00271dbb, 0x4300ffff, 0x4e0240ff, 0x0200fb01, 0x00009600, 0x2700ffff, 0x0402f4ff, 
    0x0200fa01, 0x00008900, 0x06000100, 0xd501f4ff, 0x1600f001, 0x1e402100, 0x00000102, 0x01005f01, 0x044d1c01, 0x22030301, 0x00004e03, 0x15001600, 0x05233424, 0x162b1907, 
    0x23113526, 0x34352622, 0x32213336, 0x06141516, 0x1411012b, 0x27d12306, 0x2121196a, 0x195b0119, 0x6b192121, 0x280c1d26, 0x2045011d, 0x21211819, 0xfe201918, 0x00281dbb, 
    0x1200ffff, 0x1a0240ff, 0x0200fa01, 0x00009f00, 0x1200ffff, 0x1a0240ff, 0x22002003, 0x00009f00, 0x8d030300, 0x00001102, 0x27000300, 0xdf0240ff, 0x1f00fa02, 0x2d002600, 
    0x3a403d00, 0x08000122, 0x01074c01, 0x61030606, 0x03030105, 0x01094d23, 0x61000808, 0x00000102, 0x04004d22, 0x00610104, 0x011e0101, 0x2727274e, 0x172d272d, 0x16231317, 
    0x0a122313, 0x242b1e07, 0x1507010e, 0x22230614, 0x2e013d26, 0x3e343502, 0x34353701, 0x16323336, 0x021e011d, 0x17160415, 0x15010e11, 0x34353604, 0x02112726, 0x517f49df, 
    0x271c1d26, 0x49497f51, 0x1d26517f, 0x7f51261d, 0x51cefd49, 0x01504645, 0x4551505c, 0x043d71a9, 0x28271e72, 0x3e05721d, 0x724f4d71, 0x1dbb043d, 0xbb1e2728, 0x4d713f05, 
    0x01054941, 0x4349041e, 0x40434a8a, 0xe2fe024b, 0x2700ffff, 0xeb01f4ff, 0x0200fa01, 0x00009e00, 0x29000100, 0xe601f4ff, 0x1f00fa01, 0x2c402f00, 0x0203011b, 0x0301010a, 
    0x03004c02, 0x03000100, 0x04056901, 0x23020202, 0x0000004d, 0x004e0022, 0x001f0000, 0x2425241e, 0x1a070625, 0x1516002b, 0x23061411, 0x013d2622, 0x26222306, 0x3634013d, 
    0x15163233, 0x32331407, 0x36343537, 0x26c00133, 0x271c1d26, 0x6c5f422a, 0x261d1d27, 0x20306101, 0xfa011d26, 0x83fe1d27, 0x1d28271e, 0x66711075, 0x27271d41, 0x0d69371d, 
    0x00271d93, 0x46000100, 0x4e0261ff, 0x2000fa01, 0x2c402f00, 0x02000118, 0x01064c01, 0x56050205, 0x01010103, 0x01044d23, 0x60000202, 0x1b000000, 0x00004e00, 0x1f002000, 
    0x25132314, 0x1b070723, 0x3d26042b, 0x26222101, 0x36341135, 0x15163233, 0x34113311, 0x16323336, 0x32371115, 0x14011d16, 0xf2012306, 0x1dbdfe25, 0x1d1d2627, 0x1e26aa26, 
    0x1e0d261c, 0x9f1c2427, 0x275d1c26, 0x1d71011e, 0xfe1d2727, 0x1d4401bc, 0xfe1d2727, 0x1d2708b4, 0x00261c8b, 0x46000100, 0x16030000, 0x2000fa01, 0x22402500, 0x00020204, 
    0x034d2300, 0x05010101, 0x05010660, 0x4e051b05, 0x20000000, 0x13231e00, 0x07251323, 0x322b1b07, 0x34113526, 0x16323336, 0x11331115, 0x32333634, 0x33111516, 0x33363411, 
    0x11151632, 0x21230614, 0x1d26276d, 0x269f261d, 0x9f261d1d, 0x261d1d26, 0xb9fd1d28, 0x71011e27, 0x1d27271d, 0x4401bcfe, 0x1d27271d, 0x4401bcfe, 0x1d27271d, 0x271e8ffe, 
    0x46000100, 0x670361ff, 0x2900fa01, 0x30403300, 0x02000121, 0x01084c01, 0x56070207, 0x01020305, 0x064d2301, 0x02020204, 0x00006000, 0x4e001b00, 0x29000000, 0x23142800, 
    0x25132313, 0x1d070923, 0x3d26042b, 0x26222101, 0x36341135, 0x15163233, 0x34113311, 0x16323336, 0x11331115, 0x32333634, 0x37111516, 0x011d1632, 0x03230614, 0xa3fd250c, 
    0x1d26271d, 0x269f261d, 0x9f261d1d, 0x261d1d26, 0x24271d0d, 0x1c269f1b, 0x011e275d, 0x27271d71, 0x01bcfe1d, 0x27271d44, 0x01bcfe1d, 0x27271d44, 0x0cb0fe1d, 0x1c8b1d27, 
    0x00000026, 0x46000100, 0xfb0161ff, 0x2000fa01, 0x26402900, 0x01000100, 0x02050686, 0x4d230303, 0x00040400, 0x00010260, 0x4e001b00, 0x20000000, 0x25131f00, 0x07252323, 
    0x002b1b07, 0x14111516, 0x15012b06, 0x22230614, 0x23013d26, 0x11352622, 0x32333634, 0x33111516, 0x33363411, 0x2725d601, 0x1c24561d, 0x1d56251c, 0x1d1d2627, 0x1d27a926, 
    0x1d27fa01, 0x271e8ffe, 0x26261c5d, 0x1e275d1c, 0x271d7101, 0xbcfe1d27, 0x271d4401, 0x46000200, 0xf4010000, 0x1200fa01, 0x30001b00, 0x01002d40, 0x01030400, 0x00006704, 
    0x064d2300, 0x02030301, 0x02010560, 0x4e021b02, 0x00001314, 0x1b13181a, 0x12001b14, 0x25231000, 0x2b180707, 0x11352632, 0x32333634, 0x33011d16, 0x14151632, 0x37012b06, 
    0x34353632, 0x15012b26, 0x1d26276d, 0x5b5a261d, 0x9c5b7373, 0x28272298, 0x1e275621, 0x271d7101, 0x5e561d27, 0x725f5251, 0x221d1e1f, 0x0000007c, 0xfcff0200, 0x34020000, 
    0x1700ef01, 0x36002000, 0x02003340, 0x02040500, 0x00006705, 0x005f0100, 0x4d1c0101, 0x04040107, 0x01065f03, 0x031b0303, 0x0018194e, 0x181d1f00, 0x00201920, 0x23150017, 
    0x07082334, 0x26322b19, 0x22231135, 0x36343526, 0x1632013b, 0x3233011d, 0x06141516, 0x3237012b, 0x26343536, 0xad15012b, 0x21195027, 0x1d921921, 0x745a5a27, 0x989c5a74, 
    0x21282722, 0x011e2756, 0x19192038, 0x4a1d2820, 0x5f52515e, 0x1d1e1f72, 0x00007c22, 0x46000300, 0xb202f4ff, 0x1200fa01, 0x29002000, 0xb04b6700, 0x40585015, 0x0001001d, 
    0x06010506, 0x00010367, 0x094d2300, 0x02050501, 0x07040862, 0x1b020203, 0x401b4e02, 0x00010021, 0x06010506, 0x00010367, 0x094d2300, 0x02050501, 0x02010760, 0x084d1b02, 
    0x22040401, 0x40594e04, 0x1321221b, 0x28000013, 0x22292126, 0x13201329, 0x00181a1f, 0x23100012, 0x18070a25, 0x3526322b, 0x33363411, 0x011d1632, 0x15163233, 0x012b0614, 
    0x11352604, 0x32333634, 0x14111516, 0x32252306, 0x26343536, 0x6d15012b, 0x1d1d2627, 0x735b5a26, 0x019c5b73, 0x1d2626c8, 0x1e26261d, 0x2722b4fe, 0x27562128, 0x1d71011e, 
    0x561d2727, 0x5f52515e, 0x011d280c, 0x27271d7d, 0x1e83fe1d, 0x1e1f7e27, 0x007c221d, 0xf3ff0200, 0x1303f7ff, 0x2900ef01, 0x6f003200, 0x04010db5, 0x4b4c0101, 0x58501bb0, 
    0x01072040, 0x06050004, 0x00670504, 0x5f030101, 0x1c030300, 0x0601084d, 0x02610006, 0x1b000001, 0x401b4e00, 0x04010724, 0x04060500, 0x01006705, 0x005f0301, 0x4d1c0303, 
    0x06060108, 0x00005f00, 0x004d1b00, 0x02220202, 0x1640594e, 0x00002a2a, 0x312a322a, 0x29002e30, 0x22252800, 0x09341325, 0x002b1907, 0x06141516, 0x2622012b, 0x14231135, 
    0x23020e07, 0x012e2722, 0x37363435, 0x013e3736, 0x34373437, 0x32013b36, 0x33011d16, 0x34353616, 0x15012b26, 0x749f0233, 0x1d9c5a74, 0x02017827, 0x0f3c4a24, 0x12171314, 
    0x240b0a0f, 0x2701021f, 0x271df41d, 0x28271e5a, 0x01565621, 0x52515e60, 0x011e275f, 0x840a1038, 0x0405499f, 0x1b111420, 0x03020606, 0x1021897f, 0x1d28281d, 0x1e1fee4a, 
    0x007c221d, 0x46000200, 0x1e03f4ff, 0x2400fa01, 0x65002d00, 0x5015b04b, 0x091e4058, 0x07040206, 0x04080101, 0x01056701, 0x4d230303, 0x0808010a, 0x01026200, 0x001b0000, 
    0x22401b4e, 0x04020609, 0x08010107, 0x05670104, 0x23030301, 0x08010a4d, 0x00600008, 0x4d1b0000, 0x22020200, 0x40594e02, 0x00252517, 0x252d2500, 0x00292b2c, 0x23230024, 
    0x13232513, 0x1c070b34, 0x1516002b, 0x012b0614, 0x013d2622, 0x06141523, 0x35262223, 0x33363411, 0x011d1632, 0x36343533, 0x1d163233, 0x36163301, 0x2b263435, 0x02331501, 
    0x5c7474aa, 0xa2271d9c, 0x271c1d26, 0x261d1d26, 0x1d1d26a2, 0x27205a26, 0x59592028, 0x4f595101, 0x1e275950, 0x271ea69a, 0x7d011d28, 0x1d27271d, 0x271d6565, 0xe2651d27, 
    0x1f1a1c1e, 0x00000073, 0x1a00ffff, 0xa401f4ff, 0x0200fb01, 0x00009900, 0x27000100, 0x0402f4ff, 0x2f00fa01, 0x05b15b00, 0x3e404400, 0x04030200, 0x80040203, 0x05070108, 
    0x06070506, 0x00040080, 0x05040705, 0x03030067, 0x01006101, 0x004d2301, 0x61000606, 0x22000000, 0x00004e00, 0x2e002f00, 0x23222422, 0x09262626, 0x402b1d07, 0x701f700e, 
    0x80217020, 0x8020801f, 0x2a2b0621, 0x6405b130, 0x15162444, 0x010e0714, 0x012e2223, 0x013e3435, 0x17163233, 0x06141516, 0x2e272223, 0x06222301, 0x16323307, 0x23061415, 
    0x33011e07, 0x36373632, 0x20e40133, 0x42691e0b, 0x47477949, 0x69424979, 0x18200b1e, 0x351b1016, 0x0e442c23, 0x1b1b1586, 0x450e8815, 0x1f32222d, 0x20b41511, 0x2e101219, 
    0x48774537, 0x37447648, 0x1811112d, 0x1f1b0f21, 0x141b2832, 0x2a011b15, 0x101b1e35, 0x2a000100, 0x0702f4ff, 0x2f00fa01, 0x05b15b00, 0x3e404400, 0x04050600, 0x80040605, 
    0x02030100, 0x80020103, 0x03000400, 0x67030401, 0x07050500, 0x07010861, 0x004d2307, 0x61000202, 0x22000000, 0x00004e00, 0x2e002f00, 0x22242223, 0x09262623, 0x402b1d07, 
    0x701d700e, 0x801f701e, 0x801e801d, 0x2a2b061f, 0x6405b130, 0x011e0044, 0x010e1415, 0x27262223, 0x36343526, 0x1e173233, 0x36323301, 0x26222737, 0x3b363435, 0x23012e01, 
    0x06070622, 0x35262223, 0x013e3734, 0x7a460133, 0x497a4747, 0x0a1e6942, 0x11151721, 0x2d23311f, 0x15880e45, 0x86151c1c, 0x242c440e, 0x16101b34, 0x1f0a2117, 0xfa014268, 
    0x48487644, 0x2e374577, 0x2019140e, 0x351d1c10, 0x151b012a, 0x32281b14, 0x210f1b1f, 0x2d101218, 0x00000037, 0x3200ffff, 0xdb00f4ff, 0x0200f502, 0x00008f00, 0x00000300, 
    0x0e01f4ff, 0x0b00f702, 0x25001700, 0x32403500, 0x07000102, 0x01030603, 0x69010004, 0x23040400, 0x0501084d, 0x4e052205, 0x0c0c1818, 0x25180000, 0x1d1f2418, 0x160c170c, 
    0x0b001012, 0x09240a00, 0x122b1707, 0x36343526, 0x15163233, 0x32230614, 0x36343526, 0x15163233, 0x02230614, 0x34113526, 0x16323336, 0x06141115, 0x23232323, 0x22231d1e, 
    0x23236f1e, 0x23241d1d, 0x2727631e, 0x27261d1d, 0x2d50021d, 0x2d2d2726, 0x2d2c2727, 0x2d2d2726, 0xfd2c2727, 0x011d28a4, 0x27271d7d, 0x1d83fe1d, 0x00000028, 0xb1ffffff, 
    0xdb0040ff, 0x0200f502, 0x00009000, 0xf4ff0100, 0x1202f4ff, 0x3400fa02, 0x31b56a00, 0x01080101, 0x1bb04b4c, 0x23405850, 0x03030107, 0x01066104, 0x4d1a0404, 0x08010100, 
    0x08010961, 0x004d1c08, 0x61000505, 0x00000102, 0x1b4e0022, 0x01092140, 0x00010008, 0x07690108, 0x04030301, 0x04010661, 0x004d1a04, 0x61000505, 0x00000102, 0x594e0022, 
    0x00001140, 0x33003400, 0x24232324, 0x25252523, 0x2b1e070a, 0x011d1600, 0x22230614, 0x34013d26, 0x06222326, 0x0614011d, 0x35262223, 0x26222311, 0x3b363435, 0x36343501, 
    0x1d163233, 0x16323301, 0x2b061415, 0x013e1501, 0x65ad0133, 0x271d1d26, 0x352a2932, 0x271c1c27, 0x2121181e, 0x1d261e18, 0x188e271c, 0x8e182020, 0x0129451a, 0xdd5a6ddd, 
    0x1d28271e, 0x35352bca, 0x281dca2b, 0xef011d28, 0x2018181f, 0x28271e1e, 0x18201e1d, 0x1a811f18, 0x0000001c, 0x46000200, 0x0703f4ff, 0x1f00fa01, 0x3a002b00, 0x04003740, 
    0x04070100, 0x06006701, 0x08610306, 0x03030205, 0x01094d23, 0x61000707, 0x00000102, 0x204e0022, 0x20000020, 0x262a202b, 0x001f0024, 0x2325131e, 0x070a2613, 0x1e002b1b, 
    0x0e141501, 0x2e222301, 0x15232701, 0x22230614, 0x34113526, 0x16323336, 0x3e33011d, 0x36123301, 0x23263435, 0x14150622, 0x4c023316, 0x76454576, 0x46693e46, 0x1d26420b, 
    0x1d26271c, 0x1446261d, 0x46335987, 0x47363646, 0xfa013647, 0x47477645, 0x60364577, 0x271e8e3c, 0x7d011d28, 0x1d27271d, 0xfe6b557c, 0x3b394d77, 0x3a3b4d4d, 0x0000004c, 
    0x3b000200, 0xe501f4ff, 0x1b00ef01, 0x33002400, 0x01143040, 0x4c010501, 0x01000500, 0x67010500, 0x03040400, 0x0301065f, 0x024d1c03, 0x22000001, 0x00004e00, 0x1c1e2224, 
    0x19001b00, 0x07251322, 0x002b1907, 0x14111516, 0x26222306, 0x0723013d, 0x26222306, 0x013f3435, 0x3435012e, 0x07013b36, 0x15062223, 0x013b1614, 0x2627be01, 0x35271c1d, 
    0x1c1f1470, 0x2b3b1727, 0x9c5c6e30, 0x271f5542, 0x01551f27, 0xfe1d28ef, 0x28281d8f, 0x198b5f1d, 0x1b161c28, 0x334b1548, 0x1f725d4e, 0x00211c1c, 0xf4ff0100, 0x120240ff, 
    0x3d00fa02, 0x3ab58100, 0x010a0301, 0x1bb04b4c, 0x2d405850, 0x05050109, 0x01086106, 0x4d1a0606, 0x0a030300, 0x0a010b61, 0x004d1c0a, 0x61040707, 0x22040400, 0x0101024d, 
    0x00610001, 0x001e0000, 0x2b401b4e, 0x000a010b, 0x030a0403, 0x05010969, 0x08610605, 0x1a060601, 0x0707004d, 0x04006104, 0x024d2204, 0x00010101, 0x00000061, 0x594e001e, 
    0x00001440, 0x3c003d00, 0x23233739, 0x25252324, 0x0c251611, 0x002b1f07, 0x14111516, 0x27222306, 0x3435012e, 0x32173336, 0x34013d36, 0x06222326, 0x0614011d, 0x35262223, 
    0x26222311, 0x3b363435, 0x36343501, 0x1d163233, 0x16323301, 0x2b061415, 0x013e1501, 0x65ad0133, 0x120d5867, 0x1822221c, 0x3229240e, 0x27352a29, 0x1e271c1c, 0x18212118, 
    0x1c1d261e, 0x20188e27, 0x1a8e1820, 0xdd012945, 0xe4fe596e, 0x03026159, 0x23181921, 0xfd272601, 0x2a36352b, 0x28281dca, 0x1fef011d, 0x1e201818, 0x1d28281d, 0x1818201e, 
    0x1c1a811f, 0xf8ff0200, 0x34020000, 0x2400fa02, 0x40002d00, 0x02003d40, 0x00850201, 0x07080005, 0x04670805, 0x01000001, 0x0101035f, 0x0a4d1c01, 0x06070701, 0x06010960, 
    0x4e061b06, 0x00002526, 0x2d252a2c, 0x24002d26, 0x24212200, 0x23242323, 0x2b1c070b, 0x11352632, 0x35262223, 0x013b3634, 0x33363435, 0x011d1632, 0x15163233, 0x012b0614, 
    0x16323315, 0x2b061415, 0x36323701, 0x2b263435, 0x28ad1501, 0x1f1f1757, 0x1d265717, 0x1783271d, 0x83171f1f, 0x6d6d5566, 0x209ea855, 0x5b202322, 0x40011e27, 0x1e17171e, 
    0x28271ec6, 0x171ec61d, 0x56471e17, 0x6a564a48, 0x1c19191c, 0x0000006a, 0x27000300, 0x3a02f4ff, 0x0f00fa01, 0x2c001e00, 0x52405500, 0x0302121b, 0x02212902, 0x4c020605, 
    0x06000200, 0x69060205, 0x05000300, 0x69050307, 0x04040109, 0x01086101, 0x4d230101, 0x0707010a, 0x00006100, 0x4e002200, 0x10101f1f, 0x2c1f0000, 0x26282b1f, 0x1e102224, 
    0x181a1d10, 0x0f001315, 0x0b260e00, 0x002b1707, 0x1415011e, 0x2223010e, 0x3435012e, 0x0e33013e, 0x33360701, 0x011e1732, 0x2e373233, 0x36122301, 0x22230637, 0x22232627, 
    0x33011e07, 0x477a7901, 0x48497b47, 0x7947467a, 0x0d463049, 0x2b1d1d1f, 0x1a182b04, 0x2f460d20, 0x220b4a30, 0x2c291f1c, 0x0b211c1a, 0xfa013147, 0x48487744, 0x76454576, 
    0x44774848, 0x0e2c3574, 0x0d0c010d, 0xe2fe342c, 0x0d0e2f3a, 0x372f0e0c, 0x15000100, 0x4202f4ff, 0x2000fa01, 0x18401b00, 0x0100011a, 0x01024c01, 0x4d230101, 0x22000000, 
    0x27254e00, 0x1907032d, 0x1516002b, 0x06070614, 0x07010e07, 0x23010e03, 0x03272622, 0x36343526, 0x13173233, 0x33013e37, 0x1f021732, 0x09161d23, 0x08120d06, 0x1321088c, 
    0xb4092113, 0x2a1b270b, 0x185b7e11, 0x060c323e, 0x1922f501, 0x01042117, 0x11120305, 0x1611c9fe, 0x76011116, 0x271a1216, 0xc7f0fe26, 0x00013637, 0xebff0100, 0xc301f4ff, 
    0x2400ef01, 0x2a402d00, 0x04010105, 0x01030201, 0x00006902, 0x075f0600, 0x1c060601, 0x0303004d, 0x004e0322, 0x00240000, 0x23232422, 0x08242124, 0x002b1c07, 0x06141516, 
    0x3315012b, 0x14151632, 0x15012b06, 0x22230614, 0x23013d26, 0x34352622, 0x35013b36, 0x013b3634, 0x2121a201, 0x1759bd19, 0x59171f1f, 0x271c1c27, 0x20201724, 0x1d272417, 
    0x20ef01ff, 0x66201919, 0x2016181f, 0x28281d71, 0x171f711d, 0x1d931f18, 0x00000028, 0x2a000300, 0x4a0366ff, 0x1600fa01, 0x43003500, 0x33b66000, 0x0105020e, 0xb04b4c01, 
    0x40585013, 0x05010818, 0x02050200, 0x04070965, 0x23010103, 0x0203064d, 0x00220000, 0x1c401b4e, 0x00050108, 0x65020502, 0x03040709, 0x4d230101, 0x1b030300, 0x0001064d, 
    0x4e002200, 0x36164059, 0x36171736, 0x3d423643, 0x1735173b, 0x27232934, 0x070a272a, 0x1e012b1b, 0x0f141501, 0x22230601, 0x3f343526, 0x35262701, 0x32333634, 0x1d160017, 
    0x23061401, 0x013d2622, 0x012f2623, 0x36343526, 0x3336013f, 0x14151632, 0x3317010f, 0x11151600, 0x22230614, 0x34113526, 0x31013336, 0x9d140b0c, 0x24192010, 0x137a830f, 
    0x0e1c1c26, 0x26288702, 0x08261b1a, 0x14910f18, 0x0e960c0b, 0x13251c1d, 0xfe14707a, 0x1d2727b7, 0x1d26271c, 0x15112901, 0xbd19180b, 0x171a2416, 0x18979c13, 0x14231a16, 
    0x1d288dfe, 0x24251f84, 0x17025620, 0x0b1819ae, 0x14bd1115, 0x18161a23, 0x87018597, 0x83fe1d27, 0x1d28271e, 0x271d7d01, 0x2a00ffff, 0xc10140ff, 0x2200fa01, 0x00007901, 
    0x6c030300, 0x0000e401, 0x46000200, 0x330266ff, 0x1e00fa01, 0x59002c00, 0x03011cb5, 0x4b4c0102, 0x585013b0, 0x01061640, 0x03000003, 0x05076500, 0x23020202, 0x0101044d, 
    0x4e011b01, 0x061a401b, 0x00000301, 0x07650003, 0x02020205, 0x01004d23, 0x004d1b01, 0x04220404, 0x1440594e, 0x00001f1f, 0x2b1f2c1f, 0x1e002426, 0x23291d00, 0x19070825, 
    0x1d16242b, 0x23061401, 0x013d2622, 0x012f2623, 0x36343526, 0x3336013f, 0x14151632, 0x3317010f, 0x11151600, 0x22230614, 0x34113526, 0x0c023336, 0x1b1a2627, 0x0f180726, 
    0x0c0b1491, 0x1c1c0e96, 0x6f7a1326, 0x26b7fe15, 0x271c1d26, 0x28731d26, 0x251f841d, 0x02562024, 0x1819ae17, 0xbd11150b, 0x161a2314, 0x01859718, 0xfe1d2787, 0x28271e83, 
    0x1d7d011d, 0x00000027, 0x02000200, 0x8c02f4ff, 0x1600fa01, 0x4c002900, 0x000115b5, 0x4b4c0103, 0x585015b0, 0x03001340, 0x05610103, 0x01010204, 0x01024d23, 0x00220000, 
    0x17401b4e, 0x23010100, 0x0303004d, 0x01055f04, 0x4d1c0404, 0x00000102, 0x594e0022, 0x17170d40, 0x27172917, 0x23292c23, 0x2b1a0706, 0x06141524, 0x012f2223, 0x36343526, 
    0x3336013f, 0x14151632, 0x0017010f, 0x14111516, 0x26222306, 0x22231135, 0x36343526, 0x8c02013b, 0x131c1a24, 0x0c0b14a8, 0x1b1a11a1, 0x8a821326, 0x2728a8fe, 0x88271d1c, 
    0x1922211a, 0x1a1749ca, 0x17bd1624, 0x0f170b1a, 0x1a2314bd, 0x9c971816, 0x1d289301, 0x281d8ffe, 0x44011d28, 0x21181920, 0x46000100, 0x560261ff, 0x2900fa01, 0xb04b5c00, 
    0x40585015, 0x0005001d, 0x02050702, 0x07010867, 0x00070000, 0x04010665, 0x034d2304, 0x1b010101, 0x401b4e01, 0x00050021, 0x02050702, 0x07010867, 0x00070000, 0x04010665, 
    0x004d2304, 0x4d1b0101, 0x22030300, 0x40594e03, 0x00000010, 0x23280029, 0x13232513, 0x07092523, 0x16242b1d, 0x0614011d, 0x3d262223, 0x26222301, 0x1523013d, 0x22230614, 
    0x34113526, 0x16323336, 0x3533011d, 0x32333634, 0x33111516, 0x26272f02, 0x10261b1a, 0x26b7251d, 0x26271c1d, 0xb7261d1d, 0x261d1d26, 0x1d277208, 0x23242089, 0x1e275b21, 
    0x281d8e82, 0x7d011d28, 0x1d27271d, 0x271d7c7c, 0xbcfe1d27, 0x2700ffff, 0x040240ff, 0x2200fa01, 0x00008501, 0x6c030300, 0x00001802, 0x17000100, 0x160240ff, 0x1900fa01, 
    0x1a401d00, 0x03020a13, 0x4c010100, 0x01010102, 0x00004d23, 0x4e001e00, 0x03252824, 0x002b1907, 0x14150307, 0x26222306, 0x2603013d, 0x33363435, 0x011b1732, 0x16323336, 
    0x08160215, 0x1c1d26b4, 0x2708b527, 0x84112b1a, 0x1b2c0f81, 0x14ae0127, 0x1d917cfe, 0x931d2828, 0x0e128101, 0xfe26271a, 0x262201de, 0x00001a27, 0x19000100, 0x180240ff, 
    0x2b00fa01, 0x28402b00, 0x03001a23, 0x4c010500, 0x03000104, 0x00020101, 0x01066801, 0x4d230505, 0x1e020200, 0x26244e02, 0x24232324, 0x1d070721, 0x3315252b, 0x14151632, 
    0x15012b06, 0x22230614, 0x23013d26, 0x34352622, 0x35013b36, 0x34352603, 0x17323336, 0x3336011b, 0x14151632, 0x5b5d0107, 0x18202018, 0x1d1c275b, 0x21185c27, 0xb45c1821, 
    0x2c1b2709, 0x1181840f, 0x08271a2b, 0x181f1616, 0x1d0c2018, 0x0c1d2828, 0x1f181820, 0x147f011a, 0x26271a0c, 0x2101dffe, 0x0f1a2726, 0x00000010, 0x27000100, 0x180261ff, 
    0x2b00fa01, 0x2e403100, 0x0d162029, 0x0a020404, 0x02040101, 0x0401054c, 0x00040000, 0x02010366, 0x004d2302, 0x01220101, 0x0000004e, 0x242a002b, 0x0625282b, 0x242b1a07, 
    0x14011d16, 0x26222306, 0x2f26013d, 0x23060701, 0x34352622, 0x2e27013f, 0x36343501, 0x011f3233, 0x32333637, 0x0f141516, 0x01331701, 0x1c2526f2, 0x1316261c, 0x1f186963, 
    0x7815261c, 0x260a0c6c, 0x6015211c, 0x1b201762, 0x6e6e1626, 0x1c267208, 0x27261d8c, 0x16065e1c, 0x261e867a, 0x951b171b, 0x0b16118b, 0x7c1d261b, 0x1b261d7c, 0x8b8a1a18, 
    0x29000100, 0x380261ff, 0x2900fa01, 0x35403800, 0x03040120, 0x0402010f, 0x04004c02, 0x04060200, 0x01076902, 0x06000006, 0x01056500, 0x4d230303, 0x22010100, 0x00004e01, 
    0x28002900, 0x24252424, 0x07082523, 0x16242b1c, 0x0614011d, 0x3d262223, 0x26222301, 0x2306013d, 0x013d2622, 0x32333634, 0x14071516, 0x35373233, 0x32333634, 0x33111516, 
    0x25261202, 0x14261a1b, 0x422a271d, 0x1d276c5f, 0x6101261d, 0x1d262030, 0x7210261d, 0x1f8c1c26, 0x551f2424, 0x10711d27, 0x1d416671, 0x371d2727, 0x1d930d69, 0xfe1d2727, 
    0x000000bc, 0x4300ffff, 0x0a02f4ff, 0x0200fa02, 0x00008e00, 0x46000100, 0xcc00f4ff, 0x0d00fa02, 0x16401900, 0x01000000, 0x01010261, 0x4e012201, 0x0d000000, 0x03250c00, 
    0x162b1707, 0x34113526, 0x16323336, 0x06141115, 0x26276d23, 0x26261d1d, 0x1d280c1d, 0x281d7c02, 0x84fd1d28, 0x0000281d, 0x1e00ffff, 0x0803f4ff, 0x22002003, 0x00007801, 
    0x8d030300, 0x00009102, 0x2400ffff, 0xe201f4ff, 0x22002003, 0x00006e01, 0x8d030300, 0x00000902, 0x2400ffff, 0x4803f4ff, 0x0200fa01, 0x0000aa00, 0x2700ffff, 0x1302f4ff, 
    0x22002003, 0x00007501, 0x8d030300, 0x00001702, 0x27000200, 0x1302f4ff, 0x1f00fa01, 0x3f002600, 0x03003c40, 0x03020102, 0x01008001, 0x01060500, 0x02006705, 0x07610402, 
    0x23040401, 0x0601084d, 0x00610006, 0x00220000, 0x0020204e, 0x20262000, 0x00222325, 0x221e001f, 0x09262622, 0x002b1a07, 0x1415011e, 0x2223010e, 0x013d012e, 0x21333634, 
    0x2223012e, 0x22230607, 0x36343526, 0x12333637, 0x1e233736, 0x52013301, 0x7543457c, 0x3e6b4348, 0x1b012128, 0x3839480b, 0x170c112f, 0x44121020, 0x0b3f3f59, 0x2f3d01e3, 
    0x7643fa01, 0x44774949, 0x03426a3d, 0x322f261f, 0x17200a1c, 0x2d0c1911, 0x2e3668fe, 0x0000382c, 0x4600ffff, 0x0d02f4ff, 0x2200d802, 0x00007a01, 0x6a030300, 0x00002f02, 
    0x2700ffff, 0x3a02f5ff, 0x2200f202, 0x00008201, 0x60030300, 0x00002a02, 0x27000300, 0x3a02f5ff, 0x0f00fa01, 0x1d001600, 0x3a403d00, 0x04000200, 0x67040205, 0x03030107, 
    0x01066101, 0x4d230101, 0x05050108, 0x00006100, 0x4e002200, 0x10101717, 0x1d170000, 0x191a1c17, 0x15101610, 0x0f001213, 0x09260e00, 0x002b1707, 0x1415011e, 0x2223010e, 
    0x3435012e, 0x0e33013e, 0x2e210701, 0x36122701, 0x011e2137, 0x7a790133, 0x4a7a4747, 0x46467949, 0x442f497a, 0x0e02010e, 0x472f2f44, 0x0cfafe0d, 0xfa013046, 0x47477744, 
    0x77454577, 0x44774747, 0x2a2a3274, 0xe2fe0132, 0x342d2d34, 0x1200ffff, 0x1a0240ff, 0x2200d802, 0x00008701, 0x6a030300, 0x00001202, 0x1200ffff, 0x1a0240ff, 0x22002103, 
    0x00008701, 0x64030300, 0x00004a02, 0x3e000300, 0x2902f4ff, 0x1600fa02, 0x2c002100, 0x37403a00, 0x02040116, 0x01004c01, 0x02030106, 0x00690301, 0x05040002, 0x07670402, 
    0x00050501, 0x00000061, 0x224e0022, 0x22171722, 0x282b222c, 0x17211726, 0x25272a20, 0x2b190708, 0x14151600, 0x2223010e, 0x1135012e, 0x33013e34, 0x15011e32, 0x26070614, 
    0x33011d06, 0x34353632, 0x36122326, 0x2b263435, 0x16141501, 0x42e70133, 0x48467040, 0x683a3e6f, 0x2f654d43, 0x33b62a2c, 0x303f3741, 0x493d4129, 0x313b563d, 0x415e7a01, 
    0x3b386946, 0x2d01496d, 0x383a6945, 0x5335355a, 0x3638ee19, 0x2a333755, 0x3eeefd2f, 0x653e3233, 0x00003f3d, 0x23000100, 0xa701f4ff, 0x2f00fb01, 0x33403600, 0x04000100, 
    0x80040100, 0x00030400, 0x007e0304, 0x61020000, 0x23020200, 0x0303004d, 0x01066105, 0x05220505, 0x0000004e, 0x222e002f, 0x2a22252b, 0x2b1b0707, 0x34352616, 0x3e013f36, 
    0x23343501, 0x23060722, 0x34352622, 0x32333637, 0x06141516, 0x010e010f, 0x33161415, 0x33363732, 0x14151632, 0x23010e07, 0x4a42698c, 0x34151e30, 0x0d17212c, 0x3c192117, 
    0x41615553, 0x151e3547, 0x33371d22, 0x20160f16, 0x33592216, 0x3445530c, 0x0c141f49, 0x15220e14, 0x1a17200d, 0x434e2c14, 0x161e4934, 0x130e130d, 0x220f2715, 0x1e151917, 
    0x00000020, 0x2900ffff, 0x340240ff, 0x0200fa01, 0x00008d00, 0x2b000300, 0x1d03f4ff, 0x0d00fa02, 0x3a002300, 0x34403700, 0x00021b39, 0x064c0103, 0x00010101, 0x02020461, 
    0x4d220000, 0x03030105, 0x02044d23, 0x22000002, 0x00004e00, 0x27293234, 0x14162022, 0x0c000d00, 0x17070725, 0x1516002b, 0x23061411, 0x11352622, 0x03333634, 0x0f141516, 
    0x22230601, 0x3f343526, 0x35262701, 0x32333634, 0x14150017, 0x2f222306, 0x35012e01, 0x36013f34, 0x15163233, 0x17010f14, 0x2727bf01, 0x26271c1d, 0x14176c1d, 0x1a2010a0, 
    0x78870f24, 0x1a1c2514, 0x247a0213, 0xa011201a, 0x9218090b, 0x251c1a14, 0x02877815, 0xfd1d28fa, 0x28271e84, 0x1d7c021d, 0x1b42fe28, 0xcf1c1416, 0x151a2418, 0x1583b114, 
    0x17221a1a, 0x1a1261fe, 0x10cf1824, 0x1b160a16, 0x1a2217a7, 0xb1831718, 0x26000100, 0xc90140ff, 0x3b00fa01, 0x3e404100, 0x0403013b, 0x06004c01, 0x06050405, 0x01008004, 
    0x01030203, 0x04008002, 0x04010300, 0x05006903, 0x00610705, 0x4d230707, 0x00020200, 0x00000061, 0x264e001e, 0x34342422, 0x08252624, 0x242b1e07, 0x0e141516, 0x26222301, 
    0x34352627, 0x16323336, 0x33011e17, 0x34353632, 0x22012b26, 0x36343526, 0x3632013b, 0x23263435, 0x23060722, 0x34352622, 0x33013e37, 0x15011e32, 0x01070614, 0x63313198, 
    0x1d583647, 0x0a19231d, 0x2a130c11, 0x3a352e1d, 0x21192333, 0x28221921, 0x2d282b2f, 0x170f1927, 0x56181c21, 0x2e5b4236, 0x579f2324, 0x385f3a37, 0x1c171821, 0x07072419, 
    0x2b361210, 0x1920322b, 0x23292118, 0x101f2a23, 0x171d1921, 0x51302217, 0x174a2e31, 0x3e000100, 0x0602f4ff, 0x2100fa01, 0x26402900, 0x03000109, 0x04054c01, 0x23020202, 
    0x0303004d, 0x01016100, 0x00220000, 0x0000004e, 0x25200021, 0x06252425, 0x002b1a07, 0x14111516, 0x26222306, 0x23010e27, 0x013d2622, 0x32333634, 0x14011d16, 0x36323316, 
    0x3634013d, 0x26e00133, 0x23181d25, 0x29471b05, 0x1d276556, 0x2933261d, 0x1d273529, 0x1d27fa01, 0x271e83fe, 0x1b18171c, 0x1dfa5b6d, 0xe81d2727, 0x2a36352b, 0x00271de8, 
    0x3e00ffff, 0x0602f4ff, 0x22002003, 0x0000be01, 0x8d030300, 0x00001d02, 0x3e00ffff, 0x0602f4ff, 0x22002103, 0x0000be01, 0x62030300, 0x0000e901, 0x4300ffff, 0x0c02f4ff, 
    0x0200fa02, 0x00009100, 0x15000100, 0x1402f4ff, 0x1900fa01, 0x18401b00, 0x02000108, 0x02004c01, 0x014d2302, 0x22000001, 0x26274e00, 0x19070323, 0x1415242b, 0x26222306, 
    0x0e010b27, 0x26222301, 0x13373435, 0x3233013e, 0x02131716, 0x141a2714, 0x83820820, 0x1b132008, 0x08bb0827, 0x21131421, 0x0f45bb08, 0x1215271b, 0xedfe1301, 0x1b271512, 
    0x7e01100f, 0x12151512, 0x000082fe, 0x4300ffff, 0x0a02f4ff, 0x0200fa01, 0x00009400, 0x4300ffff, 0x3e03f4ff, 0x0200fa01, 0x00009300, 0x3e000100, 0x57025dff, 0x2b00fa01, 
    0x0eb55a00, 0x01040101, 0x15b04b4c, 0x19405850, 0x00040000, 0x03010555, 0x074d2303, 0x04040206, 0x01026101, 0x011b0101, 0x1d401b4e, 0x00040000, 0x03010555, 0x004d2303, 
    0x4d1b0101, 0x04020607, 0x00610204, 0x02220202, 0x0f40594e, 0x2b000000, 0x25252a00, 0x25232425, 0x2b1c0708, 0x011d1624, 0x22230614, 0x23013d26, 0x0e272622, 0x26222301, 
    0x3634013d, 0x1d163233, 0x33161401, 0x013d3632, 0x32333634, 0x33111516, 0x25243302, 0x0b271a1b, 0x1b062217, 0x65562c4c, 0x261d1d27, 0x35292a32, 0x261d1e26, 0x1d267210, 
    0x24241e90, 0x151a611e, 0x5c6e1f1c, 0x27271df8, 0x372ce51d, 0x1de82a36, 0xfe1d2727, 0x000000bc, 0x3e000100, 0x3903f4ff, 0x3500fa01, 0x2d403000, 0x0002090f, 0x084c0104, 
    0x03030507, 0x064d2303, 0x00040401, 0x02010261, 0x00220000, 0x0000004e, 0x25340035, 0x24252525, 0x07092524, 0x16002b1d, 0x06141115, 0x27262223, 0x2223010e, 0x010e2726, 
    0x3d262223, 0x33363401, 0x011d1632, 0x32331614, 0x34013d36, 0x16323336, 0x1614011d, 0x3d363233, 0x33363401, 0x25261303, 0x0624171c, 0x30284519, 0x561e174b, 0x27655632, 
    0x30261d1d, 0x27332828, 0x30261d1d, 0x27322829, 0x27fa011d, 0x1e83fe1d, 0x18161c27, 0x2223251a, 0xfa5c6c26, 0x1d27271d, 0x35352ce7, 0x271dea29, 0x2ce71d27, 0xe72c3535, 
    0x0000271d, 0x3e000100, 0x8b035dff, 0x3f00fa01, 0x14b66400, 0x0501020e, 0xb04b4c01, 0x40585015, 0x0500001c, 0x06085500, 0x23040402, 0x07090a4d, 0x01050503, 0x02020361, 
    0x011b0101, 0x20401b4e, 0x00050000, 0x02060855, 0x4d230404, 0x1b010100, 0x07090a4d, 0x02050503, 0x02010361, 0x4e022202, 0x00124059, 0x003f0000, 0x2525253e, 0x24242525, 
    0x070b2523, 0x16242b1f, 0x0614011d, 0x3d262223, 0x26222301, 0x23010e27, 0x0e272622, 0x26222301, 0x3634013d, 0x1d163233, 0x33161401, 0x013d3632, 0x32333634, 0x14011d16, 
    0x36323316, 0x3634013d, 0x15163233, 0x67033311, 0x1a1b2524, 0x22160d27, 0x2b481a07, 0x1d184a30, 0x65563356, 0x261d1d27, 0x32292830, 0x261d1d27, 0x32282930, 0x261d1d27, 
    0x1d267211, 0x24241e90, 0x1419611e, 0x23251e1b, 0x5b6d2622, 0x27271dfa, 0x352ce71d, 0x1dea2935, 0xe71d2727, 0x2c35352c, 0x27271de7, 0x00bcfe1d, 0x3e000200, 0xf001f4ff, 
    0x1200fa01, 0x30001d00, 0x01052d40, 0x04030002, 0x00670302, 0x4d230101, 0x04040106, 0x00006100, 0x4e002200, 0x00001313, 0x1c131d13, 0x12001719, 0x24261100, 0x2b180707, 
    0x14151600, 0x2e222306, 0x34013d01, 0x16323336, 0x1233011d, 0x26343536, 0x1415012b, 0x7a013316, 0x3f607876, 0x1d273962, 0x284e261d, 0x4d282d2c, 0x6c01252e, 0x665b585f, 
    0xef425f32, 0x1d27271d, 0x27fbfe4a, 0x40272222, 0x00002c26, 0xfcff0200, 0x2a02f4ff, 0x1700ef01, 0x36002200, 0x02003340, 0x02050400, 0x00006704, 0x005f0100, 0x4d1c0101, 
    0x05050107, 0x01066103, 0x03220303, 0x0018184e, 0x18221800, 0x001c1e21, 0x23160017, 0x07082434, 0x2e042b19, 0x23013d01, 0x34352622, 0x32013b36, 0x33011d16, 0x14151632, 
    0x013e2306, 0x2b263435, 0x16141501, 0x63130133, 0x21194238, 0x1d841921, 0x77664e28, 0x2c246079, 0x2d4d272e, 0x5f320c25, 0x1920b642, 0x1d282019, 0x5b585f3e, 0x23267366, 
    0x26402722, 0x0000002c, 0x46000200, 0x0703f4ff, 0x1f00fa02, 0x44002b00, 0x04004140, 0x04070100, 0x03006701, 0x02610003, 0x22000001, 0x0606004d, 0x01086105, 0x4d230505, 
    0x07070109, 0x01026100, 0x00220000, 0x0020204e, 0x202b2000, 0x0024262a, 0x131e001f, 0x26132325, 0x2b1b070a, 0x15011e00, 0x23010e14, 0x27012e22, 0x06141523, 0x35262223, 
    0x33363411, 0x11151632, 0x33013e33, 0x34353612, 0x06222326, 0x33161415, 0x45764c02, 0x3e467645, 0x420b4669, 0x271c1d26, 0x261d1d26, 0x59871446, 0x36464633, 0x36474736, 
    0x7645fa01, 0x45774747, 0x8e3c6036, 0x1d28271e, 0x281d7c02, 0x85fe1e27, 0x77fe6b55, 0x4d3b394d, 0x4c3a3b4d, 0x27000200, 0x3a02f5ff, 0x2200ee02, 0x32002e00, 0x010d2f40, 
    0x4c010203, 0x04020300, 0x80040302, 0x02000100, 0x67020103, 0x04040105, 0x00006100, 0x4e002200, 0x2e232323, 0x342b2d23, 0x0706253b, 0x16002b1a, 0x010e1415, 0x012e2223, 
    0x37363435, 0x3435012e, 0x32013b36, 0x06141516, 0x0622012b, 0x1f161415, 0x35360201, 0x22232634, 0x16141506, 0x60da0133, 0x49497a48, 0x44524679, 0x565d3a3a, 0x212119da, 
    0x1b18d619, 0x0d572e22, 0x38374949, 0x01384848, 0x45567dc5, 0x74444474, 0x1b754945, 0x4230471c, 0x1918214e, 0x13121620, 0xfe23121e, 0x38374983, 0x3839494a, 0x00000048, 
    0x2700ffff, 0x3202f4ff, 0x0200fa01, 0x00000c01, 0x17000200, 0x6d0261ff, 0x1f00fa01, 0x32002200, 0x01222f40, 0x4c010403, 0x03000102, 0x04005600, 0x064d2304, 0x03030507, 
    0x00600103, 0x011b0101, 0x2100004e, 0x001f0020, 0x2315231e, 0x07082513, 0x16242b1b, 0x0614011d, 0x3d262223, 0x14152101, 0x26222306, 0x3634013d, 0x013e1333, 0x17163233, 
    0x33213313, 0x27460227, 0x251b1c24, 0x1c24aafe, 0x1d27251b, 0x14230ca3, 0xa40c2314, 0xadc2fe01, 0x1d277256, 0x26261c8b, 0x1d5c5d1c, 0x8a1c2726, 0x5501271d, 0x191a1a19, 
    0x00baabfe, 0x4300ffff, 0x0e0240ff, 0x0200fa01, 0x00000d01, 0x4300ffff, 0x0e0240ff, 0x22002003, 0x0000ce01, 0x8d030300, 0x00002502, 0x27000300, 0xb60340ff, 0x2b00fa02, 
    0x43003700, 0x50405300, 0x06022028, 0x020a1203, 0x4c020700, 0x06060108, 0x050a6103, 0x23030302, 0x0b090c4d, 0x00070703, 0x00010261, 0x004d2200, 0x61010404, 0x1e010100, 
    0x38384e01, 0x00002c2c, 0x42384338, 0x372c3c3e, 0x3032362c, 0x2a002b00, 0x25252625, 0x1b070d26, 0x011e002b, 0x010e1415, 0x27262223, 0x23061415, 0x013d2622, 0x2223010e, 
    0x3435012e, 0x3233013e, 0x34351716, 0x16323336, 0x013e011d, 0x35360033, 0x22232634, 0x16141506, 0x35362033, 0x22232634, 0x16141506, 0x6d0b0333, 0x456d3e3e, 0x261a4c2e, 
    0x1a271d1d, 0x6d452e4c, 0x456d3e3e, 0x271a4c2e, 0x1a261d1d, 0xa1fe2e4c, 0x38384546, 0x01384848, 0x384748b4, 0x38454538, 0x7642fa01, 0x43774a4a, 0x1dac1d1f, 0xac1d2727, 
    0x77431f1d, 0x42764a4a, 0x1df61d1e, 0xf61e2728, 0x75fe1e1d, 0x4b3d3d4c, 0x4d3b3c4d, 0x4d3c3b4d, 0x4c3d3d4b, 0x4300ffff, 0x0e0240ff, 0x2200d802, 0x0000ce01, 0x6a030300, 
    0x00002402, 0x4300ffff, 0x2d0240ff, 0x22002103, 0x0000ce01, 0x64030300, 0x00005d02, 0x2100ffff, 0x7402f4ff, 0x0200a002, 0x00000200, 0x4b00ffff, 0x4b020000, 0x02009402, 
    0x00000300, 0x4b000100, 0xfb01f4ff, 0x12009402, 0x1c401f00, 0x00010100, 0x0000005f, 0x01034d2c, 0x022d0202, 0x0000004e, 0x24110012, 0x18080435, 0x3526162b, 0x33363411, 
    0x15163221, 0x012b0614, 0x23061411, 0x1e272772, 0x241a2d01, 0x27eb1a24, 0x1d280c1c, 0x271e1602, 0x231a1a23, 0x281d1ffe, 0x21000200, 0x80020000, 0x1000a002, 0x37001300, 
    0x020113b5, 0x4b4c0101, 0x585029b0, 0x01001040, 0x004d3401, 0x60000202, 0x2d000000, 0x401b4e00, 0x0002000d, 0x64000200, 0x34010100, 0xb5594e01, 0x03332613, 0x242b1908, 
    0x23061415, 0x35262221, 0x36133734, 0x13173233, 0x02032125, 0xfe1c2680, 0x08261d26, 0x2c2d14e7, 0x49fee714, 0x538f1f01, 0x25251c12, 0x0211121c, 0xfd2e2e0e, 0x640116f2, 
    0x4b00ffff, 0x1b020000, 0x02009402, 0x00000600, 0x1400ffff, 0x38020000, 0x02009402, 0x00001b00, 0x4b00ffff, 0x7d02f4ff, 0x0200a002, 0x00000900, 0x26000300, 0xe402f4ff, 
    0x0f00a002, 0x2d001f00, 0x3a403d00, 0x00050108, 0x04050204, 0x03010767, 0x06610103, 0x34010101, 0x0202004d, 0x00006100, 0x4e002d00, 0x10102020, 0x2d200000, 0x24272b20, 
    0x1e101f10, 0x0f001618, 0x09260e00, 0x002b1708, 0x1415011e, 0x2223010e, 0x3435012e, 0x0e33013e, 0x1e141502, 0x3e323301, 0x2e343501, 0x011e2301, 0x2b061415, 0x35262201, 
    0x013b3634, 0x5ea1e501, 0x6161a15e, 0xa05d5da0, 0x38643f61, 0x3f3f6438, 0x65393965, 0x2020783f, 0x2018be18, 0x02be1820, 0x5e9d5ba0, 0x5b5b9d5e, 0x9c5f5f9c, 0x673a755b, 
    0x3a664041, 0x4040663a, 0x1fab3b67, 0x1f1f1918, 0x001f1819, 0x4b00ffff, 0xd200f4ff, 0x0200a002, 0x00000a00, 0x4b00ffff, 0x6f02f4ff, 0x0200a002, 0x00000c00, 0x21000100, 
    0x8002f4ff, 0x1500a002, 0x18401b00, 0x02000107, 0x02004c01, 0x014d3402, 0x2d000001, 0x24264e00, 0x19080323, 0x1415242b, 0x27222306, 0x2306010b, 0x34352622, 0x33361337, 
    0x02131732, 0x2c1c2680, 0x14aead14, 0x08271c2b, 0x2d2e13e7, 0x1348e713, 0x0130261b, 0x3066fe9a, 0x150f1b26, 0x2e2e1902, 0x0000e7fd, 0x4b00ffff, 0xd102f4ff, 0x0200a002, 
    0x00000e00, 0x4b00ffff, 0x7d02f4ff, 0x0200a002, 0x00000f00, 0x21000300, 0x5b020000, 0x0d009402, 0x29001b00, 0xb04b6500, 0x40585029, 0x07020020, 0x02040301, 0x01066703, 
    0x5f000101, 0x2c000000, 0x0404004d, 0x01085f05, 0x052d0505, 0x1d401b4e, 0x01070200, 0x03020403, 0x08040067, 0x05040501, 0x01010663, 0x005f0001, 0x012c0000, 0x1a40594e, 
    0x0e0e1c1c, 0x291c0000, 0x2023271c, 0x190e1b0e, 0x0d001215, 0x09340b00, 0x122b1708, 0x36343526, 0x16322133, 0x23061415, 0x35261221, 0x21333634, 0x14151632, 0x02212306, 
    0x36343526, 0x16322133, 0x23061415, 0x24244521, 0x1bbe011a, 0xfe1a2423, 0x24242c42, 0x1b32011a, 0xfe1b2323, 0x242460ce, 0x1bbe011a, 0xfe1a2423, 0x231a0242, 0x23231a1a, 
    0xfe231a1a, 0x1a1923f0, 0x1a1a2424, 0x23f6fe22, 0x23231a1a, 0x00231a1a, 0x2600ffff, 0xe402f4ff, 0x0200a002, 0x00001000, 0x4b000100, 0x6702f4ff, 0x17009402, 0x1e402100, 
    0x00020200, 0x0000005f, 0x03044d2c, 0x2d010102, 0x00004e01, 0x16001700, 0x05352513, 0x162b1908, 0x34113526, 0x32213336, 0x14111516, 0x26222306, 0x11211135, 0x72230614, 
    0x011e2727, 0x27281d92, 0xfe271c1d, 0x0c1c27f2, 0x16021d28, 0x1e27271e, 0x281deafd, 0xe1011d28, 0x281d1ffe, 0x4b00ffff, 0x3102f4ff, 0x02009402, 0x00001100, 0x23000100, 
    0x1902ffff, 0x24009402, 0x0db54a00, 0x01020301, 0x2db04b4c, 0x16405850, 0x01020200, 0x0101005f, 0x01044d2c, 0x5f000303, 0x2d000000, 0x401b4e00, 0x03010413, 0x00030000, 
    0x02020063, 0x01005f01, 0x4e022c01, 0x000c4059, 0x00240000, 0x343b2423, 0x2b190805, 0x14151624, 0x22212306, 0x36343526, 0x2627013f, 0x33363435, 0x15163221, 0x012b0614, 
    0x15011e17, 0x010f0614, 0x24f50133, 0x8cfe1a24, 0x0c0a271d, 0x2717c0c2, 0x1a67011d, 0xe71a2424, 0x0b0b0e8f, 0x79fa960e, 0x231a1a23, 0x1a101d28, 0x18ccd20d, 0x23271d1f, 
    0x98231a1a, 0x0e0e160e, 0x00a50e16, 0x0600ffff, 0x4302f4ff, 0x02009402, 0x00001500, 0x2900ffff, 0x4802f4ff, 0x0200a002, 0x00001a00, 0x26000300, 0x1f03b8ff, 0x1f00dc02, 
    0x2f002700, 0xb04b9000, 0x40585019, 0x02090a22, 0x00010206, 0x69000601, 0x07070108, 0x01056103, 0x4d2c0303, 0x04010100, 0x04040061, 0x1b4e012e, 0x501bb04b, 0x05204058, 
    0x01080301, 0x07030607, 0x02090a69, 0x00010206, 0x69000601, 0x04010100, 0x04040061, 0x1b4e012e, 0x04002540, 0x59040103, 0x08030105, 0x03060701, 0x090a6907, 0x01020602, 
    0x00060100, 0x04040069, 0x01006101, 0x59510104, 0x28124059, 0x282f2828, 0x1511192f, 0x13162313, 0x080b1223, 0x0e242b1f, 0x14150701, 0x26222306, 0x022e013d, 0x013e3435, 
    0x36343537, 0x1d163233, 0x15021e01, 0x11171604, 0x0415020e, 0x2e343536, 0x03112701, 0x5a8e511f, 0x271d1d26, 0x51518e5a, 0x1d27598f, 0x8e5a261d, 0x658cfd51, 0x2f52334f, 
    0x2f668a01, 0x8cf33353, 0x1e130453, 0x141e2727, 0x588d5204, 0x04518a57, 0x27271e15, 0x5004141e, 0x6b57588b, 0x038a0105, 0xbe375835, 0x5837536b, 0x76fe0335, 0x2700ffff, 
    0x3e02f4ff, 0x0200a002, 0x00001900, 0x3f000100, 0xe902f4ff, 0x2b00a002, 0x28402b00, 0x06020104, 0x02070001, 0x03056900, 0x34010102, 0x0701084d, 0x4e072d07, 0x2b000000, 
    0x25152a00, 0x25152313, 0x1d080913, 0x3d26042b, 0x3d012e01, 0x33363401, 0x011d1632, 0x11171614, 0x32333634, 0x3e111516, 0x34013d01, 0x16323336, 0x0614011d, 0x06141507, 
    0x27770123, 0x1c279180, 0x3f4b271d, 0x271c1d27, 0x1c274c3f, 0x8092271d, 0x280c1c27, 0x9407581d, 0x281dae81, 0x4ca61d28, 0x4f01025b, 0x1d28281d, 0x5c02b1fe, 0x281da64b, 
    0x81ae1d28, 0x1d580794, 0x00000028, 0x25000100, 0xef020000, 0x3300a002, 0xb04b4900, 0x40585029, 0x01010018, 0x04006104, 0x064d3404, 0x03030205, 0x01025f00, 0x002d0000, 
    0x15401b4e, 0x03020506, 0x03000102, 0x01006300, 0x00610401, 0x01340404, 0x0e40594e, 0x33000000, 0x24263200, 0x07342939, 0x242b1b08, 0x06141516, 0x2622012b, 0x36373435, 
    0x012e3435, 0x010e2223, 0x16171415, 0x2b061415, 0x35262201, 0x013b3634, 0x3435012e, 0x3233013e, 0x1415011e, 0x02330706, 0x1a2423cc, 0x28291eb8, 0x3d613784, 0x8435603e, 
    0xb81e2928, 0x1a24241a, 0x5d3c3b3f, 0xa26060a1, 0x46403e5e, 0x1a1a237a, 0x261d2923, 0x3c844a1a, 0x5e34355e, 0x194a853d, 0x23291d26, 0x28231a1a, 0x955a4772, 0x59955756, 
    0x002b6e48, 0x0700ffff, 0x7402f4ff, 0x2200a002, 0x0000d301, 0x8a030701, 0x94ff4e01, 0x02b10900, 0x94ffb801, 0x002b35b0, 0x7fffffff, 0x1b020000, 0x2200a002, 0x0000d701, 
    0x8a030701, 0x94ffc600, 0x01b10900, 0x94ffb801, 0x002b35b0, 0x7fffffff, 0x7d02f4ff, 0x2200a002, 0x0000d901, 0x8a030701, 0x94ffc600, 0x01b10900, 0x94ffb801, 0x002b35b0, 
    0x7fffffff, 0xd200f4ff, 0x2200a002, 0x0000db01, 0x8a030701, 0x94ffc600, 0x01b10900, 0x94ffb801, 0x002b35b0, 0xa5ffffff, 0xe402f4ff, 0x2200a002, 0x0000e101, 0x8a030701, 
    0x94ffec00, 0x02b10900, 0x94ffb801, 0x002b35b0, 0x6affffff, 0x4802f4ff, 0x2200a002, 0x0000e601, 0x8a030701, 0x94ffb100, 0x01b10900, 0x94ffb801, 0x002b35b0, 0xbdffffff, 
    0xef020000, 0x2200a002, 0x0000ea01, 0x8a030701, 0x94ff0401, 0x01b10900, 0x94ffb801, 0x002b35b0, 0xbdffffff, 0x6101f4ff, 0x22007c03, 0x0000db01, 0x7b030300, 0x00008901, 
    0x2900ffff, 0x4802f4ff, 0x22007c03, 0x0000e601, 0x7b030300, 0x00003202, 0x21000100, 0x79020000, 0x31009402, 0x34403700, 0x08030107, 0x03010201, 0x01066702, 0x5f050404, 
    0x1a050500, 0x02090a4d, 0x5f000101, 0x1b000000, 0x00004e00, 0x30003100, 0x34242124, 0x24212421, 0x1f070b34, 0x1516242b, 0x21230614, 0x34352622, 0x35013b36, 0x35262223, 
    0x013b3634, 0x26222335, 0x33363435, 0x15163221, 0x012b0614, 0x16323315, 0x2b061415, 0x02331501, 0x1a242356, 0x241a24fe, 0x66ac1a24, 0x1a23231a, 0x241aac66, 0xdc011a24, 
    0x1a24231b, 0x231a66ab, 0xab661a23, 0x1a1a237a, 0x1a1a2323, 0x1a229023, 0x2397231a, 0x23231a1a, 0x97231a1a, 0x221a1a23, 0x00000090, 0x27000200, 0x8202f4ff, 0x2700fa01, 
    0xfa003300, 0x502db04b, 0x160e4058, 0x20020501, 0x08050401, 0x03040001, 0xb04b1b4c, 0x4058502e, 0x0501160e, 0x04012003, 0x00010805, 0x1b4c0304, 0x502fb04b, 0x160e4058, 
    0x20020501, 0x08050401, 0x03040001, 0x0e401b4c, 0x03050116, 0x05040120, 0x04000108, 0x59594c03, 0x2db04b59, 0x1a405850, 0x02050500, 0x02010361, 0x084d3702, 0x04030706, 
    0x01620004, 0x2d000001, 0x4b1b4e00, 0x58502eb0, 0x03001e40, 0x004d3703, 0x61020505, 0x37020200, 0x0706084d, 0x00040403, 0x00010162, 0x4e002d00, 0x2fb04b1b, 0x1a405850, 
    0x02050500, 0x02010361, 0x084d3702, 0x04030706, 0x01620004, 0x2d000001, 0x401b4e00, 0x0303001e, 0x05004d37, 0x00610205, 0x4d370202, 0x03070608, 0x62000404, 0x00000101, 
    0x594e002d, 0x15405959, 0x00002828, 0x32283328, 0x27002c2e, 0x26262500, 0x08092523, 0x16242b1a, 0x06071415, 0x0e272223, 0x2e222301, 0x3e343501, 0x16323301, 0x3e353617, 
    0x16323301, 0x06071415, 0x1606010f, 0x3606013b, 0x23263435, 0x14150622, 0x68023316, 0x2b16181a, 0x511b1b5c, 0x3d6b4334, 0x33436b3d, 0x02011a4f, 0x261c1c24, 0x02020203, 
    0x01161201, 0x374444f1, 0x35454535, 0x24171d70, 0x264f1012, 0x4a76432b, 0x2843764a, 0x1e040224, 0x1f1b2523, 0x5b45202a, 0x4b011c20, 0x4d4c3d3d, 0x004c3d3b, 0x43000200, 
    0x460240ff, 0x1b00fa02, 0x59003300, 0x440005b1, 0x011b4040, 0x01310403, 0x01080306, 0x4c030600, 0x03000400, 0x69030406, 0x02050500, 0x02020061, 0x01074d36, 0x61000606, 
    0x2d000000, 0x0101004d, 0x1c4e0131, 0x1c331c1c, 0x3b152332, 0x08252426, 0x402b1c08, 0x7f297f0a, 0x8f298f2a, 0x2a2b042a, 0x6405b130, 0x15160044, 0x23010e14, 0x14152722, 
    0x26222306, 0x3e341135, 0x1e323301, 0x06141501, 0x35360207, 0x012b2634, 0x34352622, 0x35363736, 0x22232634, 0x16111506, 0x42040233, 0x4f456d3e, 0x1d1d263d, 0x456d3d27, 
    0x263a6640, 0x43434e23, 0x21191337, 0x2f59181d, 0x38362f27, 0x688d0142, 0x3d6c4345, 0x271e9d2e, 0x8e021d28, 0x323b6943, 0x4b2f3759, 0x40cafe18, 0x21423634, 0x021f1818, 
    0x2f285703, 0x8efe333b, 0x0000002f, 0x15000100, 0x0e0240ff, 0x1b00fa01, 0x1a401d00, 0x03020a14, 0x4c010100, 0x01010102, 0x00004d37, 0x4e003100, 0x03252826, 0x002b1908, 
    0x14150307, 0x26222306, 0x2603013d, 0x33363435, 0x1b171632, 0x33013e01, 0x02151632, 0x27af0a0e, 0xae271d1c, 0x141b270b, 0x7f800720, 0x1a152007, 0x19ae0127, 0x1d7464fe, 
    0x761d2828, 0x0c189a01, 0x1313271a, 0x4101bffe, 0x1a271313, 0x27000200, 0x3602f4ff, 0x1e00ee02, 0x34002a00, 0x010e3140, 0x4c010203, 0x04020300, 0x80040302, 0x01020200, 
    0x0101005f, 0x01054d2e, 0x61000404, 0x2d000000, 0x1f1f4e00, 0x291f2a1f, 0x253d2426, 0x2b1a0806, 0x14151600, 0x2223010e, 0x3435012e, 0x2737013e, 0x3435012e, 0x32213336, 
    0x06141516, 0x0217012b, 0x26343536, 0x15062223, 0x01171614, 0x79463bfb, 0x44794a49, 0xaa3e6035, 0x17220d0d, 0x231a7c01, 0xa1d51a23, 0x37484651, 0x38464637, 0x4070a701, 
    0x42447748, 0x693f4873, 0x0d9c0a45, 0x22170d17, 0x231a1a23, 0x498efe91, 0x4b4c3a39, 0x01493a3a, 0x29000100, 0xd601f4ff, 0x3400fa01, 0x05b15f00, 0x3e404400, 0x04050109, 
    0x02004c01, 0x02030403, 0x07008004, 0x07050605, 0x04008006, 0x04070500, 0x03006905, 0x00610103, 0x4d370101, 0x00060600, 0x00000061, 0x224e002d, 0x22333424, 0x08222a25, 
    0x402b1e08, 0x70217012, 0x70237022, 0x80218024, 0x80238022, 0x2a2b0824, 0x6405b130, 0x06072444, 0x35262223, 0x2e373634, 0x36343501, 0x16173233, 0x23061415, 0x23262722, 
    0x16141522, 0x16363337, 0x07061415, 0x15010e23, 0x32331614, 0x32333637, 0xd6011516, 0x68744915, 0x21292e73, 0x6f606e22, 0x17221643, 0x3f2c0f13, 0x381d1f4c, 0x161d1d16, 
    0x2924273d, 0x132f452e, 0x41201813, 0x454d3d10, 0x13113d27, 0x4e442337, 0x171b1336, 0x2f1d0b21, 0x01011815, 0x1c15161d, 0x17150101, 0x0c22181a, 0x00001a23, 0x2b000100, 
    0xe20140ff, 0x2d00ee02, 0x18401b00, 0x02010100, 0x0202005f, 0x00004d2e, 0x4e003100, 0x181a1e21, 0x17080325, 0x1516242b, 0x23060714, 0x34352622, 0x34353637, 0x2e012f26, 
    0x36343501, 0x2223013f, 0x36343526, 0x16322133, 0x03071415, 0x1415010e, 0x01011f16, 0x15174394, 0x06241b2b, 0x32282708, 0x4735534f, 0x241ac485, 0x3f011a24, 0xc90f2317, 
    0x3d332433, 0x3c535531, 0x20262a36, 0x12100a18, 0x0b27190f, 0x4660170f, 0xaf5e6b32, 0x231a1a23, 0x11151722, 0x4345f4fe, 0x102f2820, 0x0000000e, 0x0e000100, 0x310240ff, 
    0x2700fa01, 0x2a402d00, 0x03010125, 0x01004c01, 0x05610301, 0x03030204, 0x02004d37, 0x004d2d02, 0x00310000, 0x0000004e, 0x2d260027, 0x06252525, 0x002b1a08, 0x14111516, 
    0x26222306, 0x26341135, 0x1d062223, 0x23061401, 0x11352622, 0x27262734, 0x3435012e, 0x32333637, 0x01333617, 0x1c2768c9, 0x2933271c, 0x1c27352a, 0x090d271c, 0x1e1c1515, 
    0x1e532814, 0xfa016237, 0x52fe5b6c, 0x1d28281d, 0x352b9b01, 0x1de72b35, 0x011d2828, 0x0c101e0b, 0x16220403, 0x400a1320, 0x00000040, 0x2f000300, 0x5202f3ff, 0x0c00fa02, 
    0x1a001300, 0x3a403d00, 0x04000200, 0x67040205, 0x03030107, 0x01066101, 0x4d360101, 0x05050108, 0x00006100, 0x4e002d00, 0x0d0d1414, 0x1a140000, 0x16171914, 0x120d130d, 
    0x0c000f10, 0x09240b00, 0x002b1708, 0x06141516, 0x012e2223, 0x33363435, 0x2107010e, 0x1223012e, 0x1e213736, 0xc2013301, 0x55819190, 0x8190417b, 0x0106423d, 0x3d43060b, 
    0xfe07443b, 0x3b4307f5, 0xb9c7fa02, 0xb05bccbb, 0x7cc7b97c, 0x646a6a64, 0x6964f1fd, 0x00006469, 0x41000100, 0x4a01f4ff, 0x1700fa01, 0x1e402100, 0x37000000, 0x0101024d, 
    0x04620301, 0x2d030301, 0x00004e03, 0x16001700, 0x05251522, 0x162b1908, 0x34113526, 0x16323336, 0x16141115, 0x33363233, 0x14151632, 0x98230607, 0x1d1c2757, 0x061c2026, 
    0x1d15050a, 0x0c2f191c, 0x1101545d, 0x1d27271d, 0x2121fbfe, 0x25171e02, 0x00001112, 0x43000200, 0x0a02f4ff, 0x1600fa01, 0x23002400, 0x01152040, 0x4c010100, 0x01020304, 
    0x024d3701, 0x2d000001, 0x17174e00, 0x23172417, 0x0523292c, 0x242b1908, 0x23061415, 0x26012f22, 0x3f363435, 0x32333601, 0x0f141516, 0x16001701, 0x06141115, 0x35262223, 
    0x33363411, 0x19240a02, 0x14a8131d, 0x11a10c0b, 0x13261b1a, 0xaafe8a82, 0x1d1c2726, 0x491d2727, 0x16241a17, 0x0b1a17bd, 0x14bd0f17, 0x18161a23, 0x9e019c97, 0x83fe1d27, 
    0x1d28281d, 0x271d7d01, 0xfdff0100, 0x2902f4ff, 0x2800fa02, 0x1f402200, 0x00020811, 0x004c0102, 0x61030202, 0x36030300, 0x0001014d, 0x4e002d00, 0x23253826, 0x2b1a0804, 
    0x06141524, 0x2f262223, 0x23060301, 0x34352622, 0x2e271337, 0x06012b01, 0x36343526, 0x32333637, 0x1e131716, 0x17161702, 0x27262902, 0x55163b32, 0x1c2a1486, 0x14c00627, 
    0x0b242911, 0x0f132419, 0x5b472018, 0x0e09a51f, 0x0e130c0b, 0x231c1b50, 0xfee53d38, 0x1d282ed2, 0xa8010d0d, 0x01212d37, 0x1c111a23, 0x52450b06, 0x171a48fe, 0x0c040307, 
    0x43000100, 0x630240ff, 0x2d00fa01, 0x2f403200, 0x0002080d, 0x054c0104, 0x37030301, 0x0206074d, 0x62000404, 0x00000101, 0x02004d2d, 0x4e023102, 0x2d000000, 0x25252b00, 
    0x25232425, 0x2b1c0808, 0x14151624, 0x22230607, 0x23010e27, 0x14152722, 0x26222306, 0x36341135, 0x1d163233, 0x33161401, 0x013d3632, 0x32333634, 0x14111516, 0x4902013b, 
    0x1f1a1f1a, 0x3a111c4d, 0x27264126, 0x28281c1c, 0x33271c1c, 0x27342a29, 0x28271c1c, 0x171d7001, 0x3a0e1028, 0xa0311f1d, 0x1d28281d, 0x271d3102, 0x2ce41c28, 0xe42c3838, 
    0x1c28281c, 0x0031ebfe, 0x1500ffff, 0x1a02f4ff, 0x0200fa01, 0x00009c00, 0x25000100, 0xda0140ff, 0x4000ee02, 0x31403400, 0x04050117, 0x05000109, 0x04004c02, 0x04000500, 
    0x01036705, 0x5f020101, 0x2e020200, 0x0000004d, 0x3b4e0031, 0x2d313438, 0x1f23262a, 0x0806251d, 0x16242b17, 0x06071415, 0x35262223, 0x36373634, 0x012f3435, 0x3435012e, 
    0x012e3736, 0x37363435, 0x35262223, 0x21333634, 0x14151632, 0x22012b06, 0x16141506, 0x16321733, 0x2b061415, 0x15062201, 0x01011f14, 0x16164090, 0x06241b2b, 0x2a390801, 
    0x383c5f5b, 0x1c1d2c2f, 0x24241a1b, 0x1a39011a, 0x6c1a2424, 0x2d333530, 0x2323174b, 0x41344b17, 0x51581f76, 0x28244239, 0x13071a22, 0x330b1403, 0x7712080b, 0x1b5f3749, 
    0x212b4516, 0x1a241438, 0x19232319, 0x2638241a, 0x1f013826, 0x3820191a, 0x06175d2e, 0x2700ffff, 0x3a02f5ff, 0x0200fa01, 0x00009500, 0xf9ff0100, 0x6502f4ff, 0x1f00ef01, 
    0x22402500, 0x00020204, 0x005f0100, 0x4d2f0101, 0x03020506, 0x4e032d03, 0x1f000000, 0x23131e00, 0x07233424, 0x162b1b08, 0x23113526, 0x34352622, 0x32213336, 0x06141516, 
    0x1411012b, 0x26222306, 0x11231135, 0x7e230614, 0x261a1e27, 0xee011a26, 0x1a24241a, 0x1c1c271d, 0x1c27a628, 0x011c280c, 0x1919243d, 0x1a1a2324, 0x1cc3fe23, 0x011c2828, 
    0x1cc3fe3d, 0x00000028, 0x3e000200, 0x430241ff, 0x1600fa01, 0x38002200, 0x010a3540, 0x4c010400, 0x02030300, 0x02010561, 0x064d3702, 0x00040401, 0x00000061, 0x01004d2d, 
    0x4e013101, 0x00001717, 0x21172217, 0x16001b1d, 0x26251500, 0x2b180807, 0x15011e00, 0x23010e14, 0x15272622, 0x22230614, 0x34113526, 0x1233013e, 0x26343536, 0x15062223, 
    0x01331614, 0x3d42768b, 0x4a2d446c, 0x1d1d261a, 0x4d744027, 0x37464535, 0x37444337, 0x7541fa01, 0x43764a4d, 0x1da91c1e, 0x011d2727, 0x41774f6e, 0x3b4d75fe, 0x3d4a4c3d, 
    0x00004c3e, 0x27000100, 0xf60140ff, 0x2c00fa01, 0x2e403100, 0x01030102, 0x01004c01, 0x01020302, 0x02008003, 0x00610002, 0x4d370000, 0x03030104, 0x004e0331, 0x002c0000, 
    0x1b1d1f2b, 0x05111319, 0x042b1608, 0x36343526, 0x34353637, 0x2e012f26, 0x3e343501, 0x16323301, 0x14151617, 0x27222306, 0x06222326, 0x1f161415, 0x15011e01, 0x23060714, 
    0x04236f01, 0x27210501, 0x415b612b, 0x623c4b74, 0x1a240e23, 0x382a121a, 0x45394535, 0x16413d35, 0x20c02b15, 0x04130818, 0x241b0d0d, 0x74200d0d, 0x42754c59, 0x16112a2d, 
    0x2d132419, 0x3f343849, 0x51121116, 0x272a363a, 0x27000200, 0x8902f4ff, 0x1600ef01, 0x57002200, 0x5027b04b, 0x03184058, 0x02000001, 0x0201055f, 0x064d2f02, 0x01040401, 
    0x01010061, 0x1b4e012d, 0x00001e40, 0x00030403, 0x03030072, 0x01055f02, 0x4d2f0202, 0x04040106, 0x01006101, 0x4e012d01, 0x17134059, 0x17000017, 0x1d211722, 0x0016001b, 
    0x07242614, 0x002b1808, 0x06141516, 0x011e012b, 0x010e1415, 0x012e2223, 0x013e3435, 0x36022133, 0x23263435, 0x14150622, 0x65023316, 0x501b2324, 0x78451d1a, 0x4477494a, 
    0x014f7a43, 0x4546e918, 0x46453737, 0x23ef0136, 0x1c231a1a, 0x70462747, 0x48764341, 0xfe3f714a, 0x3a3b4c81, 0x3b3a4a4a, 0x0000004c, 0x01000100, 0xf301f4ff, 0x2000ef01, 
    0x26402900, 0x03020506, 0x005f0403, 0x4d2f0404, 0x00000101, 0x02006102, 0x4e022d02, 0x20000000, 0x23341f00, 0x07232125, 0x012b1b08, 0x33161415, 0x32333632, 0x07141516, 
    0x26222306, 0x2223013d, 0x36343526, 0x16322133, 0x23061415, 0x262b3101, 0x19091109, 0x2a231f20, 0x196c6860, 0x01192424, 0x24241a77, 0xbb75011a, 0x22032627, 0x10102119, 
    0x24c75b5f, 0x23231a19, 0x00231a1a, 0x3e000100, 0x0e02f4ff, 0x1d00fa01, 0x1e402100, 0x00000102, 0x01004d37, 0x04610301, 0x2d030301, 0x00004e03, 0x1c001d00, 0x05262525, 
    0x162b1908, 0x013d012e, 0x32333634, 0x14011d16, 0x36323316, 0x3634013d, 0x1d163233, 0x010e1401, 0x3a69e123, 0x271c1c28, 0x352c2c35, 0x271d1c27, 0x0c45693a, 0xda45693a, 
    0x1c28281c, 0x37372de4, 0x281ce42d, 0x45da1d27, 0x00003a69, 0x27000300, 0xdf0240ff, 0x1f00a002, 0x2d002600, 0x36403900, 0x34040400, 0x0701084d, 0x05610307, 0x37030301, 
    0x02090a4d, 0x61000606, 0x00000102, 0x01004d2d, 0x4e013101, 0x2d272727, 0x11172d27, 0x16231315, 0x0b122313, 0x242b1f08, 0x1507010e, 0x22230614, 0x2e013d26, 0x3e343502, 
    0x34353701, 0x16323336, 0x021e011d, 0x17160415, 0x15010e11, 0x34353604, 0x02112726, 0x518047df, 0x271d1d26, 0x48488051, 0x1d27527f, 0x7f52261d, 0x54cbfd47, 0x01554546, 
    0x4554545e, 0x044273ae, 0x28271e70, 0x42046f1d, 0x724b4b73, 0x1d610441, 0x621e2728, 0x4a724104, 0x01044a43, 0x404c0420, 0x40414b8c, 0xe0fe044c, 0x00000100, 0x250240ff, 
    0x2e00fa01, 0x29402c00, 0x0913202a, 0x01020504, 0x0202004c, 0x01046103, 0x4d370303, 0x00050500, 0x00010162, 0x4e003100, 0x17252618, 0x08062426, 0x16042b1c, 0x23061415, 
    0x012f2622, 0x23010e07, 0x34352622, 0x26271337, 0x35012e27, 0x32333634, 0x37011f16, 0x3233013e, 0x0f141516, 0x011e1701, 0x1d080217, 0x3a2f212a, 0x08674c1c, 0x251b121e, 
    0x105c8f0a, 0x2a1d1a20, 0x1c3c3021, 0x1e08623c, 0x0a251a12, 0x15086987, 0x18224611, 0x3627221c, 0x130fcc8f, 0x12111a26, 0x20b20801, 0x18230201, 0x3628211c, 0x120fbc7d, 
    0x11121a25, 0x100fc3f9, 0x00000001, 0x3e000100, 0xdc0240ff, 0x2e009f02, 0x2e403100, 0x34030300, 0x0101054d, 0x044d3701, 0x00020201, 0x00010661, 0x084d2d00, 0x31070701, 
    0x00004e07, 0x2d002e00, 0x23132616, 0x09132615, 0x042b1d08, 0x22013d26, 0x013d012e, 0x32333634, 0x14011d16, 0x34113316, 0x16323336, 0x3e321115, 0x34013d01, 0x16323336, 
    0x0e14011d, 0x14152301, 0x71012306, 0x44794f27, 0x271c1c28, 0x1c27394c, 0x3e25271c, 0x1c1c2723, 0x4f7a4327, 0x28c01c27, 0x7641701c, 0x281cbe4d, 0x41b31c28, 0x1ced0154, 
    0xfe1c2828, 0x2b442613, 0x28281cb3, 0x764dbe1c, 0x281c7041, 0x27000100, 0xf902f4ff, 0x3d00f201, 0x2b402e00, 0x03000108, 0x04004c01, 0x04020302, 0x01068003, 0x4d2f0202, 
    0x03030105, 0x01016200, 0x002d0000, 0x25252a4e, 0x2523272a, 0x2b1d0807, 0x14151600, 0x2223010e, 0x23010e27, 0x35012e22, 0x36373634, 0x15163233, 0x0e070614, 0x16141501, 
    0x3d363233, 0x33363401, 0x011d1632, 0x32331614, 0x26343536, 0x35012e27, 0x32333634, 0xbd021716, 0x4163353c, 0x4a18335d, 0x3563412e, 0x1c223a3c, 0x0f0e251a, 0x2a2c2927, 
    0x1b252b22, 0x222a261b, 0x27292c2a, 0x19260e0f, 0x01131d0e, 0x4c5078b9, 0x20423f72, 0x4c723f22, 0x17227850, 0x18121a25, 0x373f1c0b, 0x252e433b, 0x26261b68, 0x2e25681b, 
    0x3f373b43, 0x12180b1c, 0x0d0a251a, 0x4100ffff, 0x4a01f4ff, 0x22002d03, 0x0000fd01, 0x8b030200, 0x0000009e, 0xc7ffffff, 0x4a01f4ff, 0x2200f202, 0x0000fd01, 0x87030300, 
    0x00008001, 0x7dffffff, 0x9a01f4ff, 0x22002d03, 0x0000fd01, 0x8c030200, 0x00000093, 0x3e00ffff, 0x0e02f4ff, 0x22002d03, 0x00000902, 0x8b030200, 0x00000037, 0x3e00ffff, 
    0x0e02f4ff, 0x2200f202, 0x00000902, 0x60030300, 0x00001902, 0x1700ffff, 0x3402f4ff, 0x22002d03, 0x00000902, 0x8c030200, 0x0000002d, 0x2700ffff, 0x3a02f5ff, 0x22002d03, 
    0x00000302, 0x8b030200, 0x00000049, 0x2700ffff, 0xf902f4ff, 0x22002d03, 0x00000d02, 0x8b030300, 0x0000a700, 0x2700ffff, 0x8202f4ff, 0x22002d03, 0x0000f501, 0x8b030200, 
    0x00000052, 0x2900ffff, 0xd601f4ff, 0x22002d03, 0x0000f901, 0x8b030200, 0x00000021, 0x0e00ffff, 0x310240ff, 0x22002d03, 0x0000fb01, 0x8b030200, 0x0000005c, 0x2c000100, 
    0xf50140ff, 0x4000f902, 0x39403c00, 0x0001012c, 0x0102011e, 0x04004c02, 0x04050005, 0x03008000, 0x04050106, 0x00690503, 0x02010000, 0x00670100, 0x021e0202, 0x0000004e, 
    0x3c3f0040, 0x2c32343a, 0x07073434, 0x06002b19, 0x3b161415, 0x15163201, 0x012b0614, 0x14150622, 0x1e011f16, 0x07141501, 0x26222306, 0x37363435, 0x2f343536, 0x35012e01, 
    0x2e37013e, 0x3e343501, 0x16323301, 0x14151617, 0x27222306, 0x0123012e, 0x2c373706, 0x23231744, 0x41344b17, 0x461d3c39, 0x2b161642, 0x0106241b, 0x5b2a3908, 0x343a015f, 
    0x67392c2a, 0x1f623f41, 0x1c1a230f, 0x1b281512, 0x29347d02, 0x1a1f3a2f, 0x2e382019, 0x060c392e, 0x4238520e, 0x1a222824, 0x14031307, 0x080b330b, 0x3b497712, 0x571b1a5f, 
    0x345d3b37, 0x17122531, 0x16152419, 0x00000015, 0x38000200, 0x4302f4ff, 0x0f00a002, 0x2c001a00, 0x01052940, 0x61010303, 0x01010104, 0x02004d48, 0x00610002, 0x00490000, 
    0x0010104e, 0x101a1000, 0x00141619, 0x260e000f, 0x2b170906, 0x15011e00, 0x23010e14, 0x35012e22, 0x33013e34, 0x1415010e, 0x35323316, 0x01232634, 0x3f3e768f, 0x77505076, 
    0x51763f3f, 0x3d3e3d3e, 0x023e3c7a, 0x699850a0, 0x54549d6a, 0x98696a9d, 0x6c697d50, 0x6cdd706d, 0x00000069, 0x12000100, 0x3601f4ff, 0x1600a002, 0x25402800, 0x0201010a, 
    0x01004c01, 0x01020002, 0x01038000, 0x4d480202, 0x49000000, 0x00004e00, 0x15001600, 0x09042525, 0x16002b18, 0x06141115, 0x35262223, 0x23060711, 0x34352622, 0x36013f36, 
    0x26100133, 0x23202024, 0x1a0f1040, 0x96151524, 0xa0020b18, 0xddfd1c28, 0x20252520, 0x071cc301, 0x1f131b25, 0x00084409, 0x2d000100, 0x1902ffff, 0x2d00a002, 0x2b402e00, 
    0x04010200, 0x80040201, 0x03010100, 0x03030061, 0x01054d48, 0x5f000404, 0x41000000, 0x00004e00, 0x2c002d00, 0x342a2529, 0x2b1a0906, 0x14151624, 0x22052306, 0x3f343526, 
    0x35013e01, 0x22232634, 0x0e010f06, 0x26222301, 0x34352627, 0x33023e37, 0x15011e32, 0x010f0614, 0x26f30133, 0x99fe1d25, 0xca1c271c, 0x29322c37, 0x04053125, 0x1b1a2504, 
    0x03010226, 0x3b634009, 0x483a6741, 0x7fd15e55, 0x241c1b24, 0x201c2701, 0x452fab18, 0x2d352c29, 0x201b1d26, 0x0b051d25, 0x52341210, 0x3d62382e, 0x4f477341, 0x1c000100, 
    0xf801f4ff, 0x2f009402, 0x33403600, 0x0403012f, 0x03004c01, 0x03040104, 0x01008001, 0x02010402, 0x0404007e, 0x05005f05, 0x004d4005, 0x61000202, 0x49000000, 0x26344e00, 
    0x25262334, 0x2b1c0906, 0x14151600, 0x2223010e, 0x35262726, 0x32333634, 0x33011e17, 0x34353632, 0x22012b26, 0x36343526, 0x2223013f, 0x36343526, 0x16322133, 0x010f1415, 
    0x41609801, 0x70424672, 0x1a240b26, 0x381b111b, 0x45403322, 0x241b1442, 0xbf7b120e, 0x1a24241a, 0x271c3801, 0x9401821d, 0x68404d6f, 0x1134383c, 0x14241913, 0x2e381d1f, 
    0x1b23312e, 0x6f0f190f, 0x231a1a23, 0x191f1b28, 0x00000078, 0x10000100, 0x3a02f4ff, 0x2800a002, 0x2a402d00, 0x04020607, 0x01000102, 0x006a0004, 0x4d480303, 0x01050500, 
    0x01010061, 0x004e0149, 0x00280000, 0x27152327, 0x08242323, 0x242b1c09, 0x06141516, 0x1415012b, 0x26222306, 0x2221013d, 0x37343526, 0x33013e13, 0x14151632, 0x35330307, 
    0x32333634, 0x33011d16, 0x23231702, 0x1d271b1d, 0xfbfe271c, 0xb906271c, 0x1c142209, 0xa1960528, 0x271d1d26, 0x1926e91b, 0x1d332519, 0x331d2828, 0x0f0e1c27, 0x1913a801, 
    0x0d0b1c28, 0x1d6ea5fe, 0x6e1d2727, 0x21000100, 0x0702f4ff, 0x2d009402, 0x35403800, 0x02030100, 0x80020103, 0x00060107, 0x03060103, 0x05050067, 0x04005f04, 0x004d4004, 
    0x61000202, 0x49000000, 0x00004e00, 0x2c002d00, 0x24343524, 0x09082626, 0x1e002b1c, 0x0e141501, 0x26222301, 0x34352627, 0x16323336, 0x33011e17, 0x34353632, 0x22012b26, 
    0x34013d26, 0x32213336, 0x06141516, 0x3315012b, 0x3d696101, 0x46467443, 0x250c2572, 0x08180d1a, 0x34253b19, 0x56434442, 0x1d27271d, 0x231b1001, 0x45d21b23, 0x5f33aa01, 
    0x3a69423f, 0x14113239, 0x090b241a, 0x2e381f1e, 0x1d27302f, 0x23271dd6, 0x70231a1a, 0x2700ffff, 0x0c02f4ff, 0x0200a002, 0x00003e02, 0x26000100, 0xf601f4ff, 0x16009402, 
    0x1c401f00, 0x02010100, 0x0201035f, 0x004d4002, 0x00490000, 0x0000004e, 0x25140016, 0x18090427, 0x1516002b, 0x0e010714, 0x26222301, 0x13373435, 0x35262223, 0x21333634, 
    0x0828ce01, 0x1f09d4fe, 0x09281c12, 0x241be3fb, 0x4d011b24, 0x1b289402, 0xe5fd0d13, 0x1c28130f, 0xc101120f, 0x231a1a23, 0x2e00ffff, 0x1d02f4ff, 0x0200a002, 0x00004002, 
    0x27000200, 0x0c02f4ff, 0x1700a002, 0x30002300, 0x01062d40, 0x00010004, 0x00690104, 0x61020303, 0x02020105, 0x00004d48, 0x4e004900, 0x00001818, 0x22182318, 0x17001c1e, 
    0x28151600, 0x2b180907, 0x15011e00, 0x010f0614, 0x26222306, 0x013f3435, 0x3435022e, 0x1233013e, 0x26343536, 0x15062223, 0x01331614, 0x35416f5c, 0x1e1f993e, 0x6214271c, 
    0x41385f38, 0x3f2e426f, 0x3f2e2e3f, 0xa0022e3f, 0x37416d3f, 0x22b5476a, 0x16181a25, 0x653e0373, 0x3f6c413a, 0x2f40a5fe, 0x2f41412f, 0x0000402f, 0x39000300, 0x98039aff, 
    0x0f00fa02, 0x3b001f00, 0x4c404f00, 0x0a010109, 0x01080301, 0x010b6903, 0x04070008, 0x06690708, 0x05000401, 0x67050402, 0x00000200, 0x02005902, 0x00610002, 0x51000200, 
    0x10102020, 0x3b200000, 0x33353920, 0x292c3032, 0x1f102325, 0x16181e10, 0x0e000f00, 0x17070c26, 0x011e002b, 0x010e1415, 0x012e2223, 0x013e3435, 0x15020e33, 0x33011e14, 
    0x35013e32, 0x23012e34, 0x1115011e, 0x15163233, 0x012b0614, 0x34352622, 0x11013b36, 0x35262223, 0x013b3634, 0x74c65e02, 0x7675c674, 0xc67474c6, 0x56945a76, 0x5a5a9456, 
    0x94565694, 0x2b1c205a, 0x141c1c14, 0x1b1b14ce, 0x142c3314, 0x6c141c1c, 0xc774fa02, 0x74c77575, 0x7676c674, 0x556974c6, 0x955d5d95, 0x5c965555, 0x6755965c, 0xccfe141c, 
    0x1b14141a, 0x1a14141b, 0x141a0701, 0x00001b14, 0x39000300, 0x98039aff, 0x0f00fa02, 0x45001f00, 0x54405700, 0x07040500, 0x80070504, 0x02000000, 0x69020006, 0x04000600, 
    0x69040605, 0x010b0700, 0x08070308, 0x03010a67, 0x59030101, 0x0303010a, 0x01096101, 0x51010301, 0x10102020, 0x45200000, 0x3d3f4320, 0x2e303537, 0x1f10292b, 0x16181e10, 
    0x0e000f00, 0x17070c26, 0x012e042b, 0x013e3435, 0x011e3233, 0x010e1415, 0x35023e23, 0x23012e34, 0x15010e22, 0x33011e14, 0x3435012e, 0x3536013f, 0x22232634, 0x23010e07, 
    0x34352622, 0x3233013e, 0x1415011e, 0x3233010f, 0x06141516, 0x7301012b, 0xc67474c6, 0x74c67576, 0x5a75c674, 0x94565694, 0x56945a5a, 0x8d5a9456, 0x3b8d0f1b, 0x0a321a1e, 
    0x18141904, 0x314c2a1c, 0x502b4a2f, 0x1c14814f, 0x66fd141c, 0x7676c674, 0xc77474c6, 0x74c77575, 0x5c965569, 0x5555965c, 0x955d5d95, 0x131c6555, 0x30750f14, 0x3d1e1936, 
    0x1a201814, 0x262b4525, 0x43542a43, 0x14141a42, 0x0000001c, 0x39000300, 0x98039aff, 0x0f00fa02, 0x4d001f00, 0x46b5ac00, 0x01070601, 0x09b04b4c, 0x3a405850, 0x04070600, 
    0x00720607, 0x04070504, 0x00007e05, 0x00080200, 0x08006902, 0x08060700, 0x05006707, 0x0309010c, 0x0b690905, 0x01010301, 0x010b5903, 0x62010303, 0x0301010a, 0x401b5201, 
    0x0706003b, 0x04060704, 0x05040080, 0x7e050407, 0x02000000, 0x69020008, 0x07000800, 0x67070806, 0x010c0500, 0x09050309, 0x03010b69, 0x59030101, 0x0303010b, 0x010a6201, 
    0x52010301, 0x20224059, 0x00101020, 0x204d2000, 0x3a3e414c, 0x2c303338, 0x1025272a, 0x181e101f, 0x000f0016, 0x070d260e, 0x2e042b17, 0x3e343501, 0x1e323301, 0x0e141501, 
    0x023e2301, 0x012e3435, 0x010e2223, 0x011e1415, 0x26272633, 0x33363435, 0x011e1732, 0x35363233, 0x012b2634, 0x34352622, 0x2223013f, 0x36343526, 0x1632013b, 0x010f1415, 
    0x1415011e, 0x0123010e, 0x7474c673, 0xc67576c6, 0x75c67474, 0x5656945a, 0x945a5a94, 0x5a945656, 0x1f0b3969, 0x13111413, 0x251c141e, 0x12132427, 0x664e0d19, 0x161d1d16, 
    0x0e1d14cd, 0x2f3b2d52, 0x74663050, 0xc67676c6, 0x75c77474, 0x6974c775, 0x5c5c9655, 0x95555596, 0x55955d5d, 0x110e4b5e, 0x14111d15, 0x19191d11, 0x1012191a, 0x161c4c0f, 
    0x141d1c16, 0x0e500e16, 0x482d3346, 0x00000028, 0x39000300, 0x98039aff, 0x0f00fa02, 0x48001f00, 0x5a405d00, 0x09020700, 0x80090702, 0x0001010b, 0x02010702, 0x020a0d69, 
    0x04010608, 0x6a040805, 0x05000900, 0x69050903, 0x0003010c, 0x0c590300, 0x00030301, 0x03000061, 0x20205100, 0x00001010, 0x47204820, 0x3e3f4244, 0x2e303739, 0x2426292b, 
    0x1e101f10, 0x0f001618, 0x0e260e00, 0x002b1707, 0x1415011e, 0x2223010e, 0x3435012e, 0x1233013e, 0x3435013e, 0x2223012e, 0x1415010e, 0x1233011e, 0x06141516, 0x1415012b, 
    0x26222306, 0x2223013d, 0x37343526, 0x33013e13, 0x14151632, 0x3533010f, 0x32333634, 0x33011d16, 0x74c65e02, 0x7675c674, 0xc67474c6, 0x56945a76, 0x5a5a9456, 0x94565694, 
    0x1b1ba85a, 0x181f0d18, 0x17aa2018, 0x06760620, 0x2017101c, 0x205b5906, 0x0d1f1818, 0xc774fa02, 0x74c77575, 0x7676c674, 0x09fd74c6, 0x5c5c9655, 0x95555596, 0x55955d5d, 
    0x151e0f01, 0x18171e15, 0x17182020, 0x0d0b1720, 0x130e0e01, 0x0c0c1720, 0x201830c9, 0x0030191f, 0x39000300, 0x98039aff, 0x0f00fa02, 0x4b001f00, 0x60406300, 0x05060400, 
    0x80050406, 0x02000000, 0x69020007, 0x08000700, 0x67080709, 0x06000900, 0x69060904, 0x010d0500, 0x0a05030a, 0x03010c69, 0x59030101, 0x0303010c, 0x010b6201, 0x52010301, 
    0x10102020, 0x4b200000, 0x42444a20, 0x383b3f41, 0x2b2d3033, 0x1f102628, 0x16181e10, 0x0e000f00, 0x17070e26, 0x012e042b, 0x013e3435, 0x011e3233, 0x010e1415, 0x35023e23, 
    0x23012e34, 0x15010e22, 0x33011e14, 0x2627012e, 0x33363435, 0x011e1732, 0x35363233, 0x22012b34, 0x34013d26, 0x32013b36, 0x06141516, 0x3315012b, 0x15011e32, 0x23010e14, 
    0x74c67301, 0x7576c674, 0xc67474c6, 0x56945a75, 0x5a5a9456, 0x94565694, 0x194b365a, 0x13141e0f, 0x15201113, 0x3451261e, 0x17202017, 0x1c1c16ae, 0x262c7a16, 0x512f2c46, 
    0xc6746632, 0x74c67676, 0x7575c774, 0x556974c7, 0x965c5c96, 0x5d955555, 0x5e55955d, 0x12102023, 0x11111e15, 0x321a1e11, 0x178e171f, 0x16161c1f, 0x4122371c, 0x29482d2d, 
    0x39000400, 0x98039aff, 0x0f00fa02, 0x38001f00, 0x5f004400, 0x012f5c40, 0x4c010406, 0x06020400, 0x80060402, 0x02070600, 0x007e0706, 0x04020000, 0x0b690200, 0x010a0701, 
    0x05070305, 0x0301096a, 0x59030101, 0x03030109, 0x01086101, 0x51010301, 0x20203939, 0x00001010, 0x43394439, 0x38203d3f, 0x282a3720, 0x1e101f10, 0x0f001618, 0x0c260e00, 
    0x042b1707, 0x3435012e, 0x3233013e, 0x1415011e, 0x3e23010e, 0x2e343502, 0x0e222301, 0x1e141501, 0x022e3301, 0x3f363435, 0x32333601, 0x0f141516, 0x1e173601, 0x0e141501, 
    0x013e2301, 0x23263435, 0x14150622, 0x73013316, 0xc67474c6, 0x74c67576, 0x5a75c674, 0x95555595, 0x55945b5a, 0x3a5b9455, 0x2c212d4e, 0x1618146e, 0x103c111d, 0x2e34281d, 
    0x231b2f4f, 0x221a1a24, 0x74661a23, 0xc67676c6, 0x76c67474, 0x6974c775, 0x5c5c9556, 0x95565695, 0x56955c5c, 0x2d4c2c5e, 0x7f334327, 0x13151e17, 0x0c034714, 0x2d2f4c0f, 
    0x24662c4b, 0x23241a1b, 0x00251b1a, 0x39000300, 0x98039aff, 0x0f00fa02, 0x36001f00, 0x48404b00, 0x04060109, 0x03060403, 0x00000080, 0x02000502, 0x00050069, 0x04050604, 
    0x03010867, 0x59030101, 0x03030108, 0x01076101, 0x51010301, 0x10102020, 0x36200000, 0x2b2e3520, 0x1f102527, 0x16181e10, 0x0e000f00, 0x17070a26, 0x012e042b, 0x013e3435, 
    0x011e3233, 0x010e1415, 0x35023e23, 0x23012e34, 0x15010e22, 0x33011e14, 0x3435012e, 0x22231337, 0x36343526, 0x1632013b, 0x03071415, 0x0123010e, 0x7474c673, 0xc67576c6, 
    0x75c67474, 0x5656945a, 0x945a5a94, 0x5a945656, 0x8e082055, 0x1d1d168c, 0x1e16e216, 0x1a07b308, 0xc674660e, 0x74c67676, 0x7575c774, 0x556974c7, 0x965c5c96, 0x5d955555, 
    0x6055955d, 0x120c1620, 0x161d0e01, 0x161e1c16, 0xa8fe0f0e, 0x0000100e, 0x39000500, 0x98039aff, 0x0f00fa02, 0x34001f00, 0x4c004000, 0x57405a00, 0x242f3a4c, 0x01060704, 
    0x0101084c, 0x05030109, 0x0a690301, 0x010b0501, 0x06050706, 0x00070069, 0x04070204, 0x00020069, 0x00590200, 0x61000202, 0x00020000, 0x20353551, 0x00101020, 0x35454700, 
    0x203f3540, 0x2b332034, 0x101f1029, 0x0016181e, 0x260e000f, 0x2b17070c, 0x15011e00, 0x23010e14, 0x35012e22, 0x33013e34, 0x1415020e, 0x3233011e, 0x3435013e, 0x1e23012e, 
    0x07141501, 0x1415011e, 0x26222306, 0x26373435, 0x33363435, 0x1415010e, 0x013e1716, 0x23263435, 0x1415010e, 0x36323316, 0x27263435, 0x74c65e02, 0x7675c674, 0xc67474c6, 
    0x56945a76, 0x5a5a9456, 0x94565694, 0x3e56445a, 0x4c612b27, 0x3f53634c, 0x1c174457, 0x1a191919, 0x2021161c, 0x211e2021, 0xfa021f21, 0x7575c774, 0xc67474c7, 0x74c67676, 
    0x5d955569, 0x5555955d, 0x965c5c96, 0x39415f55, 0x37112640, 0x47473c26, 0x27234a3c, 0x57413a3f, 0x18121417, 0x12180b0b, 0x1cbc1714, 0x1c1d1717, 0x0c1d1717, 0x39000400, 
    0x98039aff, 0x0f00fa02, 0x38001f00, 0x5e004400, 0x012f5b40, 0x4c010604, 0x04070600, 0x80040607, 0x07020400, 0x087e0204, 0x01090101, 0x03010503, 0x05010a69, 0x0607010b, 
    0x00690705, 0x02000002, 0x02020059, 0x00006200, 0x39520002, 0x10202039, 0x39000010, 0x3f433944, 0x2038203d, 0x10282a37, 0x181e101f, 0x000f0016, 0x070c260e, 0x1e002b17, 
    0x0e141501, 0x2e222301, 0x3e343501, 0x020e3301, 0x011e1415, 0x013e3233, 0x012e3435, 0x15021e23, 0x010f0614, 0x26222306, 0x013f3435, 0x012e2706, 0x013e3435, 0x15010e33, 
    0x32331614, 0x26343536, 0xc55f0223, 0x76c57474, 0x7474c676, 0x955a75c7, 0x5a955555, 0x5555945b, 0x4e3a5b94, 0x6d2d212d, 0x1e151914, 0x1c113c12, 0x4f2e3428, 0x23231b2f, 
    0x2323191b, 0x74fa021a, 0xc67676c6, 0x76c67474, 0x6974c775, 0x5c5c9556, 0x95565695, 0x56955c5c, 0x2d4c2c5e, 0x7f334327, 0x14151e17, 0x0c034713, 0x2d2f4c0f, 0x24662c4b, 
    0x23241a1b, 0x00251b1a, 0x39000300, 0x98039aff, 0x0f00fa02, 0x24001b00, 0x3d404000, 0x07010106, 0x01050301, 0x01086903, 0x02040005, 0x00690405, 0x02000002, 0x02020059, 
    0x00006100, 0x1c510002, 0x0010101c, 0x1c241c00, 0x101e2023, 0x161a101b, 0x000f0014, 0x0709260e, 0x1e002b17, 0x0e141501, 0x2e222301, 0x3e343501, 0x010e3301, 0x33161415, 
    0x34353632, 0x15162326, 0x35222314, 0x02333634, 0x7474c65e, 0xc67675c6, 0x76c67474, 0x55636355, 0x56626355, 0x22464747, 0x74fa0224, 0xc77576c6, 0x76c67474, 0xc874c676, 
    0x7f6d6a7b, 0x7b6a6c80, 0x85858066, 0x00003f41, 0x39000200, 0x98039aff, 0x0f00fa02, 0x3e002b00, 0x01073b40, 0x02010801, 0x67020103, 0x01060300, 0x04030504, 0x00050069, 
    0x00570500, 0x61000505, 0x00050000, 0x00101151, 0x21252700, 0x17181a1e, 0x112b1015, 0x000f002a, 0x0709260e, 0x1e002b17, 0x0e141501, 0x2e222301, 0x3e343501, 0x22073301, 
    0x16141506, 0x2311013b, 0x14150622, 0x32013b16, 0x26343536, 0x3411012b, 0x5e022326, 0xc67474c6, 0x74c67675, 0x6076c674, 0x141c1c14, 0x1b14332c, 0x14ce141b, 0x2b141c1c, 
    0xfa02141c, 0x7575c774, 0xc67474c7, 0x74c67676, 0x14141bd0, 0x1af9fe1a, 0x1b1b1414, 0x011a1414, 0x001c1434, 0x39000200, 0x98039aff, 0x0f00fa02, 0x46003500, 0x05004340, 
    0x05060306, 0x00008003, 0x00060400, 0x06006904, 0x06020300, 0x01086703, 0x02010102, 0x02010857, 0x07620102, 0x01020101, 0x00101152, 0x26292b00, 0x171d1f24, 0x11351015, 
    0x000f0034, 0x0709260e, 0x2e042b17, 0x3e343501, 0x1e323301, 0x0e141501, 0x32372301, 0x26343536, 0x3637012b, 0x012e3435, 0x010e2223, 0x33161415, 0x36373632, 0x15163233, 
    0x06010f14, 0x33161415, 0x74c67301, 0x7576c674, 0xc67474c6, 0x1c148375, 0x4b84141c, 0x2f4a2b57, 0x1c2a4c31, 0x04191418, 0x1e1a320a, 0x1b0f8d3b, 0xc6746613, 0x74c67676, 
    0x7575c774, 0x1cce74c7, 0x3e1a1414, 0x432a5447, 0x25452b26, 0x1418201a, 0x36191e3d, 0x140f7530, 0x00001c13, 0x39000200, 0x98039aff, 0x0f00fa02, 0x4e003d00, 0x01164b40, 
    0x4c010304, 0x02000000, 0x67020003, 0x06000300, 0x69060305, 0x05000400, 0x69050407, 0x01070109, 0x09590701, 0x01070701, 0x01010861, 0x10510107, 0x10000010, 0x373c103d, 
    0x2c303235, 0x1e222429, 0x000f001b, 0x070a260e, 0x2e042b17, 0x3e343501, 0x1e323301, 0x0e141501, 0x023e2301, 0x27263435, 0x34353637, 0x22012b26, 0x16141506, 0x0607013b, 
    0x3b161415, 0x15163201, 0x22230614, 0x23262726, 0x14150622, 0x01331617, 0x7474c673, 0xc67576c6, 0x75c67474, 0x3b2f5023, 0x1d0e522d, 0x1d16cd14, 0x4e66161d, 0x1312190d, 
    0x1c252724, 0x11131e14, 0x0b1f1314, 0x74665c39, 0xc67676c6, 0x75c77474, 0xc774c775, 0x332d4828, 0x0e500e46, 0x1c1d1416, 0x4c1c1616, 0x1912100f, 0x1d19191a, 0x1d111411, 
    0x4b0e1115, 0x39000200, 0x98039aff, 0x0f00fa02, 0x8f003800, 0x500fb04b, 0x00324058, 0x06030604, 0x05800304, 0x06020301, 0x077e0203, 0x08080201, 0x00007002, 0x00040600, 
    0x010a6906, 0x08010108, 0x08010a59, 0x09620108, 0x01080101, 0x33401b52, 0x03060400, 0x80030406, 0x02030105, 0x7e020306, 0x08020107, 0x7e080206, 0x06000000, 0x69060004, 
    0x0108010a, 0x0a590801, 0x01080801, 0x01010962, 0x59520108, 0x10101c40, 0x38100000, 0x32343710, 0x2324292b, 0x191b1e20, 0x0f001315, 0x0b260e00, 0x042b1707, 0x3435012e, 
    0x3233013e, 0x1415011e, 0x3e23010e, 0x33013d01, 0x34353632, 0x35012b26, 0x22232634, 0x23011d06, 0x34353637, 0x06222326, 0x15060307, 0x013b1614, 0x33161415, 0x74c67301, 
    0x7576c674, 0xc67474c6, 0x0e1f6475, 0x191a1a19, 0x18181f0e, 0x06595b20, 0x1c101720, 0x20067606, 0x1820aa17, 0x76c67466, 0x7474c676, 0xc77575c7, 0x1820c374, 0x15151e17, 
    0x1f19301e, 0xc9301820, 0x20170c0c, 0xf2fe0e13, 0x20170b0d, 0x00201817, 0x39000200, 0x98039aff, 0x0f00fa02, 0x52003b00, 0x07004f40, 0x07050605, 0x00008006, 0x00030400, 
    0x03006704, 0x03050200, 0x05006902, 0x05080600, 0x010a6906, 0x08010108, 0x08010a59, 0x09610108, 0x01080101, 0x00101051, 0x103b1000, 0x2f32343a, 0x22272a2d, 0x18191b1f, 
    0x000f0016, 0x070b260e, 0x2e042b17, 0x3e343501, 0x1e323301, 0x0e141501, 0x023e2301, 0x012e3435, 0x3335012b, 0x34353632, 0x22012b26, 0x14011d06, 0x32013b16, 0x23061415, 
    0x26272622, 0x15062223, 0x011e1714, 0xc6730133, 0x76c67474, 0x7474c675, 0x512c75c6, 0x26462c2f, 0x1c167a2c, 0x17ae161c, 0x34172020, 0x151e2651, 0x13131120, 0x1b0b1e14, 
    0x7466304d, 0xc67676c6, 0x75c77474, 0xc774c775, 0x2d2d4829, 0x1c372241, 0x1f1c1616, 0x1f178e17, 0x111e1a32, 0x151e1111, 0x25220e10, 0x39000300, 0x98039aff, 0x0f00fa02, 
    0x36002a00, 0x4e405100, 0x0205011a, 0x02004c01, 0x02030503, 0x00008005, 0x00020300, 0x05006903, 0x04060109, 0x08690605, 0x01010401, 0x01085904, 0x61010404, 0x04010107, 
    0x2b2b5101, 0x00001010, 0x352b362b, 0x2a102f31, 0x1f212910, 0x0f001718, 0x0a260e00, 0x042b1707, 0x3435012e, 0x3233013e, 0x1415011e, 0x3e23010e, 0x26343502, 0x22232627, 
    0x35363707, 0x22232634, 0x010e010f, 0x011e1415, 0x35012e33, 0x32333634, 0x06141516, 0xc6730123, 0x76c67474, 0x7474c675, 0x4f2275c6, 0x132a3730, 0x4003060c, 0x18161d0d, 
    0x212c730f, 0x192d4e2f, 0x1a192323, 0x66192424, 0x7676c674, 0xc77474c6, 0x74c77575, 0x2f4b2ac7, 0x070f4c32, 0x12104d01, 0x84121d15, 0x2f284332, 0x25662a4c, 0x23231a1b, 
    0x00241b1b, 0x39000200, 0x98039aff, 0x0f00fa02, 0x3a002600, 0x03003740, 0x03020402, 0x00008004, 0x00030200, 0x01066702, 0x04010104, 0x04010659, 0x05620104, 0x01040101, 
    0x00101052, 0x10261000, 0x1a1e2025, 0x000f0017, 0x0707260e, 0x2e042b17, 0x3e343501, 0x1e323301, 0x0e141501, 0x36262301, 0x35361337, 0x012b2634, 0x14150622, 0x03013b16, 
    0x16141506, 0xc6730133, 0x76c67474, 0x7474c675, 0x1a3175c6, 0x1e08b307, 0x1d16e216, 0x8c8a161d, 0x66162008, 0x7676c674, 0xc77474c6, 0x74c77575, 0x010e10c9, 0x160e0f58, 
    0x16161c1e, 0x12f2fe1d, 0x0020160c, 0x39000400, 0x98039aff, 0x0f00fa02, 0x30002400, 0x73003c00, 0x2a3c0940, 0x0504141f, 0x4b4c0104, 0x585019b0, 0x01061d40, 0x03010701, 
    0x69030104, 0x00000200, 0x00650002, 0x61040505, 0x04040108, 0x1b4e051c, 0x01062340, 0x03010701, 0x69030104, 0x00040108, 0x05040205, 0x00020069, 0x00590200, 0x61000202, 
    0x00020000, 0x1a405951, 0x10102525, 0x35370000, 0x2f253025, 0x23102410, 0x0f00181a, 0x09260e00, 0x002b1707, 0x1415011e, 0x2223010e, 0x3435012e, 0x0e33013e, 0x17141501, 
    0x16141506, 0x35363233, 0x36272634, 0x23263435, 0x1415011e, 0x012e0706, 0x33363435, 0x1415011e, 0x26222306, 0x37363435, 0x74c65e02, 0x7675c674, 0xc67474c6, 0x3f574376, 
    0x4c4c6353, 0x3e272b61, 0x1c164356, 0x1919191a, 0x211e171c, 0x21201e21, 0xfa022020, 0x7575c774, 0xc67474c7, 0x74c67676, 0x3f3a41c8, 0x3c4a2327, 0x263c4747, 0x40261137, 
    0x17574139, 0x0b181214, 0x1412180b, 0x171dbc17, 0x171d1c17, 0x000c1c17, 0x39000300, 0x98039aff, 0x0f00fa02, 0x36002a00, 0x4d405000, 0x0502011a, 0x02004c01, 0x02050305, 
    0x01078003, 0x04010801, 0x69040106, 0x00060109, 0x05060205, 0x00030069, 0x00590300, 0x62000303, 0x00030000, 0x102b2b52, 0x2b000010, 0x31352b36, 0x102a102f, 0x181f2129, 
    0x000f0017, 0x070a260e, 0x1e002b17, 0x0e141501, 0x2e222301, 0x3e343501, 0x020e3301, 0x17161415, 0x37323316, 0x14150607, 0x3f323316, 0x35013e01, 0x23012e34, 0x1415011e, 
    0x26222306, 0x33363435, 0x74c55f02, 0x7576c574, 0xc77474c7, 0x304f2275, 0x0b152a36, 0x0c410306, 0x0f19151d, 0x2f222c72, 0x23192d4e, 0x241a1923, 0xfa021924, 0x7676c674, 
    0xc77474c6, 0x74c77575, 0x2f4b2ac7, 0x070f4c32, 0x130f4d01, 0x84121d15, 0x2f274432, 0x25662a4c, 0x23231a1b, 0x00241b1b, 0x39000400, 0x98039aff, 0x0f00fa02, 0x2b001f00, 
    0x51003400, 0x01084e40, 0x03010901, 0x69030105, 0x0b05010a, 0x05060701, 0x06006907, 0x06020400, 0x02006904, 0x59020000, 0x00020200, 0x02000061, 0x2c2c5100, 0x10102020, 
    0x342c0000, 0x2f31332c, 0x2a202b20, 0x1f102426, 0x16181e10, 0x0e000f00, 0x17070c26, 0x011e002b, 0x010e1415, 0x012e2223, 0x013e3435, 0x15020e33, 0x33011e14, 0x35013e32, 
    0x23012e34, 0x1415011e, 0x26222306, 0x33363435, 0x1415010e, 0x34353233, 0xc65e0223, 0x75c67474, 0x7474c676, 0x955b76c6, 0x5b955656, 0x5656955b, 0x62555b95, 0x62555463, 
    0x23255562, 0x02494948, 0x76c674fa, 0x7474c775, 0xc67676c6, 0x97576674, 0x57975c5c, 0x5c5c9757, 0x7a625797, 0x7f7f6d6b, 0x647a6b6d, 0x87874240, 0x00000082, 0x2a000200, 
    0x6902f4ff, 0x0f002502, 0x2a001d00, 0x01042740, 0x03010501, 0x69030102, 0x00020200, 0x00000061, 0x104e0022, 0x10000010, 0x161c101d, 0x000f0014, 0x0706260e, 0x1e002b17, 
    0x0e141501, 0x2e222301, 0x3e343501, 0x010e3301, 0x33161415, 0x35013e32, 0x23012e34, 0x4d849801, 0x4f4f854d, 0x844c4c83, 0x5454414f, 0x27442a41, 0x022a4427, 0x4d814b25, 
    0x4b4b804d, 0x814d4d80, 0x44597c4b, 0x47295844, 0x29482c2c, 0x39000100, 0xea010000, 0x1b001902, 0x22402500, 0x01000200, 0x67010200, 0x00000103, 0x01055f04, 0x041b0404, 
    0x0000004e, 0x2319001b, 0x06242134, 0x322b1a07, 0x36343526, 0x2311013b, 0x34352622, 0x32013b36, 0x33111516, 0x14151632, 0x5c212306, 0x5d1b2323, 0x24241a54, 0x281d961a, 
    0x23231b51, 0x21cbfe1b, 0x01201918, 0x191a232e, 0xfe1d2723, 0x1819209d, 0x00000021, 0x30000100, 0x16020000, 0x2e002502, 0x29402c00, 0x04010200, 0x80040201, 0x01000300, 
    0x69010302, 0x04040105, 0x00005f00, 0x4e001b00, 0x2e000000, 0x26272d00, 0x0706342c, 0x16242b1a, 0x23061415, 0x35262221, 0x013f3634, 0x3435023e, 0x06222326, 0x0e070607, 
    0x26222301, 0x34352627, 0x3233013e, 0x1415011e, 0x33010f06, 0x2322f401, 0x1c9bfe1a, 0x9e121628, 0x31153533, 0x062b1f25, 0x2603030a, 0x091d1119, 0x3f693d0e, 0x4e3a6640, 
    0x7d9f274f, 0x231c1b23, 0x21131c28, 0x261d5509, 0x30241824, 0x170f1a21, 0x0f121f17, 0x5a361717, 0x395a3334, 0x142d643d, 0x13000100, 0xec017bff, 0x2f001902, 0x36403900, 
    0x0403012f, 0x03004c01, 0x03040104, 0x01008001, 0x02010402, 0x0005007e, 0x04050304, 0x00020067, 0x00590200, 0x61000202, 0x00020000, 0x34253451, 0x06252623, 0x002b1c07, 
    0x0e141516, 0x26222301, 0x34352627, 0x17323336, 0x3233011e, 0x26343536, 0x2622012b, 0x013f3435, 0x35262223, 0x21333634, 0x14151632, 0x01010f06, 0x72415b91, 0x256c4146, 
    0x1a1a250e, 0x21341c11, 0x42464034, 0x1f231915, 0x241bb377, 0x2f011b24, 0x110f281c, 0x731a0174, 0x3c674049, 0x0e163134, 0x1f12241a, 0x2f2e381a, 0x1d172132, 0x1a23711c, 
    0x1c27221a, 0x6e101c10, 0x10000100, 0x39027dff, 0x28002802, 0x29402c00, 0x03050300, 0x00050085, 0x65010501, 0x04020607, 0x02620004, 0x22000001, 0x00004e00, 0x27002800, 
    0x23271523, 0x07082423, 0x16242b1c, 0x2b061415, 0x06141501, 0x3d262223, 0x26222101, 0x13373435, 0x3233013e, 0x07141516, 0x34353303, 0x16323336, 0x0233011d, 0x1f252514, 
    0x1d1d2716, 0x1cfbfe26, 0x08b90627, 0x281c1522, 0x26a09505, 0x16271d1d, 0x1a192674, 0x271d3327, 0x28331d27, 0x010d0f1c, 0x281814a8, 0xfe0d0a1c, 0x271d7da7, 0x007d1d27, 
    0x17000100, 0xfd017bff, 0x2c001902, 0x38403b00, 0x02030100, 0x80020103, 0x05000400, 0x67050406, 0x00060107, 0x03060103, 0x00020067, 0x00590200, 0x61000202, 0x00020000, 
    0x00000051, 0x242b002c, 0x26233435, 0x1c070826, 0x011e002b, 0x010e1415, 0x27262223, 0x36343526, 0x1e173233, 0x36323301, 0x2b263435, 0x3d262201, 0x33363401, 0x15163221, 
    0x012b0614, 0x54013315, 0x74434267, 0x24734646, 0x1b1a250c, 0x263b1812, 0x42454333, 0x27271d56, 0x1a0f011d, 0xd11a2424, 0x3131014b, 0x6843415f, 0x1132393a, 0x15241a14, 
    0x2f38201d, 0x1d27302f, 0x23281dd3, 0x6e231a1a, 0x27000200, 0x0c02f4ff, 0x1700a002, 0x30002300, 0x01052d40, 0x04030002, 0x00690302, 0x4d210101, 0x04040106, 0x00006200, 
    0x4e002200, 0x00001818, 0x22182318, 0x17001c1e, 0x26281700, 0x2b180707, 0x15011e00, 0x23010e14, 0x35012e22, 0x013f3634, 0x16323336, 0x010f1415, 0x34353612, 0x06222326, 
    0x33161415, 0x385f7501, 0x43427041, 0x3e34406f, 0x1c1d1f9a, 0x0a621327, 0x2e2e3f3f, 0x012e3f3f, 0x3a653ebd, 0x3f3f6d40, 0x6a38416d, 0x2522b546, 0x73141a1a, 0x2f41b0fe, 
    0x2f40402f, 0x0000412f, 0x25000100, 0xf5017cff, 0x16001902, 0x22402500, 0x00010000, 0x02010386, 0x57020101, 0x02020103, 0x01005f01, 0x004f0102, 0x00160000, 0x04272514, 
    0x002b1807, 0x07141516, 0x23010e01, 0x34352622, 0x22231337, 0x36343526, 0xcd012133, 0xd7fe0b28, 0x1b111e09, 0xe8fa0a26, 0x1b24241b, 0x19024d01, 0x13121c27, 0x1111edfd, 
    0x11131e22, 0x1a23c001, 0x0000221a, 0x2e000300, 0x1d02f4ff, 0x1500a002, 0x2d002100, 0x31403400, 0x0b151b27, 0x01020304, 0x0201044c, 0x00610102, 0x4d210101, 0x03030105, 
    0x00006100, 0x4e002200, 0x16162222, 0x2c222d22, 0x20162116, 0x07062429, 0x15002b18, 0x23010e14, 0x35012e22, 0x35263734, 0x32333634, 0x07141516, 0x14150626, 0x013e1716, 
    0x23263435, 0x34353612, 0x010e2726, 0x33161415, 0x703f1d02, 0x3f714848, 0x5f7b6482, 0x9f637b5f, 0x2f2f2d34, 0x3728342d, 0x3939383a, 0x01373a38, 0x55397121, 0x39552e2e, 
    0x613a3472, 0x525d5d52, 0x26dd3962, 0x16281e22, 0x211f2816, 0x2e2ffe26, 0x142e2625, 0x25252e15, 0x0000002e, 0x2700ffff, 0x0c027aff, 0x06012602, 0x86002302, 0x00b10900, 
    0x86ffb802, 0x002b35b0, 0x2a000300, 0x6902f3ff, 0x0f002402, 0x21001800, 0x35403800, 0x15161e1f, 0x01020304, 0x0101044c, 0x03020105, 0x06690201, 0x00030301, 0x00000061, 
    0x194e0022, 0x00101019, 0x19211900, 0x10181020, 0x000f0017, 0x0707260e, 0x1e002b17, 0x0e141501, 0x2e222301, 0x3e343501, 0x020e3301, 0x37171415, 0x3e122326, 0x27343501, 
    0x01331607, 0x4d4d8498, 0x834f4f85, 0x4f844c4c, 0x0e28482c, 0x2d2a20d8, 0xdb112848, 0x24022c23, 0x4d4d804b, 0x814b4b81, 0x4a814d4d, 0x2e4b2a75, 0x12d92226, 0x4b2abafe, 
    0xdb222a2e, 0x00000014, 0x25000200, 0x0b02f4ff, 0x0b00a002, 0x2c001700, 0x01052940, 0x61010303, 0x01010104, 0x02004d21, 0x00610002, 0x00220000, 0x000c0c4e, 0x0c170c00, 
    0x00101216, 0x240a000b, 0x2b170706, 0x14151600, 0x26222306, 0x33363435, 0x1415010e, 0x36323316, 0x23263435, 0x807f8c01, 0x7f807373, 0x33333574, 0x33333535, 0xb0a00235, 
    0xb7b7a4a1, 0x7db0a1a4, 0x6d706e67, 0x676e706d, 0x37000100, 0x1a020000, 0x1f009f02, 0x2d403000, 0x0302010e, 0x02004c01, 0x02030103, 0x03008001, 0x054d2103, 0x01010204, 
    0x00006000, 0x4e001b00, 0x1f000000, 0x23271e00, 0x07063424, 0x16242b1a, 0x23061415, 0x35262221, 0x013b3634, 0x23060711, 0x34352622, 0x36013f36, 0x15163233, 0xf6013311, 
    0xfe1a2424, 0x24241a99, 0x0c5f7b1a, 0x16241a0e, 0x1011ae16, 0x7365271c, 0x21191821, 0x21181921, 0x04248a01, 0x21121a27, 0x27084509, 0x0017fe1c, 0x2c000100, 0x1802ffff, 
    0x2c00a002, 0x31403400, 0x01020115, 0x02004c01, 0x02010401, 0x01008004, 0x00610301, 0x4d210303, 0x04040105, 0x00005f00, 0x4e001b00, 0x2c000000, 0x26272b00, 0x0706342a, 
    0x16242b1a, 0x23061415, 0x35262205, 0x3e013f34, 0x26343501, 0x07062223, 0x010e0714, 0x27262223, 0x023e3726, 0x011e3233, 0x0f061415, 0xf6013301, 0xfe1b2222, 0x1f271c94, 
    0x333035c2, 0x05332827, 0x1b240301, 0x0101281d, 0x613c0905, 0x3b69413e, 0xd96e404c, 0x19182479, 0x1c280124, 0x2eab1a1f, 0x3428274b, 0x080b2835, 0x1d282219, 0x53301915, 
    0x3c603732, 0x61397743, 0x1c00ffff, 0xf801f4ff, 0x02009402, 0x00001d02, 0x0e000100, 0x2302f4ff, 0x2800a002, 0x2a402d00, 0x04020607, 0x01000102, 0x006a0004, 0x4d210303, 
    0x01050500, 0x01010061, 0x004e0122, 0x00280000, 0x27152327, 0x08242323, 0x242b1c07, 0x06141516, 0x1415012b, 0x26222306, 0x2223013d, 0x37343526, 0x33013e13, 0x14151632, 
    0x35330307, 0x32333634, 0x33011d16, 0x21210202, 0x1c270e1d, 0x1cfe271d, 0x07ab0528, 0x271c1623, 0x279f8b05, 0x0e271c1d, 0x181924e6, 0x281d3325, 0x27331d28, 0x010d0b1c, 
    0x281916aa, 0xfe0e0d1c, 0x271d71a5, 0x00711d27, 0x2500ffff, 0x0b02f4ff, 0x02009402, 0x00041f02, 0x2600ffff, 0x0b02f4ff, 0x0200a002, 0x00005402, 0x3200ffff, 0x0202f4ff, 
    0x02009402, 0x000c2102, 0x2000ffff, 0x0f02f4ff, 0x0200a002, 0x00005602, 0x2600ffff, 0x0b02f4ff, 0x0200a002, 0x00ff2302, 0x25000300, 0x0b02f4ff, 0x0b00a002, 0x1a001200, 
    0x36403900, 0x030f1018, 0x4c010203, 0x02020105, 0x01046101, 0x4d210101, 0x03030106, 0x00006100, 0x4e002200, 0x0c0c1313, 0x1a130000, 0x120c1913, 0x0b00110c, 0x07240a00, 
    0x002b1707, 0x06141516, 0x35262223, 0x06333634, 0x37171415, 0x36122326, 0x07273435, 0x8c013316, 0x7373807f, 0x73747f80, 0x3e1ccc01, 0xcb013a39, 0xa0023d1c, 0xb7a4a1b0, 
    0xb0a1a4b7, 0x0f1fdf73, 0x3afe40cd, 0x0b187374, 0x000040ca, 0x16000200, 0x1a02f3ff, 0x0f002402, 0x2a001b00, 0x01042740, 0x03010501, 0x69030102, 0x00020200, 0x00000061, 
    0x104e0022, 0x10000010, 0x161a101b, 0x000f0014, 0x0706260e, 0x1e002b17, 0x0e141501, 0x2e222301, 0x3e343501, 0x010e3301, 0x33161415, 0x34353632, 0x60012326, 0x76434377, 
    0x4375494a, 0x36497543, 0x37364040, 0x02374141, 0x4f804924, 0x49498050, 0x80505080, 0x48547c48, 0x48555548, 0x00005547, 0x31000100, 0x1b020000, 0x1b001902, 0x22402500, 
    0x01000200, 0x67010200, 0x00000103, 0x01055f04, 0x041b0404, 0x0000004e, 0x2319001b, 0x06242134, 0x322b1a07, 0x36343526, 0x2311013b, 0x34352622, 0x32013b36, 0x33111516, 
    0x14151632, 0x55212306, 0x7b1a2424, 0x23231a6f, 0x281db11a, 0x23231a6d, 0x2191fe1a, 0x01201918, 0x1a1a222e, 0xfe1d2723, 0x1819209d, 0x00000021, 0x2500ffff, 0x0b020000, 
    0x02002502, 0x00f53a02, 0x1f00ffff, 0xf8017bff, 0x02001902, 0x000c3b02, 0x0c000100, 0x23027dff, 0x28002702, 0x29402c00, 0x03050300, 0x00050085, 0x65010501, 0x04020607, 
    0x02620004, 0x1b000001, 0x00004e00, 0x27002800, 0x23271523, 0x07082423, 0x16242b1c, 0x2b061415, 0x06141501, 0x3d262223, 0x26222301, 0x13373435, 0x3233013e, 0x07141516, 
    0x34353303, 0x16323336, 0x0233011d, 0x1c202003, 0x1d1d2613, 0x271cfe27, 0x2208a706, 0x04271c15, 0x1d279d87, 0x7b13261d, 0x25181925, 0x27271d3f, 0x1c283f1d, 0x9b010f0d, 
    0x1c281715, 0xb0fe0c0c, 0x27271d76, 0x0000761d, 0x2300ffff, 0x09027bff, 0x02001902, 0x000c3d02, 0x26000200, 0x0b02f4ff, 0x1700a002, 0x30002300, 0x01052d40, 0x04030002, 
    0x00690302, 0x4d210101, 0x04040106, 0x00006200, 0x4e002200, 0x00001818, 0x22182318, 0x17001c1e, 0x26281700, 0x2b180707, 0x15011e00, 0x23010e14, 0x35012e22, 0x013f3634, 
    0x16323336, 0x010f1415, 0x34353612, 0x06222326, 0x33161415, 0x385f7401, 0x43426f41, 0x3e35416f, 0x1b1e1f99, 0x0b621428, 0x2e2e3f3f, 0x012e3f3f, 0x3a653ebd, 0x3f3f6c41, 
    0x6a37416d, 0x2622b547, 0x73161819, 0x2f41b0fe, 0x2f40402f, 0x0000412f, 0x3a00ffff, 0x0a027aff, 0x06011a02, 0x86142102, 0x00b10900, 0x86ffb801, 0x002b35b0, 0x20000300, 
    0x0f02f4ff, 0x1700a002, 0x2f002300, 0x31403400, 0x0d171d29, 0x01020304, 0x0201044c, 0x00610102, 0x4d210101, 0x03030105, 0x00006100, 0x4e002200, 0x18182424, 0x2e242f24, 
    0x22182318, 0x0706252a, 0x16002b18, 0x010e1415, 0x012e2223, 0x37363435, 0x36343526, 0x15163233, 0x06260714, 0x17161415, 0x3435013e, 0x36122326, 0x27263435, 0x1415010e, 
    0xca013316, 0x48703f45, 0x443f7148, 0x607a633d, 0x9e637a5f, 0x2f2f2d34, 0x3728342d, 0x3939383a, 0x01373a38, 0x393b523d, 0x552e2e55, 0x18533b39, 0x5d52613a, 0x3a61525d, 
    0x1d2226dd, 0x29151628, 0xfe27201e, 0x24252e2f, 0x2e15152f, 0x002e2525, 0x2600ffff, 0x0b027aff, 0x02002602, 0x00ff4102, 0x16000300, 0x1a02f3ff, 0x0f002402, 0x1f001700, 
    0x35403800, 0x14151c1d, 0x01020304, 0x0101044c, 0x03020105, 0x06690201, 0x00030301, 0x00000061, 0x184e0022, 0x00101018, 0x181f1800, 0x1017101e, 0x000f0016, 0x0707260e, 
    0x1e002b17, 0x0e141501, 0x2e222301, 0x3e343501, 0x010e3301, 0x37171415, 0x36122326, 0x07273435, 0x60013316, 0x76434377, 0x4375494a, 0x3a497543, 0x1ec50647, 0x07473b2b, 
    0x022c21c8, 0x4f804924, 0x49498050, 0x80505080, 0x4c5a7248, 0x18c51a1d, 0x4c5bb3fe, 0x1bc81923, 0x38000300, 0x4302f4ff, 0x0f00a002, 0x1e001600, 0x37403a00, 0x13141b1c, 
    0x01020304, 0x0201054c, 0x04610102, 0x21010101, 0x0301064d, 0x00610003, 0x00220000, 0x1017174e, 0x17000010, 0x101d171e, 0x00151016, 0x260e000f, 0x2b170707, 0x15011e00, 
    0x23010e14, 0x35012e22, 0x33013e34, 0x17141506, 0x12232637, 0x27343536, 0x01331607, 0x3f3e768f, 0x77505076, 0x51763f3f, 0x21e20383, 0x02424041, 0x023f21e0, 0x699850a0, 
    0x54549d6a, 0x98696a9d, 0x1edd7550, 0xfe38e01d, 0x1470753e, 0x0039e020, 0x2a00ffff, 0x7c0180ff, 0x07013001, 0x00006e02, 0x090094fe, 0xb80200b1, 0x35b094fe, 0x0000002b, 
    0x2300ffff, 0x530188ff, 0x07012801, 0x00006f02, 0x090094fe, 0xb80100b1, 0x35b094fe, 0x0000002b, 0x2100ffff, 0x610188ff, 0x07013001, 0x00007002, 0x090094fe, 0xb80100b1, 
    0x35b094fe, 0x0000002b, 0x1500ffff, 0x460180ff, 0x07012801, 0x00007102, 0x090094fe, 0xb80100b1, 0x35b094fe, 0x0000002b, 0x0c00ffff, 0x750180ff, 0x07013001, 0x00007202, 
    0x090094fe, 0xb80100b1, 0x35b094fe, 0x0000002b, 0x1900ffff, 0x510180ff, 0x07012801, 0x00007302, 0x090094fe, 0xb80100b1, 0x35b094fe, 0x0000002b, 0x1e00ffff, 0x580180ff, 
    0x07013001, 0x00007402, 0x090094fe, 0xb80200b1, 0x35b094fe, 0x0000002b, 0x1900ffff, 0x490180ff, 0x07012801, 0x00007502, 0x090094fe, 0xb80100b1, 0x35b094fe, 0x0000002b, 
    0x2300ffff, 0x610180ff, 0x07013001, 0x00007602, 0x090094fe, 0xb80300b1, 0x35b094fe, 0x0000002b, 0x1e00ffff, 0x570180ff, 0x07013001, 0x00007702, 0x090094fe, 0xb80200b1, 
    0x35b094fe, 0x0000002b, 0x2a00ffff, 0x7c01f8ff, 0x0701a801, 0x00006e02, 0x09000cff, 0xb80200b1, 0x35b00cff, 0x0000002b, 0x2300ffff, 0x53010000, 0x0701a001, 0x00006f02, 
    0x09000cff, 0xb80100b1, 0x35b00cff, 0x0000002b, 0x2100ffff, 0x61010000, 0x0701a801, 0x00007002, 0x09000cff, 0xb80100b1, 0x35b00cff, 0x0000002b, 0x1500ffff, 0x4601f8ff, 
    0x0701a001, 0x00007102, 0x09000cff, 0xb80100b1, 0x35b00cff, 0x0000002b, 0x0c00ffff, 0x7501f8ff, 0x0701a801, 0x00007202, 0x09000cff, 0xb80100b1, 0x35b00cff, 0x0000002b, 
    0x1900ffff, 0x5101f8ff, 0x0701a001, 0x00007302, 0x09000cff, 0xb80100b1, 0x35b00cff, 0x0000002b, 0x1e00ffff, 0x5801f8ff, 0x0701a801, 0x00007402, 0x09000cff, 0xb80200b1, 
    0x35b00cff, 0x0000002b, 0x1900ffff, 0x4901f8ff, 0x0701a001, 0x00007502, 0x09000cff, 0xb80100b1, 0x35b00cff, 0x0000002b, 0x2300ffff, 0x6101f8ff, 0x0701a801, 0x00007602, 
    0x09000cff, 0xb80300b1, 0x35b00cff, 0x0000002b, 0x1e00ffff, 0x5701f8ff, 0x0701a801, 0x00007702, 0x09000cff, 0xb80200b1, 0x35b00cff, 0x0000002b, 0x2a000200, 0x7c01ec00, 
    0x0b009c02, 0x29001600, 0x02002640, 0x00020000, 0x03010565, 0x04610103, 0x21010101, 0x0c0c4e03, 0x160c0000, 0x1012150c, 0x0a000b00, 0x17070624, 0x1516002b, 0x22230614, 
    0x36343526, 0x15010e33, 0x32331614, 0x23263435, 0x57572501, 0x56575153, 0x21202252, 0x23204321, 0x5f769c02, 0x607b7b60, 0x3c5c775e, 0x7e413d3e, 0x00003c3e, 0x23000100, 
    0x5301f400, 0x1b009402, 0x21402400, 0x05000103, 0x04000401, 0x01010063, 0x02005f02, 0x4e011a02, 0x1b000000, 0x34231900, 0x07062421, 0x26362b1a, 0x3b363435, 0x22233501, 
    0x36343526, 0x1632013b, 0x32331115, 0x06141516, 0x1a3d012b, 0x3740141a, 0x141b1b14, 0x2f1d1669, 0x141a1a14, 0x131af4d4, 0x1aec1a13, 0x1d1a1313, 0x1aedfe16, 0x001a1313, 
    0x21000100, 0x6101f400, 0x29009c02, 0x2e403100, 0x01020115, 0x02004c01, 0x02010401, 0x01058004, 0x04000004, 0x01006300, 0x00610301, 0x01210303, 0x0000004e, 0x25280029, 
    0x06342a26, 0x002b1a07, 0x06141516, 0x2622012b, 0x013f3435, 0x3435013e, 0x06222326, 0x0e070607, 0x26222301, 0x013e3435, 0x15163233, 0x010f0614, 0x1a470133, 0x13e5141a, 
    0x1e7f141a, 0x14161b19, 0x0402011b, 0x17111903, 0x2945291c, 0x342c5541, 0x4e016b29, 0x1a13131a, 0x1114131a, 0x1a2b1967, 0x171b1e17, 0x100e080d, 0x3f251a1e, 0x2d3b4f25, 
    0x00222b4a, 0x15000100, 0x4601ec00, 0x2d009402, 0x2db55f00, 0x01040301, 0x09b04b4c, 0x20405850, 0x01040300, 0x00720304, 0x01040201, 0x02007e02, 0x00020000, 0x04040065, 
    0x05005f05, 0x4e041a05, 0x0021401b, 0x04010403, 0x00800103, 0x01040201, 0x02007e02, 0x00020000, 0x04040065, 0x05005f05, 0x4e041a05, 0x34094059, 0x26233325, 0x1c070625, 
    0x1516002b, 0x23010e14, 0x26272622, 0x33363435, 0x011e1732, 0x35363233, 0x22012b34, 0x3f343526, 0x26222301, 0x3b363435, 0x15163201, 0x01010f14, 0x492a380e, 0x1647292d, 
    0x15131b0b, 0x121c100d, 0x054a201c, 0x41111b13, 0x1b1b1461, 0x1913c014, 0xf3014d0e, 0x43292d48, 0x0e1d2126, 0x0f1b1310, 0x191d0e11, 0x13131b30, 0x131a3c0f, 0x121a1a13, 
    0x00480e14, 0x0c000100, 0x7501ec00, 0x27009c02, 0x2a402d00, 0x04020607, 0x01000102, 0x006a0004, 0x4d210303, 0x05010100, 0x05050061, 0x004e0123, 0x00270000, 0x26152326, 
    0x08242323, 0x002b1c07, 0x06141516, 0x1415012b, 0x26222306, 0x2223013d, 0x37343526, 0x32333613, 0x0f141516, 0x34353301, 0x16323336, 0x0133011d, 0x1519195c, 0x14131a0c, 
    0x1911aa1a, 0x1e0e7a04, 0x52041a13, 0x13141a53, 0x92010c1a, 0x1d12121d, 0x1b1b1419, 0x11191914, 0x0a01090b, 0x0b131b20, 0x1438c60b, 0x38141b1b, 0x19000100, 0x5101ec00, 
    0x2b009402, 0xb04b6500, 0x40585031, 0x03010025, 0x02010302, 0x00020080, 0x65000200, 0x04050500, 0x0404005f, 0x03004d1a, 0x07610603, 0x23060601, 0x401b4e03, 0x03010023, 
    0x02010302, 0x06010780, 0x06010300, 0x02006903, 0x00020000, 0x05050065, 0x04005f04, 0x4e051a04, 0x000f4059, 0x002b0000, 0x3335242a, 0x08262623, 0x122b1c07, 0x1415011e, 
    0x2223010e, 0x35262726, 0x32333634, 0x33011e17, 0x34353632, 0x2622012b, 0x3634013d, 0x1632013b, 0x2b061415, 0xea331501, 0x4b2b2641, 0x1748292e, 0x12131b0c, 0x141f0f0e, 
    0x324c241d, 0x151b1b15, 0x1a1a14a9, 0x02287914, 0x263d2104, 0x2226432b, 0x13100e1d, 0x10100f1b, 0x1c31181d, 0x1b158614, 0x1a13131a, 0x00000036, 0x1e000200, 0x5801ec00, 
    0x16009c02, 0x2b002200, 0x01162840, 0x4c010102, 0x03010200, 0x80030201, 0x00030104, 0x66000300, 0x21010100, 0x17174e01, 0x21172217, 0x0525282a, 0x002b1907, 0x0e141516, 
    0x2e222301, 0x36343501, 0x3336013f, 0x14151632, 0x3606010f, 0x23263435, 0x14150622, 0x12013316, 0x2b482a46, 0x1c2a482b, 0x17126525, 0x2e0d1b12, 0x1921210b, 0x19212119, 
    0x36520c02, 0x29294629, 0x3c232a47, 0x1b14782b, 0x3b110f13, 0x1a1a22cb, 0x1a1a2222, 0x00000022, 0x19000100, 0x4901ec00, 0x15009402, 0x1c401f00, 0x00010000, 0x01010086, 
    0x01035f02, 0x011a0202, 0x0000004e, 0x25130015, 0x18070426, 0x1516002b, 0x06030714, 0x35262223, 0x23133734, 0x34352622, 0x01013b36, 0xab091a2f, 0x1b131c10, 0x14858b07, 
    0xd4141b1b, 0x131b9402, 0xbefe0f0d, 0x0d131b1c, 0x1a06010d, 0x001a1313, 0x23000300, 0x6101ec00, 0x13009c02, 0x2b001f00, 0x2e403100, 0x09131925, 0x01020304, 0x0301054c, 
    0x00030000, 0x02010465, 0x00610102, 0x02210101, 0x1420204e, 0x202b2014, 0x141f142a, 0x0623281e, 0x002b1807, 0x23061415, 0x34352622, 0x34352637, 0x16323336, 0x26071415, 
    0x16141506, 0x35013e17, 0x12232634, 0x26343536, 0x15010e27, 0x01331614, 0x46465961, 0x4f384a59, 0x394f3e3e, 0x1a171c69, 0x151c1819, 0x1e1e1f1d, 0x1e1f1e1f, 0x3845aa01, 
    0x46384141, 0x353a2620, 0x3c353c3c, 0x11158124, 0x0c0d1510, 0x15111016, 0x1418f1fe, 0x0c0c1914, 0x18141419, 0x1e000200, 0x5701ec00, 0x17009c02, 0x34002300, 0x010f3140, 
    0x4c010300, 0x02030105, 0x00030200, 0x00000080, 0x02020084, 0x01046101, 0x02210101, 0x0018184e, 0x18231800, 0x001c1e22, 0x28160017, 0x2b170706, 0x15011e12, 0x010f0614, 
    0x26222306, 0x013f3435, 0x3435022e, 0x1633013e, 0x26343536, 0x15062223, 0xe4331614, 0x241c2b48, 0x13180f66, 0x1f2f0c1b, 0x482c2238, 0x22221829, 0x22221818, 0x279c0218, 
    0x3c242c47, 0x1b14782a, 0x3b100f14, 0x263e2704, 0xd427462b, 0x221a1923, 0x23191a22, 0x2a00ffff, 0x7c016401, 0x06011403, 0x78006e02, 0x00b10800, 0xb078b002, 0x00002b35, 
    0x2300ffff, 0x53016c01, 0x06010c03, 0x78006f02, 0x00b10800, 0xb078b001, 0x00002b35, 0x2100ffff, 0x61016c01, 0x06011403, 0x78007002, 0x00b10800, 0xb078b001, 0x00002b35, 
    0x1500ffff, 0x46016401, 0x06010c03, 0x78007102, 0x00b10800, 0xb078b001, 0x00002b35, 0x0c00ffff, 0x75016401, 0x06011403, 0x78007202, 0x00b10800, 0xb078b001, 0x00002b35, 
    0x1900ffff, 0x51016401, 0x06010c03, 0x78007302, 0x00b10800, 0xb078b001, 0x00002b35, 0x1e00ffff, 0x58016401, 0x06011403, 0x78007402, 0x00b10800, 0xb078b002, 0x00002b35, 
    0x1900ffff, 0x49016401, 0x06010c03, 0x78007502, 0x00b10800, 0xb078b001, 0x00002b35, 0x2300ffff, 0x61016401, 0x06011403, 0x78007602, 0x00b10800, 0xb078b003, 0x00002b35, 
    0x1e00ffff, 0x57016401, 0x06011403, 0x78007702, 0x00b10800, 0xb078b002, 0x00002b35, 0xa4ff0100, 0x5801f4ff, 0x0f009d02, 0x16401900, 0x48000000, 0x0101024d, 0x4e014901, 
    0x0f000000, 0x03260e00, 0x062b1709, 0x37343526, 0x32333601, 0x07141516, 0x42230601, 0x5201071a, 0x1b131e0f, 0x0fadfe07, 0x131a0c1e, 0x46020c0f, 0x0d131a1b, 0x1bb9fd0d, 
    0x2300ffff, 0xab03f4ff, 0x22009d02, 0x00006f02, 0x82022300, 0x00007201, 0x66020300, 0x00004a02, 0x2300ffff, 0xb303f4ff, 0x22009d02, 0x00006f02, 0x82022300, 0x00007201, 
    0x67020300, 0x00006d02, 0x2100ffff, 0xc203f4ff, 0x22009d02, 0x00007002, 0x82022300, 0x00008101, 0x67020300, 0x00007c02, 0x2300ffff, 0xa603f4ff, 0x22009d02, 0x00006f02, 
    0x82022300, 0x00007201, 0x68020300, 0x00003102, 0x1500ffff, 0x7903f4ff, 0x22009d02, 0x00007102, 0x82022300, 0x00004501, 0x68020300, 0x00000402, 0x2300ffff, 0xb603f4ff, 
    0x22009d02, 0x00006f02, 0x82022300, 0x00007201, 0x69020300, 0x00006502, 0x2100ffff, 0xc503f4ff, 0x22009d02, 0x00007002, 0x82022300, 0x00008101, 0x69020300, 0x00007402, 
    0x1500ffff, 0x8903f4ff, 0x22009d02, 0x00007102, 0x82022300, 0x00004501, 0x69020300, 0x00003802, 0x0c00ffff, 0xc503f4ff, 0x22009d02, 0x00007202, 0x82022300, 0x00008101, 
    0x69020300, 0x00007402, 0x2300ffff, 0x7503f4ff, 0x22009d02, 0x00006f02, 0x82022300, 0x00007201, 0x6a020300, 0x00001d02, 0x1900ffff, 0x5203f4ff, 0x22009d02, 0x00007302, 
    0x82022300, 0x00004f01, 0x6a020300, 0x0000fa01, 0x2300ffff, 0xb603f4ff, 0x22009d02, 0x00006f02, 0x82022300, 0x00007201, 0x6b020300, 0x00006d02, 0x2300ffff, 0xa103f4ff, 
    0x22009d02, 0x00006f02, 0x82022300, 0x00007201, 0x6c020300, 0x00004002, 0x1500ffff, 0x7403f4ff, 0x22009d02, 0x00007102, 0x82022300, 0x00004501, 0x6c020300, 0x00001302, 
    0x1900ffff, 0x7e03f4ff, 0x22009d02, 0x00007302, 0x82022300, 0x00004f01, 0x6c020300, 0x00001d02, 0x1900ffff, 0x2703f4ff, 0x22009d02, 0x00007502, 0x82022300, 0x0000f800, 
    0x6c020300, 0x0000c601, 0x2300ffff, 0xa603f4ff, 0x22009d02, 0x00006f02, 0x82022300, 0x00007201, 0x6d020300, 0x00004f02, 0x2300ffff, 0x5c05f4ff, 0x22009d02, 0x00006f02, 
    0x82022300, 0x00007201, 0x65022300, 0x00006d02, 0x64020300, 0x0000e003, 0x2f000100, 0xe900f4ff, 0x0b00ae00, 0x16401900, 0x01000000, 0x01010261, 0x4e014901, 0x0b000000, 
    0x03240a00, 0x162b1709, 0x36343526, 0x15163233, 0x65230614, 0x27283636, 0x0c273535, 0x36272736, 0x36272736, 0x30000100, 0xda0040ff, 0x12008500, 0x1c401f00, 0x00010102, 
    0x00004c01, 0x02610100, 0x45010101, 0x00004e01, 0x11001200, 0x17090328, 0x3526162b, 0x35363734, 0x32333634, 0x06141516, 0x23010e07, 0x0e062454, 0x28232229, 0x1f0d0e19, 
    0x1a23c017, 0x394d2807, 0x252c2d26, 0x1f25761f, 0x0000001b, 0x2f00ffff, 0xe900f4ff, 0x2700f801, 0x00009502, 0x02014a01, 0x00009502, 0x00b10900, 0x4a01b801, 0x002b35b0, 
    0x2f00ffff, 0xe90040ff, 0x2700f801, 0x00009502, 0x02014a01, 0x00009602, 0x00b10900, 0x4a01b801, 0x002b35b0, 0x2f00ffff, 0xef02f4ff, 0x2300ae00, 0x03019502, 0x22000000, 
    0x00009502, 0x95020300, 0x00000602, 0x55000200, 0x0601f4ff, 0x0d00a302, 0x2c001900, 0x01042940, 0x61000101, 0x48000000, 0x0202004d, 0x01056103, 0x03490303, 0x000e0e4e, 
    0x0e190e00, 0x00121418, 0x250c000d, 0x2b170906, 0x03272636, 0x32333626, 0x0e030716, 0x26062301, 0x33363435, 0x14151632, 0x25912306, 0x2b010b01, 0x012a2424, 0x1d25010a, 
    0x27333425, 0x24333225, 0x012026d4, 0x2e2e2536, 0x20cafe25, 0x2434e026, 0x25343425, 0x00003424, 0x55000200, 0x060140ff, 0x0b00fa01, 0x2c001900, 0x01042940, 0x61000101, 
    0x4b000000, 0x0202004d, 0x01056103, 0x03450303, 0x000c0c4e, 0x0c190c00, 0x00111318, 0x240a000b, 0x2b170906, 0x34352612, 0x16323336, 0x23061415, 0x13372602, 0x3233013e, 
    0x16131716, 0x34892306, 0x32252733, 0x2b252433, 0x25010b01, 0x02241d1d, 0x242b020a, 0x24344a01, 0x25333325, 0xf6fd3424, 0x4201252e, 0x2026271f, 0x2e25befe, 0x22000200, 
    0xa201f4ff, 0x2600a002, 0x43003200, 0x01234040, 0x4c010103, 0x03000100, 0x80030100, 0x04030106, 0x7e040300, 0x02000000, 0x02020061, 0x04004d48, 0x07610504, 0x49050501, 
    0x27274e05, 0x32270000, 0x2b2d3127, 0x25002600, 0x082b2226, 0x362b1909, 0x34013d26, 0x013e3736, 0x23263435, 0x23060722, 0x34352622, 0x33013e37, 0x15011e32, 0x0e070614, 
    0x0e010f01, 0x26062301, 0x33363435, 0x14151632, 0x25b22306, 0x18272c1e, 0x1a2b1922, 0x24192017, 0x3a5a1a0f, 0x25335937, 0x021e272b, 0x19240101, 0x2733331e, 0x25323225, 
    0x0a1922d2, 0x2228301d, 0x23191624, 0x1924232f, 0x34311814, 0x252f4c2c, 0x2b21263f, 0x1d160915, 0x262632de, 0x26263333, 0x00000032, 0x21000200, 0xa20140ff, 0x0b00fa01, 
    0x45003300, 0x01154240, 0x4c010204, 0x04010200, 0x80040201, 0x01030400, 0x067e0304, 0x00010101, 0x00000061, 0x03004d4b, 0x07620503, 0x45050501, 0x0c0c4e05, 0x330c0000, 
    0x2a2c320c, 0x181a2527, 0x0a000b00, 0x17090824, 0x3526122b, 0x32333634, 0x06141516, 0x012e0223, 0x37363435, 0x013f013e, 0x3233013e, 0x14011d16, 0x010e0706, 0x33161415, 
    0x013e3732, 0x15163233, 0x010e0714, 0x3233ca23, 0x33332626, 0x34594126, 0x21242a27, 0x23020101, 0x1f251b19, 0x241c252b, 0x0d192b19, 0x231a111a, 0x3b5b190f, 0x25334a01, 
    0x26323226, 0xf6fd3226, 0x272f4e2d, 0x2e202646, 0x1d170816, 0x1e0a1823, 0x2c222832, 0x2e231a18, 0x19241112, 0x34311913, 0x2f00ffff, 0xe900e300, 0x07019d01, 0x00009502, 
    0x0800ef00, 0xb00100b1, 0x2b35b0ef, 0x33000100, 0x78017100, 0x0f00ae01, 0x1b401e00, 0x01010000, 0x00005900, 0x02610100, 0x01000101, 0x00000051, 0x260e000f, 0x2b170903, 
    0x35012e36, 0x33013e34, 0x15011e32, 0x23010e14, 0x2c2c4baa, 0x4a2d2c4b, 0x2c4b2b2b, 0x2c482a71, 0x2a2a482d, 0x492c2d48, 0x00000029, 0x2e000100, 0xa5015201, 0x3900f502, 
    0x2b402e00, 0x1b252d38, 0x00060810, 0x024c0103, 0x03000001, 0x03010561, 0x004d4803, 0x61040101, 0x42040400, 0x25254e01, 0x2425252d, 0x2b1c0906, 0x14151600, 0x2f222306, 
    0x06141501, 0x3d262223, 0x23060701, 0x35262722, 0x013f3634, 0x35012e27, 0x32333634, 0x3435011f, 0x16323336, 0x3637011d, 0x16173233, 0x0f061415, 0x98011701, 0x0e121c0d, 
    0x131c420e, 0x0e421c14, 0x060f190e, 0x43430d0d, 0x121c0d0d, 0x1c420e0e, 0x421c1314, 0x0f190e0e, 0x430d0d06, 0x16f60143, 0x081b160c, 0x1b184c26, 0x264c181b, 0x0d0c1808, 
    0x2707160c, 0x0c160726, 0x26081d14, 0x1b1b184c, 0x08264c18, 0x0c0d0c18, 0x27260716, 0x13000200, 0x6402f4ff, 0x49009f02, 0xa0004d00, 0x363f0c40, 0x1a090802, 0x01020211, 
    0xb04b4c02, 0x40585027, 0x060f1129, 0x03050003, 0x00020102, 0x010b6a01, 0x4d480909, 0x030d100e, 0x61080707, 0x08020a0c, 0x044d4b08, 0x49020201, 0x401b4e02, 0x00010639, 
    0x5900010f, 0x050f0111, 0x02010203, 0x0b6a010f, 0x48090901, 0x0e0e004d, 0x0a0c6108, 0x4b080802, 0x020d104d, 0x61080707, 0x08020a0c, 0x044d4b08, 0x49020201, 0x40594e02, 
    0x004a4a22, 0x4a4d4a00, 0x004b4c4d, 0x44480049, 0x383b3d42, 0x24313337, 0x23252421, 0x21242314, 0x2b1f0912, 0x32330701, 0x06141516, 0x0e07012b, 0x26222301, 0x23013f35, 
    0x23010e07, 0x34352622, 0x2223013f, 0x36343526, 0x2337013b, 0x34352622, 0x37013b36, 0x3233013e, 0x010f1516, 0x013e3733, 0x15163233, 0x33010f14, 0x14151632, 0x37072306, 
    0xfd010723, 0x1d152f12, 0x0f381920, 0x17142003, 0x900c0120, 0x14200210, 0x0b032117, 0x2121191e, 0x28122e19, 0x19202019, 0x20021037, 0x01201714, 0x0210900c, 0x20171520, 
    0x191f0c02, 0xb2192020, 0x01159015, 0x19208a8f, 0x13732018, 0x1217201a, 0x1a137357, 0x0f071720, 0x19182053, 0x19208a20, 0x13732018, 0x10172019, 0x19137358, 0x0a061720, 
    0x19182058, 0x96969020, 0x28000100, 0x78027bff, 0x11000c03, 0xb04b2e00, 0x4058501b, 0x0101020c, 0x00860100, 0x00420000, 0x0a401b4e, 0x00010000, 0x01010285, 0x40597601, 
    0x0000000a, 0x27100011, 0x2b170903, 0x34352616, 0x013e0137, 0x15163233, 0x0e010714, 0x264e2301, 0x08d1010c, 0x251a101c, 0x082ffe0c, 0x2585101c, 0x03151319, 0x25100e0d, 
    0xfc15121a, 0x00100ef3, 0x28000100, 0x78027bff, 0x11000c03, 0xb04b2e00, 0x4058501b, 0x0101020c, 0x00860100, 0x00420000, 0x0a401b4e, 0x00010000, 0x01010285, 0x40597601, 
    0x0000000a, 0x27100011, 0x2b170903, 0x01272604, 0x36343526, 0x17163233, 0x14151601, 0x29022306, 0x2ffe081c, 0x1019260c, 0xd101081c, 0x8519260c, 0x0d030e10, 0x251a1215, 
    0xf3fc0e10, 0x25191315, 0x55000200, 0x0601f1ff, 0x0b00a002, 0x2c001900, 0x01042940, 0x61000101, 0x21000000, 0x0202004d, 0x01056103, 0x03220303, 0x000c0c4e, 0x0c190c00, 
    0x00111318, 0x240a000b, 0x2b170706, 0x34352612, 0x16323336, 0x23061415, 0x13372602, 0x3233013e, 0x16131716, 0x33882306, 0x33242634, 0x2b252532, 0x25010b01, 0x01251d1d, 
    0x242a010a, 0x2534ef01, 0x24343325, 0x02fe3425, 0x3601252e, 0x20262620, 0x2e25cafe, 0x21000200, 0xa201f4ff, 0x0b00a002, 0x3f003300, 0x02003c40, 0x02010401, 0x04008004, 
    0x03040103, 0x0101067e, 0x00610001, 0x4d210000, 0x05030300, 0x05010762, 0x4e052205, 0x00000c0c, 0x320c330c, 0x25272a2c, 0x0b00181a, 0x08240a00, 0x122b1707, 0x36343526, 
    0x15163233, 0x02230614, 0x3435012e, 0x013e3736, 0x013e013f, 0x1d163233, 0x07061401, 0x1415010e, 0x37323316, 0x3233013e, 0x07141516, 0xca23010e, 0x27253232, 0x42273333, 
    0x2b263359, 0x01021e26, 0x1b192302, 0x272c1e25, 0x2a192319, 0x111a0d1a, 0x190f231a, 0xef013b5b, 0x32262633, 0x33262632, 0x4c2c05fe, 0x2640242f, 0x09152b21, 0x19221d16, 
    0x28301d0a, 0x19152423, 0x11122f23, 0x18141a23, 0x00003431, 0x2f00ffff, 0xe900ff00, 0x0601b901, 0x1c009e02, 0x00b10800, 0xb01cb001, 0x00002b35, 0x3300ffff, 0x78018d00, 
    0x0601ca01, 0x1c009f02, 0x00b10800, 0xb01cb001, 0x00002b35, 0x2800ffff, 0x78027bff, 0x02000c03, 0x0000a202, 0x2800ffff, 0x78027bff, 0x02000c03, 0x0000a302, 0x3300ffff, 
    0xfc0012ff, 0x07019c01, 0x0000b202, 0x09001bfe, 0xb80100b1, 0x35b01bfe, 0x0000002b, 0x1800ffff, 0xe10012ff, 0x07019c01, 0x0000b302, 0x09001bfe, 0xb80100b1, 0x35b01bfe, 
    0x0000002b, 0x45000100, 0x4d0184ff, 0x1900db02, 0x1b401e00, 0x01010000, 0x00005900, 0x02610100, 0x01000101, 0x00000051, 0x28180019, 0x2b170903, 0x012e2704, 0x37363435, 
    0x16323336, 0x0e071415, 0x16141501, 0x14151617, 0x08012306, 0x5f5f5311, 0x150f1453, 0x3f3c171e, 0x1e173c3f, 0x370c7c15, 0xd29796d2, 0x141f0c37, 0xa2341418, 0x33a37677, 
    0x1e151814, 0x20000100, 0x280181ff, 0x1900d802, 0x1b401e00, 0x01010000, 0x00005900, 0x02610100, 0x01000101, 0x00000051, 0x2e180019, 0x2b170903, 0x34352616, 0x35013e37, 
    0x26272634, 0x33363435, 0x011e1732, 0x07061415, 0x1e3e2306, 0x3f3f3c17, 0x151e173c, 0x5f531310, 0x1211535f, 0x18151e7f, 0x76a33314, 0x1434a277, 0x0c1f1418, 0x9697d237, 
    0x000c37d2, 0x26000100, 0x80017eff, 0x4000da02, 0x36403900, 0x02010134, 0x03004c01, 0x03020400, 0x02006904, 0x02050100, 0x01066901, 0x05000005, 0x05010659, 0x00610005, 
    0x51000500, 0x40000000, 0x39343e00, 0x07343834, 0x042b1b09, 0x06141516, 0x2622012b, 0x36373435, 0x2b263435, 0x35262201, 0x013b3634, 0x34353632, 0x35012e27, 0x013b3634, 
    0x14151632, 0x22012b06, 0x17141506, 0x07141516, 0x1415011e, 0x15060706, 0x013b1614, 0x1f1f6101, 0x574f1817, 0x1c1b090d, 0x2121190b, 0x1b1c0b19, 0x57080509, 0x1f17184f, 
    0x1e0d171f, 0x4a0c0a20, 0x010a2525, 0x0d1e200b, 0x18171f16, 0x2045471e, 0x1b16324c, 0x18192119, 0x151b1921, 0x163a1b34, 0x181f4845, 0x20211f17, 0x1b403c13, 0x290a1443, 
    0x063d1623, 0x21201839, 0x1c000100, 0x77017eff, 0x3e00da02, 0x37403a00, 0x05000122, 0x04004c01, 0x04050300, 0x01066903, 0x02000005, 0x00690005, 0x02010102, 0x02020059, 
    0x01006101, 0x00510102, 0x003e0000, 0x2c30333c, 0x34383429, 0x2b190907, 0x14151600, 0x22012b06, 0x17141506, 0x06141516, 0x2622012b, 0x3b363435, 0x35363201, 0x012e2734, 
    0x26373435, 0x36373435, 0x012b3435, 0x34352622, 0x32013b36, 0x06141516, 0x14150607, 0x01013b16, 0x19212156, 0x091a1d0b, 0x184f570d, 0x181f1f18, 0x0b211e0c, 0x4a4a0a01, 
    0x0c3f0a0c, 0x181f1f18, 0x08574f18, 0x1d1a0905, 0x2165010b, 0x18211918, 0x4c32161c, 0x1e474520, 0x211f1718, 0x06391820, 0x1442163d, 0x401b4314, 0x1f41133c, 0x481f1817, 
    0x1b3a1645, 0x191b1534, 0x5a000100, 0x47017eff, 0x1700da02, 0x25402800, 0x00030104, 0x00030100, 0x02010069, 0x00590102, 0x5f020101, 0x02010200, 0x0000004f, 0x34150017, 
    0x09052421, 0x16002b19, 0x2b061415, 0x32331101, 0x06141516, 0x2622012b, 0x36341135, 0x2801013b, 0x43181f1f, 0x1f1f1843, 0x21197c18, 0x027c1921, 0x171720da, 0x207efd1f, 
    0x211f1717, 0x19e70219, 0x00000022, 0x26000100, 0x0c017eff, 0x1700da02, 0x25402800, 0x00030104, 0x02030102, 0x00010069, 0x00590100, 0x5f000101, 0x00010000, 0x0000004f, 
    0x21150017, 0x09053524, 0x16122b19, 0x06141115, 0x2622012b, 0x3b363435, 0x22231101, 0x36343526, 0x21eb013b, 0x18741a21, 0x3b181f1f, 0x1f1f183b, 0xda027418, 0x1bfd1a22, 
    0x171f211a, 0x82022017, 0x2017171f, 0x33000100, 0xfc00f700, 0x19008103, 0x1b401e00, 0x01010000, 0x00005900, 0x02610100, 0x01000101, 0x00000051, 0x28180019, 0x2b170b03, 
    0x012e2736, 0x37363435, 0x16323336, 0x0e071415, 0x16141501, 0x14151617, 0x0fc92306, 0x3d4a4b3c, 0x170f0d0f, 0x33332d12, 0x0f17122d, 0xa42a09f7, 0x27a5706e, 0x120f1609, 
    0x5980260f, 0x0f25805a, 0x00160f12, 0x18000100, 0xe100f700, 0x19008103, 0x1b401e00, 0x01010000, 0x00005900, 0x02610100, 0x01000101, 0x00000051, 0x2e180019, 0x2b170b03, 
    0x34352636, 0x35013e37, 0x26272634, 0x33363435, 0x011e1732, 0x07061415, 0x162e2306, 0x33332c12, 0x0f16122c, 0x4a3e0f0d, 0x0d0f3d4b, 0x140f16f7, 0x5981250d, 0x0f268059, 
    0x09160f12, 0x6f70a527, 0x00092aa3, 0x4500ffff, 0x4d019fff, 0x0601f602, 0x1b00ac02, 0x00b10800, 0xb01bb001, 0x00002b35, 0x2000ffff, 0x28019cff, 0x0601f302, 0x1b00ad02, 
    0x00b10800, 0xb01bb001, 0x00002b35, 0x2600ffff, 0x80019cff, 0x0601f802, 0x1e00ae02, 0x00b10800, 0xb01eb001, 0x00002b35, 0x1c00ffff, 0x77019cff, 0x0601f802, 0x1e00af02, 
    0x00b10800, 0xb01eb001, 0x00002b35, 0x5a00ffff, 0x47019cff, 0x0601f802, 0x1e00b002, 0x00b10800, 0xb01eb001, 0x00002b35, 0x2600ffff, 0x0c019cff, 0x0601f802, 0x1e00b102, 
    0x00b10800, 0xb01eb001, 0x00002b35, 0x26000100, 0x31010801, 0x0d007901, 0x1c401f00, 0x00010102, 0x02570100, 0x00010101, 0x0100005f, 0x00004f00, 0x0b000d00, 0x17090334, 
    0x1516002b, 0x012b0614, 0x34352622, 0x01013b36, 0x19202011, 0x20201999, 0x79019919, 0x21181820, 0x20181821, 0x2600ffff, 0x31010801, 0x02007901, 0x0000ba02, 0x1c000100, 
    0xdb010801, 0x0d007901, 0x1c401f00, 0x00010102, 0x02570100, 0x00010101, 0x0100005f, 0x00004f00, 0x0b000d00, 0x17090334, 0x1516002b, 0x21230614, 0x34352622, 0x01213336, 
    0x192020bb, 0x2019b3fe, 0x4d011920, 0x18207901, 0x18212118, 0x00002018, 0x2a000100, 0xbe030801, 0x0d007901, 0x1c401f00, 0x00010102, 0x02570100, 0x00010101, 0x0100005f, 
    0x00004f00, 0x0b000d00, 0x17090334, 0x1516002b, 0x21230614, 0x34352622, 0x03213336, 0x1921219d, 0x2119e0fc, 0x20031921, 0x18207901, 0x18212118, 0x00002018, 0x2a00ffff, 
    0xbe030801, 0x02007901, 0x0000bd02, 0x1c000100, 0xdb0155ff, 0x0d00bfff, 0x06b12700, 0x1c404464, 0x00010102, 0x02570100, 0x00010101, 0x0100005f, 0x00004f00, 0x0b000d00, 
    0x17090334, 0x0006b12b, 0x15160444, 0x21230614, 0x34352622, 0x01213336, 0x182020bb, 0x2018b1fe, 0x4f011820, 0x17171e41, 0x17171e1e, 0x0000001e, 0x2600ffff, 0x31012401, 
    0x06019501, 0x1c00ba02, 0x00b10800, 0xb01cb001, 0x00002b35, 0x2600ffff, 0x31012401, 0x02009501, 0x0000c002, 0x1c00ffff, 0xdb012401, 0x06019501, 0x1c00bc02, 0x00b10800, 
    0xb01cb001, 0x00002b35, 0x2a00ffff, 0xbe032401, 0x06019501, 0x1c00bd02, 0x00b10800, 0xb01cb001, 0x00002b35, 0x2a00ffff, 0xbe032401, 0x02009501, 0x0000c302, 0x43000100, 
    0xec004dff, 0x12008500, 0x02b53c00, 0x01000101, 0x27b04b4c, 0x0c405850, 0x01000000, 0x01010261, 0x4e014501, 0x0011401b, 0x00010100, 0x00000059, 0x01026101, 0x51010001, 
    0x000a4059, 0x00120000, 0x09032811, 0x26162b17, 0x36373435, 0x33363435, 0x14151632, 0x010e0706, 0x06236623, 0x2322280e, 0x0e0e1828, 0x23b31a1e, 0x48240619, 0x2c2d2637, 
    0x226e1e25, 0x00001920, 0x4000ffff, 0xd6014dff, 0x22008500, 0x00fdc502, 0xc5020300, 0x0000ea00, 0x4400ffff, 0xda016701, 0x2200a002, 0x0000c902, 0xc9020300, 0x0000ed00, 
    0x4300ffff, 0xd9016701, 0x22009f02, 0x0000ca02, 0xca020300, 0x0000ed00, 0x44000100, 0xed006701, 0x1200a002, 0x1c401f00, 0x01000102, 0x00004c01, 0x02610100, 0x48010101, 
    0x00004e00, 0x11001200, 0x17090328, 0x1516122b, 0x15060714, 0x22230614, 0x36343526, 0x33013e37, 0x0e0624c9, 0x28232228, 0x1f0e0e18, 0x23a00219, 0x48260619, 0x2c2d2636, 
    0x226e1d26, 0x00001a20, 0x4300ffff, 0xec006701, 0x06019f02, 0x1100d002, 0x00b10800, 0xb011b001, 0x00002b35, 0x2100ffff, 0x26024000, 0x2200e201, 0x0001cd02, 0xcd020300, 
    0x00000101, 0x2e00ffff, 0x34024000, 0x2200e201, 0x0000ce02, 0xce020300, 0x00000101, 0x20000100, 0x25014000, 0x1500e201, 0x0fb53c00, 0x01000101, 0x27b04b4c, 0x0c405850, 
    0x01010102, 0x00006100, 0x4e014300, 0x0011401b, 0x00010100, 0x00000059, 0x01026101, 0x51010001, 0x000a4059, 0x00150000, 0x09032814, 0x2f362b17, 0x34352601, 0x3336013f, 
    0x14151632, 0x1617010f, 0x23061415, 0x128c15d3, 0x19158c12, 0x63112217, 0x16231163, 0x14911540, 0x92141617, 0x15172215, 0x116f6f14, 0x00211818, 0x2e000100, 0x33014000, 
    0x1500e201, 0x05b53c00, 0x01000101, 0x27b04b4c, 0x0c405850, 0x01010102, 0x00006100, 0x4e014300, 0x0011401b, 0x00010100, 0x00000059, 0x01026101, 0x51010001, 0x000a4059, 
    0x00150000, 0x09032a14, 0x26362b17, 0x013f3435, 0x34352627, 0x1f323336, 0x14151601, 0x2306010f, 0x63112351, 0x17221163, 0x138c1518, 0x18158c13, 0x18182140, 0x126f6f11, 
    0x15221717, 0x18171392, 0x00159113, 0x4300ffff, 0xd9015601, 0x22008e02, 0x0000d002, 0xd0020300, 0x0000ed00, 0x4300ffff, 0xec005601, 0x07018e02, 0x0000c502, 0x09000902, 
    0xb80100b1, 0x35b00902, 0x0000002b, 0x1f00ffff, 0x24026200, 0x06010402, 0x22fecb02, 0x00b10800, 0xb022b002, 0x00002b35, 0x2e00ffff, 0x34026200, 0x06010402, 0x2200cc02, 
    0x00b10800, 0xb022b002, 0x00002b35, 0x1f00ffff, 0x24016200, 0x06010402, 0x22ffcd02, 0x00b10800, 0xb022b001, 0x00002b35, 0x2e00ffff, 0x33016200, 0x06010402, 0x2200ce02, 
    0x00b10800, 0xb022b001, 0x00002b35, 0x1f000100, 0xad007fff, 0x0b000c00, 0x1c401f00, 0x00010102, 0x02590100, 0x00010101, 0x01000061, 0x00005100, 0x0a000b00, 0x17070324, 
    0x1516362b, 0x22230614, 0x36343526, 0x28288533, 0x29291f1e, 0x1d290c1f, 0x1f28281f, 0x0000291d, 0x1c000100, 0xa20000ff, 0x1200f8ff, 0x16401900, 0x01000000, 0x01010261, 
    0x4e012001, 0x12000000, 0x03281100, 0x122b1707, 0x37343526, 0x36343536, 0x15163233, 0x0e070614, 0x1c382301, 0x1a200c05, 0x0b141f1c, 0xff13170b, 0x0a141a00, 0x1d2a3e19, 
    0x191d2122, 0x14181b5a, 0x1f000100, 0xad006301, 0x0b00f001, 0x16401900, 0x01000000, 0x01010261, 0x4e001c01, 0x0b000000, 0x03240a00, 0x122b1707, 0x06141516, 0x35262223, 
    0x85333634, 0x1f1e2828, 0x011f2929, 0x1f1d29f0, 0x1d1f2828, 0x00000029, 0x1c00ffff, 0xa200e400, 0x0701dc01, 0x0000d602, 0x0900e401, 0xb80100b1, 0x35b0e401, 0x0000002b, 
    0x2f00ffff, 0xe900e300, 0x02009d01, 0x00009e02, 0x4b000300, 0x220293ff, 0x3600f802, 0x48003f00, 0x12408900, 0x0504011d, 0x0408012d, 0x090a0133, 0x0b010102, 0xb04b4c04, 
    0x40585009, 0x00010229, 0x71000101, 0x00040106, 0x08040908, 0x00090068, 0x0a090b0a, 0x0b010c67, 0x00010103, 0x0769010b, 0x42050501, 0x401b4e05, 0x00010228, 0x06860001, 
    0x08000401, 0x68080409, 0x0a000900, 0x670a090b, 0x030b010c, 0x0b000101, 0x01076901, 0x05420505, 0x1640594e, 0x48404040, 0x44464740, 0x232e3b3d, 0x23152413, 0x0d251323, 
    0x242b1f09, 0x14150706, 0x26222306, 0x1523013d, 0x22230614, 0x23013d26, 0x11352622, 0x013b3634, 0x33363435, 0x011d1632, 0x36343533, 0x1d163233, 0x15011e01, 0x1e070614, 
    0x26021501, 0x3315012b, 0x02353632, 0x26343536, 0x3315012b, 0x3f4c2202, 0x1c16161d, 0x16151d3f, 0x241a061c, 0x1c061a24, 0x3f1d1516, 0x1d16161c, 0x181a342d, 0x28a3302c, 
    0x23717124, 0x2c2b0229, 0x90939327, 0x175f0f5a, 0x59171e1e, 0x1e1e1759, 0x1b235917, 0x241ad701, 0x1d1d1750, 0x17505017, 0x62171d1d, 0x22324f14, 0x4814143a, 0x23180132, 
    0xfe202486, 0x232327c2, 0x00009528, 0x21000100, 0xf80193ff, 0x3600f802, 0x3c403f00, 0x0302141c, 0x02060e01, 0x4c020400, 0x05030200, 0x80050203, 0x04050106, 0x7e040503, 
    0x00000400, 0x00650004, 0x61010303, 0x42010100, 0x00004e03, 0x35003600, 0x2c2a2424, 0x1b090729, 0x1516002b, 0x07060714, 0x23061415, 0x013d2622, 0x3435012e, 0x34353736, 
    0x16323336, 0x011e011d, 0x14151617, 0x2e222306, 0x23262701, 0x14150622, 0x37323316, 0x0133023e, 0x3d1123d5, 0x19192158, 0x68685323, 0x191a2253, 0x1c4c2d21, 0x0e192411, 
    0x26030f12, 0x48493837, 0x03273639, 0x010b1311, 0x171a2400, 0x750c4514, 0x1a24231b, 0x5888187d, 0x7c188858, 0x1b23231b, 0x22290674, 0x241a1714, 0x27020e0a, 0x4c3b3b4c, 
    0x08100227, 0x20000200, 0x71021c00, 0x33007202, 0x47003f00, 0x252e4440, 0x06041821, 0x0b143204, 0x07010407, 0x01054c02, 0x03000403, 0x00040059, 0x06040706, 0x07010869, 
    0x07000100, 0x01056901, 0x61000303, 0x03000102, 0x34345100, 0x3e343f34, 0x2e23232f, 0x09232323, 0x242b1d09, 0x23061415, 0x06012f22, 0x07272223, 0x26222306, 0x013f3435, 
    0x37343526, 0x34352627, 0x1f323336, 0x32333601, 0x33363717, 0x14151632, 0x1516010f, 0x26170714, 0x26343536, 0x15062223, 0x02331614, 0x18172171, 0x43384d14, 0x13473742, 
    0x1121161b, 0x46272646, 0x19152212, 0x42384714, 0x134b3a43, 0x13211718, 0x4a272547, 0x2e3d3ce9, 0x303b3b30, 0x2217186d, 0x1e1f4f14, 0x1722164b, 0x394b1316, 0x473a4447, 
    0x21181812, 0x201f4914, 0x1621134b, 0x3a471319, 0x4c384744, 0x30303e5d, 0x30303e3e, 0x0000003e, 0x31000100, 0xed0193ff, 0x4200f802, 0x36403900, 0x0502242c, 0x02020a03, 
    0x4c020200, 0x01050400, 0x80010405, 0x05020100, 0x007e0201, 0x02000002, 0x05006500, 0x00610305, 0x05420303, 0x2f29234e, 0x06252a23, 0x242b1c09, 0x14150706, 0x26222306, 
    0x012e013d, 0x34352627, 0x17323336, 0x3233011e, 0x26343536, 0x012e012f, 0x37363435, 0x33363435, 0x011d1632, 0x15161716, 0x22230614, 0x23012e27, 0x14150622, 0x1e011f16, 
    0xed011501, 0x19224b5b, 0x4b2f2219, 0x18230d19, 0x3d1a1218, 0x25302725, 0x4f464428, 0x1a21404e, 0x2f52211a, 0x1818220d, 0x1d2e1712, 0x2221291f, 0x824c4c4b, 0x1b470c5d, 
    0x4a1a2424, 0x13232f0a, 0x12201b12, 0x1d1e1c1e, 0x19101d18, 0x3d3d571a, 0x1b450f57, 0x431b2323, 0x11134212, 0x1812211b, 0x161a1917, 0x1c1a0e1b, 0x00003d57, 0xfaff0100, 
    0x7302f4ff, 0x5100a002, 0x05b15801, 0x54404400, 0x04070600, 0x80040607, 0x010d010e, 0x0c0d010c, 0x04010880, 0x02030109, 0x0a690304, 0x010b0201, 0x01020d01, 0x07070069, 
    0x05006105, 0x004d4805, 0x61000c0c, 0x49000000, 0x00004e00, 0x50005100, 0x4547494b, 0x393b3f41, 0x22262522, 0x22242424, 0x1f090f26, 0x5ff4402b, 0x5f175f16, 0x5f1c5f18, 
    0x5f1e5f1d, 0x5f345f33, 0x5f395f35, 0x6f3b5f3a, 0x6f176f16, 0x6f1c6f18, 0x6f1e6f1d, 0x6f346f33, 0x6f396f35, 0x703b6f3a, 0x70117010, 0x701c7012, 0x701e701d, 0x70347033, 
    0x703f7035, 0x80417040, 0x80118010, 0x801c8012, 0x801e801d, 0x80348033, 0x803f8035, 0x9f418040, 0x9f0b9f0a, 0x901c900c, 0x901e901d, 0x90349033, 0x9f459f35, 0xaf479f46, 
    0xaf0baf0a, 0xa01ca00c, 0xa01ea01d, 0xa034a033, 0xaf45af35, 0xbf47af46, 0xbf17bf16, 0xbf1cbf18, 0xbf1ebf1d, 0xbf34bf33, 0xbf39bf35, 0xcf3bbf3a, 0xcf17cf16, 0xcf1ccf18, 
    0xcf1ecf1d, 0xcf34cf33, 0xcf39cf35, 0x603bcf3a, 0x1f161f2b, 0x1f181f17, 0x1f1d1f1c, 0x1f331f1e, 0x1f351f34, 0x1f3a1f39, 0x2f162f3b, 0x2f182f17, 0x2f1d2f1c, 0x2f332f1e, 
    0x2f352f34, 0x2f3a2f39, 0x2a2c183b, 0x05b1302a, 0x16244464, 0x0e071415, 0x26222301, 0x26222327, 0x3b363435, 0x34352601, 0x26222337, 0x3b363435, 0x33013e01, 0x16171632, 
    0x23061415, 0x27012e22, 0x2223012e, 0x32330706, 0x06141516, 0x1506012b, 0x32331714, 0x06141516, 0x011e012b, 0x37363233, 0x0233023e, 0x26142251, 0x9c69406e, 0x1c153a21, 
    0x0127151c, 0x1c152601, 0x2037151c, 0x6e406b9d, 0x19221426, 0x0614140e, 0x33213418, 0x15b6174f, 0xd0151b1b, 0x15a30201, 0x88151c1c, 0x1f324d18, 0x16061c32, 0x23b30c14, 
    0x2816191a, 0x1b62742b, 0x0b1b1515, 0x1b091216, 0x641b1515, 0x16282b76, 0x0a231a19, 0x1113050f, 0x151b2d30, 0x13091b15, 0x151b140c, 0x2f2a1b15, 0x10051311, 0x00000009, 
    0xefff0100, 0xd6017bff, 0x2c00a002, 0x2f403200, 0x06010107, 0x01040201, 0x01056902, 0x04030004, 0x00006503, 0x09610800, 0x48080801, 0x00004e00, 0x2b002c00, 0x14112224, 
    0x34232423, 0x2b1e090a, 0x14151600, 0x22012b06, 0x33010f06, 0x14151632, 0x07012b06, 0x2223010e, 0x36343526, 0x3f321733, 0x26222301, 0x3b363435, 0x013e3701, 0x2fa70133, 
    0x270a1820, 0x2608052a, 0x1923231a, 0x640b1d36, 0x202d2a55, 0x0a460e18, 0x2219151c, 0x0a231922, 0x0256640a, 0x19201fa0, 0x44292421, 0x21181921, 0x205d5cef, 0x0122191e, 
    0x1821e34d, 0x5d502119, 0x0000005d, 0x01000200, 0x1b02f4ff, 0x2600a002, 0x60004c00, 0x012f5d40, 0x4c010608, 0x00010200, 0x80000201, 0x07060800, 0x80070806, 0x0c000104, 
    0x000b0501, 0x010d6705, 0x06010a0b, 0x69060b08, 0x03010100, 0x03030061, 0x07004d48, 0x00610907, 0x09490909, 0x0027274e, 0x274c2700, 0x4045464a, 0x3336383e, 0x002b2d31, 
    0x25240026, 0x24242425, 0x2b1b090e, 0x34352612, 0x36213336, 0x23263435, 0x020e0722, 0x35262223, 0x33363734, 0x15011e32, 0x32330714, 0x06141516, 0x16042123, 0x23061415, 
    0x14150621, 0x36323316, 0x32333637, 0x07141516, 0x2223010e, 0x3435012e, 0x35262237, 0x21333634, 0x161e1e20, 0x2a031c01, 0x03243323, 0x19081214, 0x7b3d1224, 0x0835603e, 
    0x1d1e160f, 0x014ffe17, 0x171d1dc8, 0x2d01d3fe, 0x1e3d252a, 0x241a1816, 0x3b68222a, 0x02366341, 0x161e1e16, 0x5f01b201, 0x1c15151c, 0x241f100f, 0x050b021e, 0x121a1a24, 
    0x36542e43, 0x151c1116, 0x1b351c15, 0x051b1615, 0x15262409, 0x1a240c17, 0x231e1620, 0x0937562f, 0x15151c10, 0x0000001b, 0x2c000100, 0x1b020000, 0x4f00a002, 0x4a404d00, 
    0x04070600, 0x80040607, 0x09040108, 0x04020301, 0x010a6903, 0x01010b02, 0x6701020c, 0x05070700, 0x05050061, 0x010d4d48, 0x5f000c0c, 0x41000000, 0x00004e00, 0x4e004f00, 
    0x44464a4c, 0x24244042, 0x22242526, 0x0e342824, 0x242b1f09, 0x06141516, 0x26222123, 0x37363435, 0x2337013e, 0x34352622, 0x26013b36, 0x26222327, 0x3b363435, 0x34352601, 
    0x3233013e, 0x15161716, 0x22230614, 0x012e2726, 0x15062223, 0x32331714, 0x06141516, 0x1716012b, 0x15163233, 0x012b0614, 0x01330706, 0x172020fb, 0x201783fe, 0x2726120f, 
    0x1b134d09, 0x0654141a, 0x1a143c12, 0x0c10141a, 0x473f6437, 0x240e1d67, 0x0f18161a, 0x291c2910, 0x14900931, 0x61141a1a, 0x144a0710, 0x50141a1a, 0x6ce4210f, 0x1f17171f, 
    0x18101721, 0x0c1c160a, 0x1a13131b, 0x131a2318, 0x23241a13, 0x3b315838, 0x19131839, 0x1c151425, 0x1629311b, 0x13131a1b, 0x1a1f1c1a, 0x241b1313, 0x00000018, 0xfeff0100, 
    0xff01f5ff, 0x4400a002, 0x55405800, 0x031d252e, 0x132f0405, 0x12050202, 0x38020701, 0x07010209, 0x04004c04, 0x04030503, 0x05008005, 0x02050302, 0x0702007e, 0x7e070203, 
    0x03010700, 0x007e0107, 0x01030601, 0x03007e06, 0x004d4803, 0x62000606, 0x49000000, 0x16264e00, 0x28292528, 0x09082425, 0x15242b1e, 0x23010e14, 0x013d2622, 0x22230607, 
    0x3f343526, 0x06073501, 0x35262223, 0x013f3634, 0x33363435, 0x011d1632, 0x32333637, 0x0f141516, 0x36371501, 0x15163233, 0x15010f14, 0x3435013e, 0x33363427, 0x01171632, 
    0x699a52ff, 0x14102920, 0x261f160a, 0x0b13103d, 0x12141f16, 0x1c1e263d, 0x0f0f6527, 0x92251f15, 0x150c1265, 0x4d92251f, 0x18210156, 0xf8021f19, 0x3b6f4b0e, 0x07911e26, 
    0x22151f07, 0x073b1c11, 0x10161f08, 0x6c1c081b, 0x1d28271e, 0x1e072e2e, 0x43132016, 0x1f072f3b, 0x43132115, 0x37430596, 0x1f16060e, 0x00001a21, 0x08000300, 0x7a02f4ff, 
    0x23009402, 0x2f002900, 0xb04bb300, 0x40585019, 0x0a010d29, 0x0a020100, 0x010c6901, 0x5f050808, 0x40050500, 0x0203094d, 0x61040000, 0x03060b07, 0x4d430404, 0x49020200, 
    0x4b1b4e02, 0x585021b0, 0x0b072740, 0x09040306, 0x0a000203, 0x0d690004, 0x01000a01, 0x69010a02, 0x0808010c, 0x05005f05, 0x004d4005, 0x02490202, 0x2d401b4e, 0x09000700, 
    0x67090700, 0x0402060b, 0x0a000103, 0x0d690004, 0x01000a01, 0x69010a02, 0x0808010c, 0x05005f05, 0x004d4005, 0x02490202, 0x4059594e, 0x242a2a1f, 0x2a000024, 0x2d2e2a2f, 
    0x2429242c, 0x00252628, 0x33220023, 0x22232324, 0x1c090e24, 0x1516002b, 0x012b0614, 0x012b010e, 0x23061415, 0x11352622, 0x35262223, 0x013b3634, 0x3b363435, 0x17163201, 
    0x33152533, 0x1623012e, 0x15233736, 0x205a0233, 0x12201720, 0x2739668d, 0x1f271d1c, 0x17202017, 0x7b1e271f, 0x20128c67, 0x0cb9a2fe, 0x41333341, 0x0139b90c, 0x17171fdb, 
    0x7b655520, 0x1d28281d, 0x17203501, 0x1d751f17, 0x48556427, 0xfe29264f, 0x00502729, 0x07000200, 0x3002f9ff, 0x2f009402, 0x42003800, 0x090c3f40, 0x01050302, 0x02030102, 
    0x01010669, 0x08000107, 0x00690001, 0x5f040a0a, 0x40040400, 0x08010b4d, 0x4e084908, 0x00003031, 0x38303537, 0x2f003831, 0x21242e00, 0x21243326, 0x090d2324, 0x26162b1e, 
    0x2223013d, 0x36343526, 0x2335013b, 0x34352622, 0x35013b36, 0x013b3634, 0x15011e32, 0x2b010e14, 0x32331501, 0x06141516, 0x1415012b, 0x32132306, 0x26343536, 0x8415012b, 
    0x20171f26, 0x1f1f1720, 0x18202018, 0xb91d271f, 0x3535613f, 0xcd763f61, 0x181f1f18, 0xb11d27cd, 0x282f2f28, 0x1d27076d, 0x17171f2a, 0x19203f1f, 0x1dcc2019, 0x39583027, 
    0x3f305839, 0x1f17171f, 0x01271d2a, 0x24242a8b, 0x00009e2c, 0x36000100, 0xd701f5ff, 0x37009402, 0x09b5b900, 0x01020101, 0x0ab04b4c, 0x30405850, 0x04070500, 0x00720507, 
    0x00010002, 0x00800102, 0x00840101, 0x05070006, 0x09690706, 0x00040208, 0x09590400, 0x04040208, 0x01036100, 0x51000400, 0x0bb04b1b, 0x2a405850, 0x01000200, 0x80010200, 
    0x84010100, 0x01070600, 0x05060405, 0x02080969, 0x04000004, 0x02080959, 0x61000404, 0x04000103, 0x401b5100, 0x07050030, 0x72050704, 0x01000200, 0x80010200, 0x84010100, 
    0x07000600, 0x69070605, 0x04020809, 0x59040000, 0x04020809, 0x03610004, 0x00040001, 0x40595951, 0x00000011, 0x24360037, 0x22243134, 0x0a242836, 0x002b1e06, 0x06141516, 
    0x010e012b, 0x15161707, 0x22230614, 0x3526012f, 0x013b3634, 0x23373632, 0x34352622, 0x26013b36, 0x2622012b, 0x33363435, 0x15163221, 0x012b0614, 0x01331716, 0x161c1cbb, 
    0x40500b22, 0x172215b1, 0x17fc1713, 0x2a191921, 0x158f0b36, 0x8d151c1c, 0x15234e1b, 0x01151c1c, 0x1c1c163d, 0x09133f16, 0x1cf40123, 0x3d1c1415, 0x129b1151, 0x11211819, 
    0x181c14e2, 0x1c21231f, 0x3c1c1514, 0x1c16161c, 0x1b15151b, 0x0000241c, 0x2a000100, 0x14020000, 0x4000a002, 0x39403c00, 0x02050400, 0x80020405, 0x07020106, 0x02080101, 
    0x05006701, 0x00610305, 0x4d480303, 0x08080109, 0x00005f00, 0x4e004100, 0x40000000, 0x25243f00, 0x24262624, 0x090a3429, 0x16242b1e, 0x23061415, 0x35262221, 0x023e3734, 
    0x2223013d, 0x36343526, 0x012e013b, 0x013e3435, 0x17163233, 0x06141516, 0x27262223, 0x2223012e, 0x16141506, 0x16323317, 0x2b061415, 0x06141501, 0xf5013307, 0xfe171f1f, 
    0x1e201783, 0x4713282b, 0x1a21211a, 0x3816151c, 0x67473f63, 0x1a240d1e, 0x110f1816, 0x302a1c28, 0x196e1715, 0x47192121, 0x72dd191a, 0x20191920, 0x12201721, 0x19211c19, 
    0x1919200a, 0x253d2820, 0x3b315739, 0x1a121939, 0x1d151424, 0x1c28321a, 0x19202830, 0x1f082019, 0x00001337, 0x06000200, 0x4302f4ff, 0x0d009402, 0x5c002400, 0x501db04b, 
    0x061d4058, 0x00010101, 0x0000005f, 0x01044d40, 0x5f030202, 0x43030300, 0x0501074d, 0x4e054905, 0x001b401b, 0x02010403, 0x67020305, 0x01010106, 0x00005f00, 0x074d4000, 
    0x49050501, 0x40594e05, 0x000e0e16, 0x0e240e00, 0x1a1e2023, 0x00111317, 0x340b000d, 0x2b170908, 0x34352612, 0x32213336, 0x06141516, 0x26122123, 0x22231135, 0x36343526, 
    0x16322133, 0x2b061415, 0x06141101, 0x23232b23, 0x1bbd011b, 0xfe1b2424, 0x9d27c243, 0x1a24241a, 0x241ac101, 0x279d1a24, 0x231a021d, 0x23231a1a, 0xfd231a1a, 0x011d28da, 
    0x191a232c, 0x1a1a2223, 0x1dd4fe23, 0x00000028, 0x06000100, 0x4302f4ff, 0x42009402, 0x52405500, 0x03010b33, 0x0c290001, 0x28010402, 0x0303161e, 0x004c0304, 0x05010500, 
    0x00800100, 0x01050401, 0x04007e04, 0x03040503, 0x0203007e, 0x7e020305, 0x05020708, 0x005f0605, 0x4d400606, 0x49020200, 0x00004e02, 0x41004200, 0x25292734, 0x09232929, 
    0x012b1d09, 0x33363715, 0x14151632, 0x15010f06, 0x32333637, 0x06141516, 0x1415010f, 0x26222306, 0x0607013d, 0x35262223, 0x013f3634, 0x23060735, 0x34352622, 0x35013f36, 
    0x35262223, 0x21333634, 0x14151632, 0x68012306, 0x170a125f, 0x8515171f, 0x170a125f, 0x8515171f, 0x271c1d27, 0x160a125f, 0x85151720, 0x160a125f, 0x85151720, 0x24241a9d, 
    0x1bc1011a, 0x021a2423, 0x061d6b1a, 0x1d12171f, 0x1d3f2806, 0x12171f06, 0x5828061c, 0x1d28281d, 0x20061d2f, 0x061c1316, 0x051d3e28, 0x1c131620, 0x23942805, 0x23231a1a, 
    0x00231a1a, 0x24000100, 0x3402f4ff, 0x3b009f02, 0x05b17c00, 0x3b404400, 0x0706012b, 0x01094c01, 0x020a0b06, 0x05060005, 0x00010468, 0x02010103, 0x08670100, 0x48070701, 
    0x0202004d, 0x004e0249, 0x003b0000, 0x2434363a, 0x24212425, 0x21242323, 0x2b1f090c, 0x01903240, 0x03900290, 0x08900790, 0x11900990, 0x13901290, 0x18901790, 0x01a01990, 
    0x03a002a0, 0x08a007a0, 0x11a009a0, 0x13a012a0, 0x18a017a0, 0x2b1819a0, 0x05b1302a, 0x15014464, 0x15163233, 0x012b0614, 0x23061415, 0x013d2622, 0x35262223, 0x013b3634, 
    0x26222335, 0x3b363435, 0x35262701, 0x32333634, 0x3637011f, 0x15163233, 0x33010f14, 0x14151632, 0x70012306, 0x1f1f1785, 0x1d278517, 0x1786271c, 0x86171f1f, 0x1f1f1786, 
    0x128d6017, 0x17221925, 0x22179191, 0x8d132519, 0x1f1f1761, 0x3e0a0117, 0x1f171720, 0x28281d26, 0x171f261d, 0x203e2017, 0xbd1f1717, 0x24191519, 0x24d2d224, 0x1a141924, 
    0x17171fbd, 0x00000020, 0x4600ffff, 0x1d0293ff, 0x0200f802, 0x00fbdc02, 0x2700ffff, 0xfe0193ff, 0x0200f802, 0x0006dd02, 0x2b000200, 0x06025600, 0x37003b02, 0x6f004300, 
    0x28321040, 0x07041a24, 0x0c163604, 0x06010408, 0xb04b4c02, 0x40585017, 0x0006001c, 0x01060001, 0x03010569, 0x03000102, 0x07006500, 0x00610407, 0x07230404, 0x23401b4e, 
    0x04030105, 0x00590300, 0x06070004, 0x00690704, 0x00010006, 0x05690106, 0x00030301, 0x00010261, 0x59510003, 0x3f411040, 0x2a2c393b, 0x20222527, 0x08242323, 0x242b1907, 
    0x06071415, 0x012f2223, 0x27222306, 0x22230607, 0x34352627, 0x3526013f, 0x26273734, 0x36373435, 0x011f3233, 0x17323336, 0x32333637, 0x14151617, 0x1516010f, 0x24170714, 
    0x36323316, 0x23263435, 0x02150622, 0x17101106, 0x2e2e1318, 0x282c3035, 0x10161a12, 0x20241011, 0x12122422, 0x12191610, 0x342f2b2a, 0x17132f2e, 0x12101117, 0x2b1e1e29, 
    0x2229d3fe, 0x212a2a21, 0x15a42922, 0x13101316, 0x2a13162f, 0x18111014, 0x32251117, 0x25313b39, 0x12161712, 0x132b1310, 0x11132f16, 0x12191710, 0x38382f28, 0x29702c2e, 
    0x29222129, 0x0000212a, 0x3700ffff, 0xf30193ff, 0x0200f802, 0x0006df02, 0x09000100, 0x2102f4ff, 0x49009f02, 0xb04bca00, 0x40585019, 0x0401082c, 0x02030109, 0x0a690304, 
    0x010b0201, 0x01020c01, 0x06010769, 0x00610506, 0x4d210505, 0x0c020d0e, 0x0061000c, 0x00220000, 0xb04b1b4e, 0x4058501b, 0x07060033, 0x04060704, 0x04010880, 0x02030109, 
    0x0a690304, 0x010b0201, 0x01020c01, 0x07070069, 0x05006105, 0x0e4d2105, 0x0c0c020d, 0x00006100, 0x4e002200, 0x003a401b, 0x07040706, 0x0e800406, 0x0c010d01, 0x800c0d01, 
    0x09040108, 0x04020301, 0x010a6903, 0x01010b02, 0x6901020d, 0x05070700, 0x05050061, 0x0c004d21, 0x0061000c, 0x00220000, 0x4059594e, 0x0000001a, 0x46480049, 0x3c404244, 
    0x2234363a, 0x24221523, 0x25222424, 0x2b1f070f, 0x14151624, 0x22230607, 0x22232726, 0x36343526, 0x3526013b, 0x22233734, 0x36343526, 0x013e013b, 0x16173233, 0x23061415, 
    0x23262722, 0x33070622, 0x14151632, 0x06012b06, 0x33171415, 0x14151632, 0x1e012b06, 0x37323301, 0x00023336, 0x48242221, 0x2f219d6c, 0x151c1c15, 0x1c01011d, 0x151c1c15, 
    0x6d9e202d, 0x21222646, 0x1a160719, 0x17503618, 0x1c1c15bf, 0x0101d915, 0x1c1c15ad, 0x50179115, 0x16201234, 0x19237a07, 0x73131027, 0x15151b63, 0x13160a1b, 0x15151b09, 
    0x1274651b, 0x23192612, 0x2d300604, 0x1b15151b, 0x0a161309, 0x1b15151b, 0x04052e2b, 0xfdff0100, 0x0a027bff, 0x2a00a002, 0x2d403000, 0x05010106, 0x01040201, 0x04006902, 
    0x03040300, 0x00000065, 0x01086107, 0x00210707, 0x0000004e, 0x2429002a, 0x24223323, 0x07093422, 0x16002b1d, 0x2b061415, 0x010f2201, 0x15163233, 0x012b0614, 0x22230607, 
    0x33363435, 0x3f363217, 0x26222301, 0x3b363435, 0x013e3701, 0x32d80133, 0x511a181e, 0x1a400809, 0x4f1a2222, 0x67b1171d, 0x241e1820, 0x2e1c052b, 0x1a222319, 0x660a0a3c, 
    0x20a00258, 0x4d201920, 0x18192144, 0x3eb9ef21, 0x28012219, 0x1821e325, 0x5b502119, 0x0000005f, 0x0b00ffff, 0x2502f4ff, 0x0200a002, 0x000ae202, 0x27000100, 0x17020000, 
    0x4c00a002, 0xb04b8900, 0x4058500d, 0x07060031, 0x72060704, 0x09040108, 0x04020301, 0x010a6903, 0x01010b02, 0x6901020c, 0x05070700, 0x05050061, 0x010d4d21, 0x5f000c0c, 
    0x1b000000, 0x401b4e00, 0x07060032, 0x04060704, 0x04010880, 0x02030109, 0x0a690304, 0x010b0201, 0x01020c01, 0x07070069, 0x05006105, 0x0d4d2105, 0x000c0c01, 0x0000005f, 
    0x594e001b, 0x00001840, 0x4b004c00, 0x41434749, 0x24243d3f, 0x22242525, 0x0e342624, 0x242b1f07, 0x06141516, 0x26222123, 0x36373435, 0x26222337, 0x3b363435, 0x23272601, 
    0x34352622, 0x26013b36, 0x013e3435, 0x16173233, 0x23061415, 0x2e272622, 0x06222301, 0x33171415, 0x14151632, 0x16012b06, 0x16323317, 0x2b061415, 0x33070601, 0x1f1ff801, 
    0x177efe17, 0x12441f21, 0x1a1b1344, 0x13064e14, 0x1a1a1435, 0x390b0914, 0x3e8e4064, 0x161a240e, 0x2a100f18, 0x0934291c, 0x1b1b148f, 0x07106014, 0x1b1b1449, 0x1d0d4f14, 
    0x192072e3, 0x17212019, 0x1628131f, 0x1a13131b, 0x131a201b, 0x251f1a13, 0x74325939, 0x25191318, 0x1b1c1514, 0x15182b33, 0x1a13131a, 0x131a1e1d, 0x171f1a14, 0x0e000100, 
    0x1802f5ff, 0x4300a002, 0x56405900, 0x031d252e, 0x132f0405, 0x12050202, 0x43020701, 0x01030938, 0x004c0407, 0x03050304, 0x00800504, 0x05030205, 0x02007e02, 0x07020307, 
    0x0107007e, 0x7e010703, 0x03060100, 0x007e0601, 0x4d210303, 0x00060600, 0x00000062, 0x254e0022, 0x29252816, 0x08242528, 0x242b1e07, 0x010e1415, 0x3d262223, 0x23060701, 
    0x34352622, 0x0735013f, 0x26222306, 0x3f363435, 0x36343501, 0x1d163233, 0x33363701, 0x14151632, 0x3715010f, 0x16323336, 0x010f1415, 0x35013e15, 0x33363427, 0x02171632, 
    0x709c5018, 0x0f142920, 0x241e160e, 0x0e0f1441, 0x11131e16, 0x1d1d2641, 0x0e0f6a27, 0x97241f15, 0x150e0f6a, 0x5497241f, 0x18210156, 0xf8022019, 0x3c6f4a0e, 0x09911f27, 
    0x22161e07, 0x093b1e11, 0x10161e07, 0x6b1e081a, 0x1d28281d, 0x1f07312d, 0x45122115, 0x1f07303b, 0x45122115, 0x38430498, 0x221f1614, 0x0000001b, 0x00000300, 0x3302f4ff, 
    0x23009402, 0x2f002900, 0xb04bac00, 0x40585019, 0x0a010c28, 0x0a020100, 0x07006901, 0x005f0507, 0x4d1a0505, 0x00020309, 0x08610400, 0x0403060b, 0x004d1c04, 0x02220202, 
    0xb04b1b4e, 0x40585021, 0x060b0826, 0x03090403, 0x040a0002, 0x010c6900, 0x0201000a, 0x0069010a, 0x5f050707, 0x1a050500, 0x0202004d, 0x1b4e0222, 0x08002c40, 0x08000900, 
    0x060b6709, 0x01030402, 0x00040a00, 0x0a010c69, 0x0a020100, 0x07006901, 0x005f0507, 0x4d1a0505, 0x22020200, 0x59594e02, 0x2a2a1b40, 0x2f2a0000, 0x2c2d2e2a, 0x25272829, 
    0x22002300, 0x23232433, 0x070d2422, 0x16002b1c, 0x2b061415, 0x2b010e01, 0x06141501, 0x35262223, 0x26222311, 0x3b363435, 0x36343501, 0x1632013b, 0x012e3317, 0x3315012b, 
    0x23373606, 0x13023315, 0x12192120, 0x21628a12, 0x241c1c24, 0x2222190d, 0x1e270d19, 0x128a625c, 0x3142a015, 0x414ca021, 0x0121a10c, 0x17171fdb, 0x7b665420, 0x1d28281d, 
    0x17203501, 0x1d751f17, 0x1f546527, 0x29af502a, 0x00005027, 0x16000200, 0x1302f4ff, 0x2f009402, 0x42003800, 0x090c3f40, 0x01050302, 0x02030102, 0x01010669, 0x08000107, 
    0x00690001, 0x5f040a0a, 0x1a040400, 0x08010b4d, 0x4e082208, 0x00003031, 0x38303537, 0x2f003831, 0x21242e00, 0x21243326, 0x070d2324, 0x26162b1e, 0x2223013d, 0x36343526, 
    0x2335013b, 0x34352622, 0x35013b36, 0x013b3634, 0x15011e32, 0x2b010e14, 0x32331501, 0x06141516, 0x1415012b, 0x32132306, 0x26343536, 0x9015012b, 0x22191b24, 0x1b1b1922, 
    0x1922211a, 0x901c251b, 0x36356140, 0xab503f61, 0x19212119, 0x8f1c25ab, 0x272f2f27, 0x1c260c4e, 0x17171f31, 0x19203f1f, 0x1cce2118, 0x39583026, 0x3f305839, 0x1f17171f, 
    0x01261c31, 0x24242a90, 0x00009e2c, 0x47000100, 0xff01f4ff, 0x38009402, 0x3d404000, 0x02010109, 0x02004c01, 0x02000100, 0x01078001, 0x5f060505, 0x1a060600, 0x0001034d, 
    0x09610400, 0x04040208, 0x01004d1c, 0x4e012201, 0x38000000, 0x34243700, 0x36222432, 0x070a2428, 0x16002b1e, 0x2b061415, 0x07010e01, 0x14151617, 0x27222306, 0x34352625, 
    0x32013b36, 0x22233736, 0x36343526, 0x012e013b, 0x2622012b, 0x33363435, 0x15163221, 0x012b0614, 0x01331716, 0x161d1de2, 0x42560c21, 0x1a231bb3, 0xfafe1519, 0x2419221d, 
    0x970b3828, 0x161d1d16, 0x28380e94, 0x1d1d1625, 0x16510116, 0x40161d1d, 0x01220717, 0x15151bf3, 0x11533b1b, 0x191d1591, 0x19dc1224, 0x2420181c, 0x15151b20, 0x1d201d1b, 
    0x1b1d1515, 0x1f1b1515, 0x00000022, 0x26000100, 0x16020000, 0x4000a002, 0xb04b6e00, 0x4058500d, 0x05040027, 0x72040502, 0x07020106, 0x02080101, 0x05006901, 0x00610305, 
    0x4d210303, 0x08080109, 0x00005f00, 0x4e001b00, 0x0028401b, 0x05020504, 0x06800204, 0x01070201, 0x01020801, 0x05050069, 0x03006103, 0x094d2103, 0x00080801, 0x0000005f, 
    0x594e001b, 0x00001140, 0x3f004000, 0x25242624, 0x34292426, 0x2b1e070a, 0x14151624, 0x22212306, 0x37343526, 0x013d023e, 0x35262223, 0x013b3634, 0x3435012e, 0x3233013e, 
    0x14151617, 0x26222306, 0x23012e27, 0x14150622, 0x3317011e, 0x14151632, 0x15012b06, 0x33070614, 0x1e1ff701, 0x177efe18, 0x29301f21, 0x231a440d, 0x15181a23, 0x40643915, 
    0x240e3e8e, 0x0f18161a, 0x2b1c2a10, 0x03161232, 0x24241a71, 0x191b491a, 0x192072e3, 0x17212019, 0x1f1d131f, 0x200b171c, 0x26211819, 0x5939253b, 0x13187432, 0x15142519, 
    0x29351b1c, 0x06262b18, 0x20191821, 0x14361f09, 0x1a000200, 0x1602f4ff, 0x0d009402, 0x5c002400, 0x501db04b, 0x061d4058, 0x00010101, 0x0000005f, 0x01044d1a, 0x5f050202, 
    0x05050107, 0x03004d1c, 0x4e032203, 0x071b401b, 0x01040501, 0x02050302, 0x01010667, 0x005f0001, 0x4d1a0000, 0x22030300, 0x40594e03, 0x000e0e16, 0x0e240e00, 0x191c1e22, 
    0x00121417, 0x340b000d, 0x2b170708, 0x34352612, 0x32213336, 0x06141516, 0x16042123, 0x2b061415, 0x06141101, 0x35262223, 0x26222311, 0x33363435, 0x24243e21, 0x1a80011a, 
    0xfe1a2424, 0x249a0180, 0x277c1a24, 0x7d261d1d, 0x1a24241a, 0x1a028001, 0x231a1a23, 0x231a1a23, 0x1a1a223c, 0x1dd4fe23, 0x011d2828, 0x191a232c, 0x00000023, 0x0a000100, 
    0x2602f4ff, 0x42009402, 0x52405500, 0x03010b33, 0x0c290001, 0x28010402, 0x0303161e, 0x004c0304, 0x05010500, 0x00800100, 0x01050401, 0x04007e04, 0x03040503, 0x0203007e, 
    0x7e020305, 0x05020708, 0x005f0605, 0x4d1a0606, 0x22020200, 0x00004e02, 0x41004200, 0x25292734, 0x09232929, 0x012b1d07, 0x33363715, 0x14151632, 0x15010f06, 0x32333637, 
    0x06141516, 0x1415010f, 0x26222306, 0x0607013d, 0x35262223, 0x013f3634, 0x23060735, 0x34352622, 0x35013f36, 0x35262223, 0x21333634, 0x14151632, 0x5c012306, 0x190d144e, 
    0x7e14151f, 0x190d144e, 0x7e14151f, 0x261d1d27, 0x1a11104f, 0x7f14151e, 0x1a11104f, 0x7f14151e, 0x23231b8d, 0x1ba0011b, 0x021b2323, 0x0619691a, 0x1c111720, 0x193c2806, 
    0x11172006, 0x5628071b, 0x1d28281d, 0x2005192a, 0x071b1117, 0x05193b28, 0x1c111720, 0x23942806, 0x23231a1a, 0x00231a1a, 0x1b000100, 0x1402f9ff, 0x3d009f02, 0x3b403e00, 
    0x0706012c, 0x01094c01, 0x020a0b06, 0x05060005, 0x00010468, 0x02010103, 0x08670100, 0x21070701, 0x0202004d, 0x004e0222, 0x003d0000, 0x2636383c, 0x24212425, 0x21242323, 
    0x2b1f070c, 0x32331501, 0x06141516, 0x1415012b, 0x26222306, 0x2223013d, 0x36343526, 0x2335013b, 0x34352622, 0x27013b36, 0x36343526, 0x1f163233, 0x013e3701, 0x15163233, 
    0x33010f14, 0x14151632, 0x5c012306, 0x20201777, 0x1d267717, 0x1876271d, 0x76181f1f, 0x1f1f1876, 0x13865518, 0x1d121925, 0x0a85860a, 0x2519121d, 0x17598713, 0x01172020, 
    0x171f3f0a, 0x1d221f17, 0x221d2727, 0x1f17171f, 0x17171f3f, 0x141abe1f, 0x12122419, 0x1212d0d0, 0x1a141924, 0x17171fbe, 0x0000001f, 0x2f00ffff, 0xe900e300, 0x02009d01, 
    0x00009e02, 0x2200ffff, 0x8901daff, 0x0701d500, 0x0000fe02, 0x09001bfe, 0xb80200b1, 0x35b01bfe, 0x0000002b, 0x22000200, 0x8901bf01, 0x0d00ba02, 0x2f001b00, 0x00002c40, 
    0x02010104, 0x00670100, 0x02030302, 0x02020057, 0x01055f03, 0x4f030203, 0x00000e0e, 0x190e1b0e, 0x0d001215, 0x06340b00, 0x122b170b, 0x36343526, 0x16322133, 0x23061415, 
    0x35260621, 0x21333634, 0x14151632, 0x3c212306, 0x01131a1a, 0x1a1a130d, 0x13f3fe13, 0x01131a1a, 0x1a1a130d, 0x02f3fe13, 0x13121963, 0x12131919, 0x131aa419, 0x13181912, 
    0x00001a13, 0x1b00ffff, 0x90012900, 0x07018600, 0x00000003, 0x09001bfe, 0xb80100b1, 0x35b01bfe, 0x0000002b, 0x1b000100, 0x90010e02, 0x0d006b02, 0x1b401e00, 0x01010000, 
    0x00005700, 0x025f0100, 0x01000101, 0x0000004f, 0x340b000d, 0x2b170b03, 0x34352612, 0x32213336, 0x06141516, 0x16312123, 0x20011416, 0x14171714, 0x0e02e0fe, 0x1c13131b, 
    0x1b13131c, 0x21000100, 0x0e024d00, 0x1f003102, 0x29402c00, 0x05010200, 0x01035902, 0x00010401, 0x67000105, 0x05020200, 0x05010661, 0x00510502, 0x001f0000, 0x2323241e, 
    0x09072324, 0x26362b1b, 0x2223013d, 0x36343526, 0x3435013b, 0x16323336, 0x3233011d, 0x06141516, 0x1415012b, 0x24fd2306, 0x21211c7b, 0x1c247b1c, 0x1c78241c, 0x781c2121, 
    0x254d1c24, 0x1924731d, 0x1c74231a, 0x741c2525, 0x24191a23, 0x00251d73, 0x26000100, 0x09020301, 0x0d007d01, 0x1c401f00, 0x00010102, 0x02570100, 0x00010101, 0x0100005f, 
    0x00004f00, 0x0b000d00, 0x17070334, 0x1516002b, 0x21230614, 0x34352622, 0x01213336, 0x1c2020e9, 0x201c95fe, 0x6b011c20, 0x19247d01, 0x18252419, 0x00002419, 0x43000100, 
    0xed016f00, 0x23001702, 0x29402c00, 0x050e1720, 0x01000204, 0x0001014c, 0x59000202, 0x00000101, 0x03046102, 0x02000202, 0x00000051, 0x2a220023, 0x09052a24, 0x26362b19, 
    0x013f3435, 0x34352627, 0x1f323336, 0x33363701, 0x14151632, 0x1617010f, 0x23061415, 0x07012f22, 0x23662306, 0x13717113, 0x12171723, 0x17127272, 0x71132317, 0x17231371, 
    0x72721415, 0x236f1514, 0x71131617, 0x17181172, 0x72721222, 0x18172212, 0x13717211, 0x12231716, 0x00127272, 0x24000300, 0x0b023700, 0x0b004802, 0x25001900, 0x3e404100, 
    0x00010106, 0x00010300, 0x03010769, 0x03050200, 0x01086702, 0x05040405, 0x05010859, 0x00610405, 0x51040504, 0x0c0c1a1a, 0x251a0000, 0x1e20241a, 0x170c190c, 0x0b001013, 
    0x09240a00, 0x002b1709, 0x06141516, 0x35262223, 0x1e333634, 0x06141501, 0x26222123, 0x33363435, 0x15160621, 0x22230614, 0x36343526, 0x30380133, 0x30222130, 0x21d32230, 
    0x8dfe1921, 0x19212119, 0x30997301, 0x30222130, 0x48022230, 0x2d21202c, 0x2c20212d, 0x181921ce, 0x19182121, 0x212ca921, 0x202d2d20, 0x00002c21, 0x2e000200, 0x01029c00, 
    0x0d00e501, 0x4f001b00, 0x5031b04b, 0x05144058, 0x02000301, 0x00630203, 0x5f010000, 0x01010104, 0x1b4e0043, 0x01041b40, 0x03000001, 0x05670001, 0x02020301, 0x01055703, 
    0x5f020303, 0x02030200, 0x1240594f, 0x00000e0e, 0x190e1b0e, 0x0d001215, 0x06340b00, 0x002b1709, 0x06141516, 0x26222123, 0x33363435, 0x15011e21, 0x21230614, 0x34352622, 
    0x01213336, 0x192121e0, 0x2119a1fe, 0x5f011921, 0x19212119, 0x2119a1fe, 0x5f011921, 0x1920e501, 0x19202019, 0x21d72019, 0x20201918, 0x00211819, 0x2e000100, 0x01022d00, 
    0x35005302, 0xb04b7400, 0x4058500c, 0x0506002b, 0x00700605, 0x01000001, 0x05010771, 0x03040108, 0x0a680405, 0x00030209, 0x0a570300, 0x03030209, 0x01026100, 0x51000300, 
    0x0029401b, 0x85060506, 0x01000100, 0x05010786, 0x03040108, 0x0a680405, 0x00030209, 0x0a570300, 0x03030209, 0x01026100, 0x51000300, 0x00124059, 0x00350000, 0x23252434, 
    0x25242124, 0x060b2423, 0x16002b1f, 0x2b061415, 0x010e0701, 0x35262223, 0x23013f34, 0x34352622, 0x37013b36, 0x35262223, 0x013b3634, 0x33013e37, 0x14151632, 0x3233010f, 
    0x06141516, 0x3307012b, 0x2121e001, 0x0734d519, 0x1f150d18, 0x19111407, 0x57192121, 0x2119943d, 0x34da1921, 0x160d1707, 0x0d15061e, 0x19212119, 0x018f3d52, 0x1918210e, 
    0x0e0b5620, 0x0d0d151f, 0x18192021, 0x19206521, 0x0b552019, 0x0c151f0e, 0x1920220c, 0x00652019, 0x32000100, 0x0b026e00, 0x19001602, 0x1b401e00, 0x0100010e, 0x01004c01, 
    0x59010000, 0x00010100, 0x01000061, 0x261c5100, 0x2b180902, 0x06141500, 0x23060507, 0x34352622, 0x27013f36, 0x3435012e, 0x16323336, 0x0b020517, 0xabfe1815, 0x21180c12, 
    0xe7e71413, 0x18211314, 0x010b1008, 0x24660150, 0x940a1c13, 0x12172107, 0x66670a19, 0x1713190a, 0x92050521, 0x25000100, 0xfe016e00, 0x19001602, 0x1b401e00, 0x01000118, 
    0x01004c01, 0x59010000, 0x00010100, 0x01000061, 0x242a5100, 0x2b180902, 0x14151624, 0x27222306, 0x35012e25, 0x3e253734, 0x16323301, 0x0f061415, 0xeb011701, 0x0c182113, 
    0x18abfe12, 0x50012d15, 0x1808100b, 0xe7141321, 0x1219d1e7, 0x94072117, 0x24131c0a, 0x05059214, 0x19131721, 0x0067660a, 0x32000200, 0x0c020000, 0x17003f02, 0x31002500, 
    0x01032e40, 0x4c010001, 0x00010000, 0x03010085, 0x01048501, 0x03020203, 0x03010457, 0x005f0203, 0x4f020302, 0x25181818, 0x2a372318, 0x19060518, 0x3f013e2b, 0x35262701, 
    0x32333634, 0x16051716, 0x05071415, 0x26222306, 0x15160435, 0x21230614, 0x34352622, 0x32213336, 0xe6e61413, 0x08172227, 0x4f010c10, 0xabfe2e2e, 0x22170c12, 0x1f1fb401, 
    0x179bfe18, 0x01172020, 0x0a19e165, 0x24116767, 0x05052117, 0x24231592, 0x21079514, 0x171f6317, 0x171f1f17, 0x00001f17, 0x24000200, 0xfe010000, 0x17003f02, 0x31002500, 
    0x01162e40, 0x4c010100, 0x01000100, 0x03000085, 0x01048500, 0x03020203, 0x03010457, 0x005f0203, 0x4f020302, 0x25181818, 0x293b2318, 0x19060524, 0x1516242b, 0x22230614, 
    0x35262527, 0x3e253734, 0x16323301, 0x010f1415, 0x15011e17, 0x21230614, 0x34352622, 0x01213336, 0x172213eb, 0xabfe120c, 0x4f012e2e, 0x1708100c, 0xe6e62722, 0x17202007, 
    0x1f189bfe, 0x6501181f, 0x171219fa, 0x14950721, 0x92152324, 0x17210505, 0x67671124, 0x17171f98, 0x17171f1f, 0x0000001f, 0x2e000200, 0x01020000, 0x1f004202, 0x38002d00, 
    0x01033540, 0x00010401, 0x67000105, 0x01080200, 0x05020605, 0x06060069, 0x01095f07, 0x07410707, 0x0020204e, 0x202d2000, 0x0024272b, 0x241e001f, 0x23242323, 0x2b1b090a, 
    0x013d2636, 0x35262223, 0x013b3634, 0x33363435, 0x011d1632, 0x15163233, 0x012b0614, 0x23061415, 0x34352606, 0x32213336, 0x06141516, 0x1ffd2123, 0x1f1f1878, 0x1b1f7818, 
    0x18781f1b, 0x78181f1f, 0x20ca1b1f, 0x65011720, 0x181f1f18, 0x249a9bfe, 0x1720601d, 0x1d591f17, 0x591d2424, 0x2017171f, 0x9a241d60, 0x1f17171f, 0x1f17171f, 0x2200ffff, 
    0x0e027100, 0x26001302, 0x72000d03, 0x0d030601, 0x11008d00, 0xb00100b1, 0x2b35b072, 0xb80101b1, 0x35b08dff, 0x0000002b, 0x22000100, 0x0e02e400, 0x2100a101, 0x06b1be00, 
    0xb04b4464, 0x4058502d, 0x0003001b, 0x04590301, 0x00000201, 0x69000201, 0x01030300, 0x02050662, 0x52010301, 0x2eb04b1b, 0x29405850, 0x03020400, 0x80030402, 0x05000100, 
    0x80050100, 0x05000300, 0x02005903, 0x02010000, 0x03006900, 0x06620503, 0x05030501, 0xb04b1b52, 0x4058502f, 0x0003001b, 0x04590301, 0x00000201, 0x69000201, 0x01030300, 
    0x02050662, 0x52010301, 0x0029401b, 0x02030204, 0x00800304, 0x00050001, 0x00800501, 0x03050003, 0x00020059, 0x00020100, 0x03030069, 0x01066205, 0x52050305, 0x40595959, 
    0x0000000e, 0x23200021, 0x24232424, 0x2b1b0907, 0x440006b1, 0x2e272624, 0x06222301, 0x22230607, 0x36343526, 0x17163233, 0x3233011e, 0x33363736, 0x14151632, 0x6a012306, 
    0x26142a3e, 0x0915140c, 0x21191f0f, 0x3c22374b, 0x0c1f1b2c, 0x0f091514, 0x4b21191f, 0x1315e437, 0x110d0e09, 0x3519221c, 0x0c141448, 0x1d110d0c, 0x48341a22, 0x23000100, 
    0xe4016000, 0x12007a01, 0x21402400, 0x00020103, 0x01008602, 0x57010000, 0x00010100, 0x0100005f, 0x00004f00, 0x11001200, 0x09042334, 0x26242b18, 0x2221013d, 0x36343526, 
    0x16322133, 0x0614011d, 0x248a0123, 0x2219f8fe, 0x48011922, 0x1c23231b, 0x671c2460, 0x21191821, 0x1c9b1b24, 0x00000024, 0x43000100, 0xd3010e01, 0x15009f02, 0x06b12700, 
    0x1c404464, 0x00010112, 0x00004c01, 0x03850001, 0x01010202, 0x00000076, 0x26140015, 0x18090426, 0x0006b12b, 0x35261244, 0x36133734, 0x13173233, 0x06141516, 0x012f2223, 
    0x69230607, 0x13840b26, 0x84122826, 0x261b250a, 0x10515111, 0x250e0127, 0x01150d1b, 0xfe25250a, 0x1b0f13f6, 0xa3a32125, 0x00000021, 0x12000300, 0x5b037900, 0x1b000602, 
    0x33002700, 0x4d405000, 0x02040118, 0x05021e30, 0x00010a04, 0x084c0305, 0x06020203, 0x02050401, 0x070a6904, 0x00050309, 0x0a590500, 0x05030907, 0x01610005, 0x00050001, 
    0x1c282851, 0x2800001c, 0x2e322833, 0x1c271c2c, 0x00202226, 0x261a001b, 0x060b2624, 0x1e002b19, 0x0e141501, 0x26222301, 0x23010e27, 0x35012e22, 0x33013e34, 0x3e171632, 
    0x36003301, 0x23012e37, 0x14150622, 0x36203316, 0x23263435, 0x1e070622, 0xc6023301, 0x5e35365f, 0x2f65433b, 0x3a43652f, 0x5e35355e, 0x2f64433b, 0xfe42642f, 0x22213d87, 
    0x3029243c, 0xb8012931, 0x24293131, 0x3d22213c, 0x33060223, 0x5b38395b, 0x36363e33, 0x385b333e, 0x3c335b39, 0xfe3c3535, 0x26272aea, 0x25242a28, 0x24252c2c, 0x2726282a, 
    0x0000002a, 0xfbff0100, 0x6d017dff, 0x27001603, 0x25402800, 0x02000100, 0x69020100, 0x03030000, 0x00005900, 0x04610300, 0x03000301, 0x00000051, 0x35260027, 0x0605352b, 
    0x27162b19, 0x36343526, 0x3632013b, 0x27263435, 0x3435022e, 0x17323736, 0x06141516, 0x15222307, 0x1e171614, 0x06141501, 0x1e183123, 0x2b081820, 0x03100f2a, 0x5d690b16, 
    0x1d1b152a, 0x13590818, 0x6613120b, 0x0e0c8364, 0x30211924, 0x5c6c1f33, 0x1d618811, 0x0c01615e, 0x21192210, 0x7f1e6201, 0x2b896a43, 0x00005b65, 0x2500ffff, 0xef020000, 
    0x0200a002, 0x0000ea01, 0x2100ffff, 0x80020000, 0x0200a002, 0x0000d601, 0x4c000100, 0x71027bff, 0x17009402, 0x23402600, 0x01020304, 0x00860102, 0x00020200, 0x00000057, 
    0x02005f02, 0x004f0200, 0x00170000, 0x35251316, 0x2b190605, 0x11352616, 0x21333634, 0x11151632, 0x22230614, 0x21113526, 0x23061411, 0x1d272672, 0x271d9d01, 0x271d1d26, 
    0x1d27e9fe, 0x021d2785, 0x27271d91, 0x1d6ffd1d, 0x021d2727, 0x1da5fd5b, 0x00000027, 0x23000100, 0x190287ff, 0x23009402, 0x2c402f00, 0x0203010c, 0x01004c01, 0x01030200, 
    0x01046702, 0x03000003, 0x03010457, 0x005f0003, 0x4f000300, 0x23000000, 0x3a242200, 0x19060534, 0x1516242b, 0x21230614, 0x34352622, 0x26031337, 0x33363435, 0x15163221, 
    0x27230614, 0x15011e17, 0x010f0614, 0x24f50133, 0x87fe1a24, 0xc710251a, 0x1a2511c6, 0x241a6d01, 0x99e61a24, 0x0c09090c, 0x2301f49b, 0x25231a1a, 0x0117151a, 0x18100126, 
    0x23251a15, 0x01231a1a, 0x0c1411d1, 0xe612150b, 0x09000100, 0xd2027bff, 0x1c00fa02, 0x2d403000, 0x02010118, 0x01044c01, 0x85030203, 0x00010000, 0x01020086, 0x00570201, 
    0x5f010202, 0x01020100, 0x0000004f, 0x341b001c, 0x06052723, 0x16002b19, 0x01071415, 0x2223010e, 0x23013d26, 0x34352622, 0x32013b36, 0x01011d16, 0x0233013e, 0xfe0828aa, 
    0x13200969, 0x2061271c, 0x891f2b2a, 0x3201281d, 0x02121f0a, 0x101c28fa, 0x1107fd0e, 0xd01b2813, 0x291e1f28, 0x02291d28, 0x00131029, 0x2f000200, 0x3d02f4ff, 0x2000a002, 
    0x4d002b00, 0x01114a40, 0x01230105, 0x4c020506, 0x01020300, 0x80010302, 0x00040107, 0x02040302, 0x00010069, 0x05010605, 0x06010869, 0x59060000, 0x06060108, 0x00006100, 
    0x21510006, 0x21000021, 0x262a212b, 0x00200024, 0x2623221f, 0x1a060926, 0x011e002b, 0x010e1415, 0x012e2223, 0x013e3435, 0x2e173233, 0x07222301, 0x26222306, 0x3e373435, 
    0x36123301, 0x22232637, 0x16141506, 0x748b0133, 0x578b4e3e, 0x3e386541, 0x49414b70, 0x373c3d03, 0x1a171726, 0x621e1423, 0x0e4e133a, 0x3f383547, 0xa0022b34, 0x6c5f8c4a, 
    0x5d3360ab, 0x3662403c, 0x254f5415, 0x16192314, 0xfd272317, 0x114f59ca, 0x32292c32, 0x4300ffff, 0x630240ff, 0x0200fa01, 0x00000002, 0x2a000500, 0x1603f4ff, 0x0f00a002, 
    0x2d002100, 0x49003d00, 0x05b17f00, 0x56404400, 0x0a05010c, 0x05060101, 0x06006901, 0x06090800, 0x04006a08, 0x02610004, 0x48000001, 0x09010e4d, 0x0d610309, 0x03030b07, 
    0x4e034903, 0x2e2e3e3e, 0x10102222, 0x493e0000, 0x4244483e, 0x3c2e3d2e, 0x2d223436, 0x26282c22, 0x20102110, 0x0f001719, 0x0f260e00, 0x402b1709, 0x7000701a, 0x700f700e, 
    0x702c7022, 0x8000802d, 0x800f800e, 0x802c8022, 0x2a2b0c2d, 0x6405b130, 0x012e1244, 0x013e3435, 0x011e3233, 0x010e1415, 0x35261223, 0x3e013734, 0x16323301, 0x01071415, 
    0x0223010e, 0x26343536, 0x15062223, 0x00331614, 0x3435012e, 0x3233013e, 0x1415011e, 0x3e23010e, 0x26343501, 0x15062223, 0xa5331614, 0x4e2d2d4e, 0x2d4e2f2f, 0x0e2f4e2d, 
    0x5201071c, 0x140d1607, 0xaefe071c, 0x040d1706, 0x1d1c2625, 0x011e2526, 0x2d2d4e67, 0x4e2f2f4e, 0x2f4e2e2e, 0x1c25251d, 0x1e25251e, 0x4b2c5701, 0x2c4b2d2e, 0x2e2d4b2c, 
    0x9dfe2c4b, 0x0b10141c, 0x0e0b4802, 0x0b10141c, 0x0e0bb8fd, 0x1f29c001, 0x1f28291e, 0x41fe2820, 0x2d2d4c2c, 0x4b2c2c4b, 0x2c4c2d2d, 0x1f1f285e, 0x20202728, 0x00000027, 
    0x2a000700, 0x9304f4ff, 0x0f00a002, 0x2d002100, 0x4d003d00, 0x65005900, 0x6c406f00, 0x0e050110, 0x05060101, 0x01086901, 0x0a010c06, 0x6a0a060b, 0x00040400, 0x00010261, 
    0x144d4800, 0x0b03130d, 0x1261030b, 0x0f071109, 0x49030305, 0x5a5a4e03, 0x3e3e4e4e, 0x22222e2e, 0x00001010, 0x645a655a, 0x594e5e60, 0x5254584e, 0x4c3e4d3e, 0x3d2e4446, 
    0x34363c2e, 0x2c222d22, 0x21102628, 0x17192010, 0x0e000f00, 0x17091526, 0x012e122b, 0x013e3435, 0x011e3233, 0x010e1415, 0x35261223, 0x3e013734, 0x16323301, 0x01071415, 
    0x0223010e, 0x26343536, 0x15062223, 0x00331614, 0x3435012e, 0x3233013e, 0x1415011e, 0x0423010e, 0x3435012e, 0x3233013e, 0x1415011e, 0x2423010e, 0x26343536, 0x15062223, 
    0x04331614, 0x26343536, 0x15062223, 0xa5331614, 0x4e2d2d4e, 0x2d4e2f2f, 0x0e2f4e2d, 0x5201071c, 0x140d1607, 0xaefe071c, 0x040d1706, 0x1d1c2625, 0x021e2526, 0x2d2d4ee4, 
    0x4f2f2f4e, 0x2f4f2d2d, 0x2d4e54fe, 0x2f2f4e2d, 0x4e2e2e4e, 0x259b012f, 0x261d1d25, 0x9ffe1e25, 0x1e1c2525, 0x011e2525, 0x2e4b2c57, 0x2c2c4b2d, 0x4b2e2d4b, 0x1c9dfe2c, 
    0x020b1014, 0x1c0e0b48, 0xfd0b1014, 0x010e0bb8, 0x1e1f29c0, 0x201f2829, 0x2c42fe28, 0x4b2d2d4c, 0x2d4b2c2c, 0x012c4c2d, 0x2d2d4c2c, 0x4b2c2c4b, 0x2c4c2d2d, 0x1f1f285f, 
    0x201f2828, 0x1f280127, 0x2027281f, 0x00002720, 0x1b00ffff, 0x90019dff, 0x07011101, 0x00001c03, 0x09001bfe, 0xb80100b1, 0x35b01bfe, 0x0000002b, 0x1b000100, 0x90018201, 
    0x1f00f602, 0xb04b4e00, 0x40585017, 0x00010416, 0x02010103, 0x06670100, 0x60050501, 0x0202004d, 0x1b4e0261, 0x01061c40, 0x05020005, 0x00010459, 0x02010103, 0x06670100, 
    0x02050501, 0x05020061, 0x40595102, 0x0000000e, 0x241e001f, 0x23242323, 0x2b1b0b07, 0x011d1612, 0x15163233, 0x012b0614, 0x23061415, 0x013d2622, 0x35262223, 0x013b3634, 
    0x33363435, 0x165b1beb, 0x5b161919, 0x1c15151b, 0x1a1a155b, 0x161b5b15, 0x161cf602, 0x13141b59, 0x1c16581d, 0x1d58161c, 0x591c1313, 0x00001c16, 0x38000100, 0x52022800, 
    0x1d005a02, 0x1d402000, 0x0002070f, 0x004c0103, 0x85030003, 0x01000102, 0x01008500, 0x25267601, 0x06042325, 0x15002b1a, 0x22230614, 0x1411012f, 0x26222306, 0x06071135, 
    0x35262223, 0x36013f34, 0x011f3233, 0x16215202, 0x236e1318, 0x6e231a1a, 0x21161813, 0x1b16c814, 0x01c8161b, 0x21161863, 0xcffe7113, 0x1b24241b, 0x13713101, 0x14181621, 
    0xcc1717cc, 0x52000100, 0x20024400, 0x1b001202, 0x30403300, 0x0200010a, 0x00004c01, 0x00020102, 0x01008001, 0x01048401, 0x03020203, 0x03010457, 0x005f0203, 0x4f020302, 
    0x1b000000, 0x25251900, 0x19060525, 0x1516002b, 0x23061411, 0x013d2622, 0x22230607, 0x3f343526, 0x26222301, 0x33363435, 0x25fb0121, 0x2018191f, 0x191715f4, 0xb7f91525, 
    0x1a20201a, 0x12023201, 0xcefe2025, 0x1922201a, 0x2515fab7, 0xf4131a18, 0x1f19191f, 0x25000100, 0x5e022f00, 0x1d005202, 0x21402400, 0x03020300, 0x01000085, 0x02008600, 
    0x57020101, 0x01020200, 0x02010060, 0x24255001, 0x07042525, 0x15002b1a, 0x06010f14, 0x35262223, 0x05013f34, 0x34352622, 0x27053336, 0x36343526, 0x011f3233, 0xd1175e02, 
    0x24161712, 0xc5fe7813, 0x1b23231b, 0x13773a01, 0x12171624, 0x1a5a01d1, 0x12ce1918, 0x12161623, 0x1a220276, 0x7502221b, 0x23161613, 0x0000cf12, 0x52000100, 0x20025a00, 
    0x1b002902, 0x2d403000, 0x03010117, 0x02004c01, 0x04850203, 0x03010301, 0x00010085, 0x00570100, 0x5f000101, 0x00010000, 0x0000004f, 0x251a001b, 0x06053524, 0x16002b19, 
    0x06141115, 0x26220523, 0x33363435, 0x35262717, 0x32333634, 0x3435011f, 0x01023336, 0xfe20251f, 0x212119ce, 0x15fab819, 0x15171925, 0x021820f4, 0xfe1a200b, 0x012421cf, 
    0x20181920, 0x1915f401, 0xfa152518, 0x002119b7, 0x38000100, 0x52022e00, 0x1d006002, 0x23402600, 0x0002121a, 0x004c0101, 0x85020102, 0x01020304, 0x00850100, 0x00760000, 
    0x001d0000, 0x2626251c, 0x2b190605, 0x14151600, 0x2306010f, 0x26012f22, 0x33363435, 0x11011f32, 0x32333634, 0x37111516, 0x31023336, 0x16c81421, 0xc8161b1b, 0x18162114, 
    0x1a236e13, 0x136e231a, 0x21740118, 0xcc141816, 0x14cc1717, 0x13211618, 0x1b310171, 0xfe1b2424, 0x001371cf, 0x69000100, 0x36025a00, 0x1c002902, 0x27402a00, 0x02000115, 
    0x03004c01, 0x00850302, 0x85020002, 0x01010000, 0x00005700, 0x005f0100, 0x4f010001, 0x22342526, 0x2b1a0604, 0x37010f00, 0x14151632, 0x22252306, 0x34113526, 0x16323336, 
    0x3e37011d, 0x16323301, 0x14360215, 0x2119b8fa, 0xcefe1921, 0x191f2520, 0x09f42018, 0x25180b18, 0xf414d201, 0x19182001, 0x21240120, 0x201a3101, 0xfab71921, 0x18250b0a, 
    0x2b000100, 0x64022f00, 0x1d005202, 0x28402b00, 0x02030200, 0x00010085, 0x01048601, 0x03000003, 0x03010457, 0x00600003, 0x50000300, 0x1d000000, 0x25281c00, 0x19070524, 
    0x1516002b, 0x25230614, 0x14151617, 0x2f222306, 0x34352601, 0x3336013f, 0x14151632, 0x0225010f, 0x1b232341, 0x1378c5fe, 0x12171624, 0xd11717d1, 0x24161712, 0x3a017713, 
    0x1b227d01, 0x7602221a, 0x23161612, 0x1819ce12, 0x12cf171a, 0x13161623, 0x00000275, 0x6a000100, 0x38024400, 0x1b001202, 0x29402c00, 0x03010107, 0x01004c01, 0x01030003, 
    0x00008000, 0x02008400, 0x57020303, 0x03020200, 0x0203005f, 0x35244f03, 0x06042325, 0x15242b1a, 0x22230614, 0x1415012f, 0x26222306, 0x36341135, 0x16322133, 0x2b061415, 
    0x38021701, 0x15171925, 0x191820f4, 0x0120251f, 0x20201a32, 0x9bf9b71a, 0x1525181a, 0x2219b7fa, 0x32011a20, 0x191f2520, 0x00f41f19, 0x2b000100, 0x89032f00, 0x3a005202, 
    0x2c402f00, 0x06050108, 0x01048505, 0x86000100, 0x01060107, 0x07570601, 0x01060601, 0x0202035f, 0x4f010601, 0x28155225, 0x15121225, 0x1f060925, 0x1415002b, 0x2306010f, 
    0x34352622, 0x0607013f, 0x2f22012b, 0x15161701, 0x22230614, 0x3526012f, 0x36013f34, 0x15163233, 0x37010f14, 0x37173336, 0x27011f32, 0x36343526, 0x011f3233, 0xd1178903, 
    0x23171712, 0x03977812, 0x03089808, 0x24137898, 0xd1121716, 0x12d11717, 0x13241617, 0x09059477, 0x05094c4c, 0x23127793, 0xd1121717, 0x181a5a01, 0x2312ce19, 0x76121616, 
    0x01010101, 0x16161276, 0x19ce1223, 0xcf171a18, 0x16162312, 0x01017513, 0x01010101, 0x16151475, 0x00cf1223, 0x30000100, 0x5302b6ff, 0x3b00dd02, 0x35403800, 0x031a3031, 
    0x37380302, 0x12131535, 0x02010006, 0x0203004c, 0x01048503, 0x85020102, 0x01020506, 0x00850100, 0x00760000, 0x003b0000, 0x2c26263a, 0x06072626, 0x16002b1b, 0x010f1415, 
    0x2f222306, 0x34352601, 0x1f323336, 0x35262701, 0x3f342737, 0x23060701, 0x34352622, 0x3336013f, 0x16011f32, 0x23061415, 0x15012f22, 0x17071516, 0x37150714, 0x30023336, 
    0x17cf1223, 0xce19181a, 0x16162312, 0x01017612, 0x01010101, 0x16161276, 0x19ce1223, 0xcf171a18, 0x16162312, 0x01027513, 0x13750201, 0x24010116, 0xd1121716, 0x12d11717, 
    0x13241617, 0x09045f78, 0x04096768, 0x2413785f, 0xd1121716, 0x12d11717, 0x13241617, 0x060a5b77, 0x0a066867, 0x0013775b, 0x28000100, 0xa1042f00, 0x1d005202, 0x28402b00, 
    0x02030200, 0x00010085, 0x01048601, 0x03000003, 0x03010457, 0x005f0003, 0x4f000300, 0x1d000000, 0x25281c00, 0x19060524, 0x1516002b, 0x25230614, 0x14151617, 0x2f222306, 
    0x34352601, 0x3336013f, 0x14151632, 0x0425010f, 0x1b24247d, 0x137886fc, 0x11171724, 0xd11717d1, 0x24171711, 0x7a037813, 0x1b227d01, 0x7602221a, 0x23161612, 0x1a17ce12, 
    0x12cf151c, 0x13161623, 0x00000376, 0x18000100, 0x91042f00, 0x1d005202, 0x21402400, 0x03020300, 0x01000085, 0x02008600, 0x57020101, 0x01020200, 0x0201005f, 0x24254f01, 
    0x06042525, 0x15002b1a, 0x06010f14, 0x35262223, 0x05013f34, 0x34352622, 0x27053336, 0x36343526, 0x011f3233, 0xd1179104, 0x24171711, 0x86fc7813, 0x1b24241b, 0x13787a03, 
    0x11171724, 0x1c5c01d1, 0x12ce171a, 0x12161623, 0x1a220276, 0x7603221b, 0x23161613, 0x0000cf12, 0x3a000100, 0xcd020000, 0x0f009302, 0x14401700, 0x00010102, 0x00008501, 
    0x00007600, 0x0e000f00, 0x17060326, 0x011e002b, 0x010e1415, 0x012e2223, 0x013e3435, 0x97dd0133, 0x58975959, 0x5a5b9858, 0x93025998, 0x58589759, 0x985a5a99, 0x59985858, 
    0x3a000200, 0xcd020000, 0x0f009302, 0x2f001f00, 0x01042c40, 0x03010501, 0x69030102, 0x00000200, 0x02005902, 0x00610002, 0x51000200, 0x00001010, 0x1e101f10, 0x0f001618, 
    0x06260e00, 0x002b1706, 0x1415011e, 0x2223010e, 0x3435012e, 0x0e33013e, 0x1e141502, 0x3e323301, 0x2e343501, 0xdd012301, 0x97595997, 0x5b985858, 0x3b59985a, 0x623a3a62, 
    0x39613b3a, 0x023a6139, 0x58975993, 0x5a5a9859, 0x98585898, 0x64397159, 0x3a643b3b, 0x3b3c643a, 0x00003963, 0x68000200, 0x3102f5ff, 0x1300a002, 0x19001700, 0x16171640, 
    0x01000315, 0x01004c01, 0x00850100, 0x28760000, 0x18060225, 0x1415002b, 0x2306010f, 0x26012f22, 0x013f3435, 0x1f323336, 0x07270701, 0x11310217, 0x26251599, 0x12119915, 
    0x25261598, 0x64709915, 0x62016363, 0xfb1c1919, 0x1cfb2424, 0xfb1e1a19, 0x37fb2424, 0x00a2a5a5, 0x5a000100, 0x80023700, 0x0f005d02, 0x1c401f00, 0x00010102, 0x02570100, 
    0x00010101, 0x0100005f, 0x00004f00, 0x0d000f00, 0x17070335, 0x1516002b, 0x23061411, 0x35262221, 0x33363411, 0x28580221, 0x64fe1d28, 0x1d28281d, 0x5d029c01, 0x64fe1d28, 
    0x1d28281d, 0x281d9c01, 0x5a000200, 0x80023700, 0x0f005d02, 0x2f001300, 0x01042c40, 0x03010501, 0x67030102, 0x00000200, 0x02005702, 0x005f0002, 0x4f000200, 0x00001010, 
    0x13101310, 0x0f001112, 0x06350d00, 0x002b1707, 0x14111516, 0x22212306, 0x34113526, 0x05213336, 0x02112111, 0x1d282858, 0x281d64fe, 0x9c011d28, 0x3c0194fe, 0x1d285d02, 
    0x281d64fe, 0x9c011d28, 0xfe70281d, 0x004601ba, 0x50000100, 0xcd013a00, 0x0f00b601, 0x14401700, 0x00010102, 0x00008501, 0x00007600, 0x0d000f00, 0x17060335, 0x1d16002b, 
    0x2b061401, 0x3d262201, 0x3b363401, 0x28a50101, 0x1df31d28, 0xf31d2828, 0x1e28b601, 0x28281df1, 0x281ef11d, 0x50000200, 0xcd013a00, 0x0f00b601, 0x2f001300, 0x01042c40, 
    0x03010501, 0x67030102, 0x00000200, 0x02005702, 0x005f0002, 0x4f000200, 0x00001010, 0x13101310, 0x0f001112, 0x06350d00, 0x002b1706, 0x14011d16, 0x22012b06, 0x34013d26, 
    0x07013b36, 0x01353315, 0x1d2828a5, 0x28281df3, 0xa3cbf31d, 0x1e28b601, 0x28281df1, 0x281ef11d, 0x00a9a96a, 0x17000100, 0xc3023700, 0x1000a002, 0x16401900, 0x01010102, 
    0x00006100, 0x4e012100, 0x10000000, 0x03260e00, 0x362b1707, 0x37343526, 0x32333601, 0x15160117, 0x21230614, 0x01062239, 0x25251516, 0x06160115, 0xcafd1922, 0x0d192337, 
    0x26eb010f, 0x0f15fe26, 0x0023190d, 0x5a000100, 0x6e02f4ff, 0x1000a002, 0x16401900, 0x21000000, 0x0101024d, 0x4e012201, 0x10000000, 0x03250f00, 0x162b1707, 0x34113526, 
    0x17323336, 0x14151601, 0x23060107, 0x1a262680, 0x87011415, 0x79fe2424, 0x260c1514, 0x1a2c021a, 0xf3fe0e26, 0x1a212219, 0x000ef3fe, 0x17000100, 0xc302f4ff, 0x10005d02, 
    0x17401a00, 0x00000102, 0x01006101, 0x4e012201, 0x07090001, 0x0f011000, 0x2b160703, 0x15163201, 0x06010714, 0x01272223, 0x36343526, 0x19880233, 0xeafe0622, 0x15252515, 
    0x2206eafe, 0x235d0219, 0xfe0f0d19, 0x01262615, 0x190d0feb, 0x00000023, 0x17000100, 0x2b02f4ff, 0x1000a002, 0x16401900, 0x21000000, 0x0101024d, 0x4e012201, 0x10000000, 
    0x03280f00, 0x042b1707, 0x35260127, 0x36013734, 0x15163233, 0x23061411, 0xfe14d601, 0x01242479, 0x1a151487, 0x0c1a2626, 0x1a0d010e, 0x01192221, 0x1a260e0d, 0x261ad4fd, 
    0x27000200, 0xb3023700, 0x12009b02, 0x1c001500, 0x01151940, 0x4c010102, 0x00000200, 0x00640002, 0x01210101, 0x3327144e, 0x2b190703, 0x06141524, 0x26222123, 0x01373435, 
    0x3233013e, 0x25011716, 0xb3020321, 0xf4fd1a26, 0x0107261a, 0x121f0806, 0x01081f12, 0x0124fe06, 0x10879e3b, 0x1a26261a, 0xe5010d10, 0x0f13130f, 0x011e1bfe, 0x00000025, 
    0x5a000200, 0x6e020400, 0x10009002, 0x1b001300, 0x12131840, 0x01000311, 0x01004c01, 0x004d1a01, 0x001b0000, 0x0225254e, 0x002b1807, 0x01071415, 0x26222306, 0x36341135, 
    0x01173233, 0x02371125, 0x70fe236e, 0x261a1110, 0x12111b25, 0x88fe8e01, 0x246e01f4, 0xfcfe1524, 0x021a2609, 0x0b261a0c, 0xfe5dfefe, 0x000096d5, 0x27000200, 0xb302f9ff, 
    0x12005d02, 0x24001500, 0x01152140, 0x4c010200, 0x00010103, 0x02010002, 0x00000067, 0x004e0022, 0x00131400, 0x27100012, 0x2b170704, 0x14151600, 0x010e0107, 0x27262223, 
    0x34352601, 0x07213336, 0x8d021321, 0xfafe0726, 0x12121f08, 0xfafe081f, 0x021a2607, 0xc5fe680c, 0x265d029d, 0xfe0d101a, 0x13130f1b, 0x0de5010f, 0x7b261a10, 0x0000dbfe, 
    0x5a000200, 0x6e020400, 0x10009002, 0x20001300, 0x12131d40, 0x01010002, 0x0101024c, 0x004d1a01, 0x001b0000, 0x0000004e, 0x250f0010, 0x2b170703, 0x11151600, 0x22230614, 
    0x35260127, 0x36013734, 0x11170133, 0x26254902, 0xfe11101a, 0x01232370, 0xfe11128e, 0x9002f4d3, 0xf4fd1a26, 0x0109261a, 0x24241504, 0x0b020115, 0x0196bbfe, 0x0000002b, 
    0x5a000100, 0x9c03f4ff, 0x1200a002, 0x14401700, 0x00010000, 0x01010285, 0x00007601, 0x11001200, 0x17060325, 0x3526162b, 0x33363411, 0x1e011732, 0x06141501, 0x23060107, 
    0x1a262680, 0xa2021e0f, 0x1b18181b, 0x111c5efd, 0x021a260c, 0x0d261a2c, 0x210af5fe, 0x0a221313, 0x000cf5fe, 0x25000100, 0x6703f4ff, 0x1200a002, 0x14401700, 0x00010000, 
    0x01010285, 0x00007601, 0x11001200, 0x1706032a, 0x0127042b, 0x3435012e, 0x36013736, 0x15163233, 0x23061411, 0xfd1c1603, 0x18181b5e, 0x1ea2021b, 0x26261a0f, 0x010c0c1a, 
    0x13220a0b, 0x010a2113, 0x1a260d0b, 0x261ad4fd, 0x49000200, 0x9403f4ff, 0x1200a002, 0x19001500, 0x14151640, 0x01000313, 0x01004c01, 0x00850100, 0x25760000, 0x18060227, 
    0x1516002b, 0x01070614, 0x26222306, 0x36341135, 0x01173233, 0x03251125, 0x1716167e, 0x0f1a4bfd, 0x1a26261a, 0xb5021a0f, 0x10025dfd, 0x13207c01, 0xfe092113, 0x1a260af2, 
    0x261a2c02, 0x86effe0a, 0x00bf7ffe, 0x49000200, 0x9403f4ff, 0x1200a002, 0x1e001500, 0x14151b40, 0x01010002, 0x0101024c, 0x00850100, 0x00760000, 0x00120000, 0x06032511, 
    0x16002b17, 0x06141115, 0x01272223, 0x3435012e, 0x36013736, 0x11050133, 0x25256f03, 0xfd1a0f1a, 0x1616174a, 0x1ab60217, 0x02b5fd0f, 0x26a00210, 0x1ad4fd1a, 0x0e010a26, 
    0x13132109, 0x11010920, 0xbfa9fe0a, 0x00008101, 0x28000100, 0xe8013a00, 0x1200dd01, 0x14401700, 0x00010000, 0x01010285, 0x00007601, 0x10001200, 0x17060327, 0x3526362b, 
    0x3e133734, 0x16323301, 0x15161317, 0x21230614, 0x9e09264e, 0x12121e09, 0x099e091e, 0xc0fe1a26, 0x101b253a, 0x101e0111, 0xfe101414, 0x1b1011e2, 0x00000025, 0x50000100, 
    0xc5011a00, 0x1100da01, 0x0e401100, 0x00010000, 0x01010085, 0x02212976, 0x122b1806, 0x1f323336, 0x15011e01, 0x06010f14, 0x35262223, 0x1a265011, 0x10f01210, 0x10f02313, 
    0x01261a12, 0x9c0b26b4, 0x22111e0a, 0x260b9c17, 0x0040011a, 0x28000100, 0xe8011300, 0x1200b601, 0x15401800, 0x01000102, 0x01008500, 0x00017601, 0x1200080a, 0x06031101, 
    0x32012b16, 0x07141516, 0x23010e03, 0x03272622, 0x36343526, 0x1aa80133, 0x099e0926, 0x1e12121e, 0x26099e09, 0x26b6011a, 0xfe11111a, 0x131310e2, 0x111e0110, 0x00261a11, 
    0x26000100, 0x9b011600, 0x1100d601, 0x0e401100, 0x01000100, 0x00000085, 0x02222976, 0x252b1806, 0x22230614, 0x3526012f, 0x013f3634, 0x16323336, 0x259b0115, 0xf010111b, 
    0xf0101424, 0x251b0f12, 0x0b261a56, 0x1122179c, 0x0b9c0a1e, 0x00001a26, 0x28000200, 0xe8013a00, 0x1200dd01, 0x24001500, 0x01152140, 0x4c010102, 0x01020100, 0x00020085, 
    0x00570200, 0x5f000202, 0x00020000, 0x3327144f, 0x2b190603, 0x06141524, 0x26222123, 0x13373435, 0x3233013e, 0x05131716, 0xe8012733, 0xc0fe1a26, 0x9e09261a, 0x12121e09, 
    0xfe9e091e, 0x8a63c6c6, 0x25251b10, 0x0111101b, 0x1414101e, 0x04e2fe10, 0x000000b5, 0x50000200, 0xc5011a00, 0x1100da01, 0x19001400, 0x13141640, 0x01000312, 0x01004c01, 
    0x00850100, 0x25760000, 0x18060226, 0x1516002b, 0x06010f14, 0x35262223, 0x33363411, 0x27011f32, 0xb2013715, 0x10f02313, 0x26261a12, 0xf012101a, 0x29018fef, 0x1722111e, 
    0x1a260b9c, 0x261a4001, 0xb7219c0b, 0x0000005c, 0x28000200, 0xe8011300, 0x1200b601, 0x2c001500, 0x01152940, 0x4c010200, 0x00020000, 0x01010386, 0x57010202, 0x01010103, 
    0x02005f02, 0x004f0201, 0x00131400, 0x27100012, 0x2b170604, 0x14151600, 0x010e0307, 0x27262223, 0x34352603, 0x07213336, 0xc2011723, 0x099e0926, 0x1e12121e, 0x26099e09, 
    0x3d40011a, 0xb60163c6, 0x11111a26, 0x1310e2fe, 0x1e011013, 0x261a1111, 0x0000b55d, 0x26000200, 0x9b011a00, 0x1100da01, 0x1f001400, 0x13141c40, 0x01000312, 0x01024c01, 
    0x85010001, 0x76000000, 0x11000000, 0x03251000, 0x002b1706, 0x14111516, 0x2f222306, 0x34352601, 0x36013f36, 0x17010f33, 0x25257601, 0xf010111b, 0xf0101424, 0x90220f12, 
    0x26da0190, 0x1ac0fe1a, 0x179c0b26, 0x0a1e1122, 0x5b860b9c, 0x0000005c, 0x21000400, 0xa604f3ff, 0x3a006102, 0x7c004200, 0x43018b00, 0x3d3f2640, 0x07042836, 0x02308703, 
    0x84880708, 0x02043946, 0x021a8108, 0x45890a0b, 0x05040d15, 0x018a0c0d, 0x4c060d0e, 0x5009b04b, 0x00494058, 0x04060405, 0x00800605, 0x86000100, 0x010f0400, 0x06040306, 
    0x00030069, 0x07030807, 0x09080069, 0x080a0201, 0x0a006902, 0x0a0c0b00, 0x0c00690b, 0x0c0e0d00, 0x0110690d, 0x0e01010e, 0x0e011059, 0x0061010e, 0x51010e01, 0x0ab04b1b, 
    0x4f405850, 0x06040500, 0x80060504, 0x0a020900, 0x00720902, 0x86000100, 0x010f0400, 0x06040306, 0x00030069, 0x07030807, 0x00080069, 0x02080902, 0x000a0067, 0x0b0a0c0b, 
    0x000c0069, 0x0d0c0e0d, 0x0e011069, 0x590e0101, 0x0e0e0110, 0x01006101, 0x1b51010e, 0x05004940, 0x05040604, 0x00008006, 0x00860001, 0x06010f04, 0x69060403, 0x07000300, 
    0x69070308, 0x01090800, 0x02080a02, 0x000a0069, 0x0b0a0c0b, 0x000c0069, 0x0d0c0e0d, 0x0e011069, 0x590e0101, 0x0e0e0110, 0x01006101, 0x5951010e, 0x43234059, 0x433b3b43, 
    0x787b437c, 0x676c6f73, 0x595e6165, 0x4a4e5357, 0x3b423b48, 0x25232641, 0x1129242d, 0x002b1c06, 0x010f1415, 0x14151617, 0x2f222306, 0x23010e01, 0x34352622, 0x35012e37, 
    0x35263734, 0x2e273734, 0x3e343501, 0x17323301, 0x3233013e, 0x1716011f, 0x32333637, 0x0f141516, 0x06241701, 0x27171607, 0x36122326, 0x24263537, 0x15062223, 0x011f1614, 
    0x16321716, 0x2b061415, 0x15062201, 0x013b1614, 0x14151632, 0x22012b06, 0x16141506, 0x1632013b, 0x07061415, 0x22012b06, 0x33141506, 0x3f343524, 0x35262701, 0x07013f34, 
    0x04271715, 0x254910a6, 0x0a101805, 0xbd63c00f, 0x0e3f3946, 0x24191816, 0x4e53b70c, 0x4b485426, 0x2b370258, 0x22f72c25, 0x0c0dc41e, 0x24051810, 0x0e60fd48, 0x3e393b02, 
    0xce400a11, 0x8dfe7148, 0x181b22bc, 0x6298691e, 0x12171510, 0x08080744, 0x18115106, 0x06451118, 0x4f060808, 0x10131712, 0x07080e1e, 0xfc011808, 0x152e2e15, 0x65651203, 
    0x141e0112, 0x7d3d0d13, 0x1711070e, 0x38327a09, 0x10162226, 0x1d141e08, 0x14241014, 0x3202020f, 0x132b2435, 0x19352c09, 0x7c0b0a98, 0x06101709, 0xe63d7d0f, 0x0a080d0e, 
    0x47fe0924, 0x2f94293e, 0x0d0d0a3a, 0x0302020a, 0x100f1405, 0x06060713, 0x0e0f1309, 0x06060814, 0x0f101308, 0x08020116, 0x085f0f06, 0x23241018, 0x07081712, 0x3eb33f3d, 
    0x0000003c, 0x20000400, 0xa504f3ff, 0x3a006102, 0x7c004200, 0x46018b00, 0x383d2940, 0x84050702, 0x070e0231, 0x03284b83, 0x0c8a0e00, 0x820c0b02, 0x19224c7e, 0x0a090611, 
    0x08025181, 0x01011f09, 0x4b4c0708, 0x585009b0, 0x03004840, 0x03040604, 0x02008006, 0x00860201, 0x05060004, 0x0f690604, 0x07000501, 0x6907050e, 0x0d0e0110, 0x0e0c0001, 
    0x0c006900, 0x0c0a0b00, 0x0a00690b, 0x0a080900, 0x08006909, 0x59080101, 0x01080800, 0x08010061, 0x4b1b5101, 0x58500ab0, 0x03004e40, 0x03040604, 0x0d008006, 0x0d000c00, 
    0x01020072, 0x04008602, 0x04050600, 0x010f6906, 0x0e070005, 0x10690705, 0x00000e01, 0x67000e0d, 0x0b000c00, 0x690b0c0a, 0x09000a00, 0x69090a08, 0x01010800, 0x08005908, 
    0x00610108, 0x51010801, 0x0048401b, 0x04060403, 0x00800603, 0x86020102, 0x06000400, 0x69060405, 0x0005010f, 0x07050e07, 0x0e011069, 0x0c00010d, 0x0069000e, 0x0a0b000c, 
    0x00690b0c, 0x0809000a, 0x0069090a, 0x08010108, 0x08080059, 0x01006101, 0x59510108, 0x43264059, 0x43000043, 0x7478437c, 0x666a6c71, 0x575c5e63, 0x494e5053, 0x003f4147, 
    0x3639003a, 0x242d2f34, 0x0611252e, 0x1e002b19, 0x06141501, 0x1516010f, 0x16070614, 0x07061415, 0x06141516, 0x27262223, 0x22230607, 0x3f343526, 0x35262701, 0x27013f34, 
    0x36343526, 0x011f3233, 0x3336013f, 0x36171632, 0x37360533, 0x2223012e, 0x35360407, 0x22232634, 0x1e150704, 0x35323301, 0x012b2634, 0x012e2722, 0x3b363435, 0x35363201, 
    0x012b2634, 0x34352622, 0x32013b36, 0x26343536, 0x2622012b, 0x33363435, 0x04013f36, 0x010f1415, 0x17273537, 0x0f141516, 0x2b041701, 0x534e2654, 0x12130cb6, 0x0e16191a, 
    0xbd463a3e, 0x0a10c062, 0x25041710, 0x48101049, 0x10170424, 0x40c30e0c, 0x2b262af8, 0x4a590237, 0x3f3688fe, 0x0a0b0f01, 0x188a0111, 0xfebc221b, 0xcf48718d, 0x07081741, 
    0x0f1e0e08, 0x50121714, 0x05080805, 0x18191145, 0x08065012, 0x12440708, 0x61101517, 0xb4fc6999, 0x65651203, 0x2e150312, 0x1309022e, 0x3235242b, 0x140f0202, 0x12071c11, 
    0x081e141f, 0x26221610, 0x097a3238, 0x0f061117, 0x130d3d7d, 0x7d3d0c14, 0x17100510, 0x98147b09, 0x092c3519, 0x0d080a26, 0x0a7a090e, 0x3a0a0d0d, 0x3e29942f, 0x0208060f, 
    0x100f1502, 0x06060813, 0x0f0e1408, 0x06060913, 0x0f101307, 0x02030514, 0x080818b5, 0x3fb33e3c, 0x1708073d, 0x00242312, 0x34000200, 0x2703f4ff, 0x1900a002, 0x40003300, 
    0x01323d40, 0x4c010400, 0x01030116, 0x0304004b, 0x00040300, 0x00000080, 0x02020684, 0x01030301, 0x02020659, 0x61030101, 0x01030105, 0x00005103, 0x24262a2c, 0x19001e20, 
    0x28281800, 0x2b180607, 0x15011e00, 0x03070614, 0x27222306, 0x35012e03, 0x33013e34, 0x3e171632, 0x36123301, 0x23263435, 0x0e070622, 0x26222301, 0x23012e27, 0x14150622, 
    0x37011f16, 0x32589d02, 0x14dd3c2e, 0xdd141e1e, 0x58332f3c, 0x17643f35, 0x193f6416, 0x23232c1d, 0x1b0a142e, 0x0b191616, 0x23233013, 0xac251d2b, 0x33a002ab, 0x5c2f3658, 
    0x19fffe46, 0x47010119, 0x58362f5b, 0x3b3b4533, 0x34e2fe45, 0x2d2c2519, 0x17171c37, 0x2c2f351c, 0x2a371b25, 0x0000caca, 0x34000100, 0x2703f4ff, 0x1900a002, 0x1c401f00, 
    0x0002010c, 0x01014c01, 0x85000200, 0x02020103, 0x00000076, 0x24180019, 0x18060428, 0x0327042b, 0x3435012e, 0x3233013e, 0x013e1716, 0x011e3233, 0x07061415, 0x01230603, 
    0x3fdc1490, 0x3658332d, 0x1617643e, 0x58363e64, 0xdc3f2c33, 0x190c1e14, 0x544a0301, 0x335a372e, 0x463a3b45, 0x2e375a33, 0xfdfe4955, 0x00000019, 0x26000100, 0x5402f5ff, 
    0x24009e02, 0x37403a00, 0x04000121, 0x02004c01, 0x02030403, 0x01058004, 0x04030004, 0x00007e00, 0x01008400, 0x59010303, 0x03010100, 0x01030061, 0x00005103, 0x23002400, 
    0x26262622, 0x2b1a0606, 0x15011e00, 0x23010e14, 0x35012e22, 0x33013e34, 0x011e1732, 0x23061415, 0x23262722, 0x15010e22, 0x013e1714, 0x65b50133, 0x436b3c3a, 0x5a56945a, 
    0x4b6a609c, 0x141d0d0b, 0x3a400d0f, 0x0a3c6a41, 0x014d7711, 0x3c643ba9, 0x5938633e, 0x9d615d9b, 0x1608365a, 0x091f150d, 0x436c3e22, 0x614a2623, 0x26000100, 0x5402f4ff, 
    0x25009d02, 0x33403600, 0x04030119, 0x01054c01, 0x85040304, 0x03010300, 0x02010085, 0x02008501, 0x59020000, 0x00020200, 0x02000061, 0x00005100, 0x24002500, 0x26262228, 
    0x2b1a0606, 0x15011e00, 0x23010e14, 0x012e2722, 0x33363435, 0x33161732, 0x35013e32, 0x020e2734, 0x012e2223, 0x013e3435, 0x946a0133, 0x609c5956, 0x0d0b4d69, 0x0d0f141e, 
    0x6a413a40, 0x3e0a0b3c, 0x653b3459, 0x436b3d3a, 0x9b599d02, 0x5a9d615d, 0x0d160836, 0x22091f15, 0x25436c3e, 0x2d4f3126, 0x3e3c643b, 0x00003863, 0x2600ffff, 0xba04f5ff, 
    0x23009e02, 0x66024803, 0x02000000, 0x00004803, 0x2600ffff, 0xc004f4ff, 0x22009d02, 0x00004903, 0x49030300, 0x00006c02, 0x28000200, 0x680258ff, 0x2c009402, 0x4a003a00, 
    0x0b0e4740, 0x01000402, 0x0001024c, 0x06850004, 0x04010401, 0x0a010085, 0x03030507, 0x69030108, 0x09090800, 0x08005708, 0x0b5f0908, 0x09080901, 0x002d2d4f, 0x2d3a2d00, 
    0x00313438, 0x132b002c, 0x33351323, 0x060c3514, 0x26162b1d, 0x36341135, 0x1632013b, 0x3f33021f, 0x013b3601, 0x11151632, 0x012b0614, 0x11352622, 0x06010f23, 0x022f2223, 
    0x06141123, 0x35260623, 0x21333634, 0x14151632, 0x57212306, 0x56252725, 0x12032824, 0x11081407, 0x255d4906, 0x03252727, 0x08152725, 0x3e400a1c, 0x15081b0b, 0x262c2325, 
    0xbc011c26, 0x1d25251d, 0x270a44fe, 0x25060225, 0xd5232627, 0x49d59090, 0xfafd2527, 0x25272725, 0xbf6b2401, 0x6bbf4646, 0x2725dcfe, 0x1c1d259e, 0x1d1c2626, 0x00000025, 
    0x26000200, 0x920348ff, 0x43009a02, 0x21014f00, 0x5013b04b, 0x170a4058, 0x09020a01, 0x02040001, 0x0a401b4c, 0x020a0117, 0x0b000109, 0x4b594c02, 0x58500bb0, 0x01032b40, 
    0x040a0002, 0x0d690a02, 0x0104020b, 0x04060001, 0x05006a00, 0x0c610905, 0x40090901, 0x0601074d, 0x00610806, 0x08450808, 0xb04b1b4e, 0x40585013, 0x02010332, 0x02040a00, 
    0x0000690a, 0x5a000401, 0x09050500, 0x09010c61, 0x0d4d4009, 0x0404020b, 0x01006201, 0x074d4101, 0x08060601, 0x08080061, 0x1b4e0845, 0x501bb04b, 0x03334058, 0x0a000201, 
    0x690a0204, 0x00000400, 0x6a000401, 0x09050500, 0x09010c61, 0x0d4d4009, 0x010b0b01, 0x01010061, 0x01074d41, 0x61080606, 0x45080800, 0x401b4e08, 0x01070038, 0x06070106, 
    0x02010380, 0x02040a00, 0x0400690a, 0x04010000, 0x010d6a00, 0x0701000b, 0x0069010b, 0x61090505, 0x0909010c, 0x06004d40, 0x00610806, 0x08450808, 0x5959594e, 0x44441a40, 
    0x4f440000, 0x484a4e44, 0x42004300, 0x25262226, 0x23262424, 0x1f090e26, 0x011e002b, 0x010e1415, 0x0e272223, 0x2e222301, 0x3e343501, 0x16323301, 0x33013e17, 0x011d1632, 
    0x36323314, 0x012e3435, 0x010e2223, 0x011e1415, 0x36373233, 0x15163233, 0x06070614, 0x012e2223, 0x013e3435, 0x35361233, 0x22232634, 0x16141506, 0xc2620233, 0x3858316e, 
    0x4d121f60, 0x345b3a34, 0x2a3a5b34, 0x20021542, 0x2e201817, 0x8f4d2a1f, 0x589e645f, 0x165f9856, 0x150e1e19, 0x3b10121e, 0x71c4773f, 0x197fce77, 0x2c2b3636, 0x022b3939, 
    0x72b8689a, 0x43396641, 0x64382e2a, 0x38633e3e, 0x20171b1e, 0x2ecb1922, 0x875a3345, 0x5e93524a, 0x0553925c, 0x11151b04, 0x6f0f051b, 0xc47876c1, 0x3be9fd70, 0x3c3b2f2f, 
    0x003c2e2e, 0x2e000300, 0x7402f4ff, 0x2c00a002, 0x40003700, 0x49404c00, 0x03111d31, 0x393a0403, 0x05041e2b, 0x00010703, 0x064c0305, 0x02040401, 0x02020061, 0x03004d48, 
    0x01610003, 0x49000001, 0x0501074d, 0x01610005, 0x49000001, 0x38384e00, 0x40382d2d, 0x372d3f38, 0x2b2a362d, 0x09082324, 0x15242b1a, 0x22230614, 0x010e012f, 0x012e2223, 
    0x37363435, 0x3435012e, 0x16323336, 0x07061415, 0x3e373617, 0x16323301, 0x07061415, 0x00170706, 0x17141506, 0x3435013e, 0x37122326, 0x15010e27, 0x02331614, 0x1a1a2674, 
    0x612f3913, 0x37624037, 0x1b1e4a3a, 0x5b484b5c, 0x1e6a332f, 0x101f0b13, 0x0d0b2419, 0xfe3d181f, 0x1d2518a9, 0x25141716, 0x1d2e7a36, 0x1c502832, 0x3c13261a, 0x542e2629, 
    0x3a573536, 0x47274326, 0x2b405157, 0x2b6e2b4f, 0x2512101c, 0x13190c19, 0x01401f2f, 0x241517cc, 0x13211726, 0x3efe1714, 0x27258132, 0x002b2319, 0x20000100, 0x1a0240ff, 
    0x1e009402, 0x24402700, 0x04030300, 0x0401055f, 0x024d4004, 0x00010101, 0x00000061, 0x004e0045, 0x001e0000, 0x1522231c, 0x1a090625, 0x1516002b, 0x23061411, 0x35262722, 
    0x32333634, 0x013e3316, 0x2223013d, 0x3435012e, 0x013b013e, 0x6727f301, 0x26182e60, 0x09041c25, 0x922b2a09, 0x3d3d683c, 0x02d53d67, 0xfd1d2794, 0x0c5f5ead, 0x231a2411, 
    0x2a240102, 0x3c673cce, 0x003b653c, 0x1d000200, 0x3d027bff, 0x4100a702, 0x3b005100, 0x434b3840, 0x0c040102, 0x02010201, 0x0504004c, 0x01040501, 0x02010080, 0x7e020105, 
    0x00000200, 0x00650002, 0x61030505, 0x48030300, 0x36384e05, 0x27293133, 0x06262823, 0x242b1909, 0x15160706, 0x22230614, 0x27262726, 0x36373634, 0x1e173233, 0x36323301, 
    0x2f263435, 0x35012e01, 0x26373634, 0x33363435, 0x16171632, 0x07061415, 0x27222306, 0x2223012e, 0x16141506, 0x011e011f, 0x36170615, 0x2f263435, 0x06272601, 0x1f161415, 
    0x3e3d0201, 0x53680236, 0x1124573a, 0x08131902, 0x17161706, 0x211e1c2b, 0x4c5b2f1c, 0x02373d3d, 0x57395467, 0x12191225, 0x17170608, 0x1d1c2b17, 0x5a2e1e22, 0x1fc03e4c, 
    0x622f1e22, 0x20231a37, 0x4b91622e, 0x48091011, 0x132a2659, 0x021d1419, 0x14171502, 0x20131719, 0x4f303e22, 0x114c3330, 0x59480a0e, 0x18152a26, 0x02021c14, 0x1a141715, 
    0x20211416, 0x324f2e3e, 0x21141f1a, 0x41212114, 0x21151d24, 0x411e2414, 0x26000300, 0xe402f4ff, 0x0f00a002, 0x49001f00, 0x06b16800, 0x5d404464, 0x08060500, 0x80080506, 
    0x06070800, 0x007e0708, 0x04020000, 0x00690200, 0x05060004, 0x00690604, 0x09010c07, 0x69090703, 0x0103010b, 0x0b590301, 0x01030301, 0x01010a61, 0x20510103, 0x00101020, 
    0x20492000, 0x3c404248, 0x3034363a, 0x1026282e, 0x181e101f, 0x000f0016, 0x090d260e, 0x06b12b17, 0x2e044400, 0x3e343501, 0x1e323301, 0x0e141501, 0x023e2301, 0x012e3435, 
    0x010e2223, 0x011e1415, 0x35022e33, 0x33013e34, 0x16171632, 0x23061415, 0x27012e22, 0x06222326, 0x33161415, 0x023e3732, 0x15163233, 0x010e0714, 0xa1250123, 0x5fa25e5e, 
    0x5e5ea25f, 0x794a60a2, 0x4a794545, 0x4444784a, 0x562d4a78, 0x34563232, 0x14154625, 0x100d1118, 0x2518030d, 0x25303025, 0x10041a23, 0x18110a0f, 0x25461514, 0x5d9d5b0c, 
    0x5c5c9e5d, 0x9d5d5d9d, 0x7745505c, 0x45794949, 0x494a7845, 0x314d4478, 0x54343454, 0x17181d31, 0x08191314, 0x3317020d, 0x17332828, 0x19060e03, 0x18171413, 0x0000001d, 
    0x21000400, 0x1d02b300, 0x0f00b402, 0x3a001f00, 0x63004300, 0x446406b1, 0x013a5840, 0x4c010805, 0x05040106, 0x03040503, 0x01010a80, 0x01070200, 0x07006902, 0x07080900, 
    0x08006909, 0x08040500, 0x010b6705, 0x03000003, 0x03010b59, 0x00610003, 0x51000300, 0x00001010, 0x3b3d4143, 0x2c2e3336, 0x24262829, 0x1e101f10, 0x0f001618, 0x0c260e00, 
    0xb12b1709, 0x00440006, 0x1415011e, 0x2223010e, 0x3435012e, 0x1233013e, 0x3435013e, 0x2223012e, 0x1415010e, 0x3733011e, 0x06141516, 0x012f2223, 0x06141523, 0x3d262223, 
    0x3b363401, 0x15163201, 0x33270714, 0x34353632, 0x01012b26, 0x44447564, 0x75454475, 0x45754545, 0x31315634, 0x56353456, 0x35563131, 0x0e140b65, 0x153c0b11, 0x150f0e14, 
    0x2c431015, 0x22622539, 0x0d10100d, 0x45b40222, 0x76464576, 0x46764545, 0xfe457645, 0x3659333e, 0x33335836, 0x59363658, 0x0e0b7c33, 0x420d140f, 0x1514102b, 0x150fb70f, 
    0x1a2c2731, 0x0d0c0f2a, 0x0000000f, 0x26000400, 0xe402f4ff, 0x0f00a002, 0x32001f00, 0x5c003b00, 0x010b5940, 0x05030506, 0x00800306, 0x04020000, 0x00690200, 0x07080004, 
    0x0c690804, 0x05000701, 0x69050706, 0x0103010a, 0x0a590301, 0x01030301, 0x01010961, 0x34510103, 0x10202033, 0x3a000010, 0x343b3338, 0x2032203b, 0x282c2e31, 0x101f1025, 
    0x0016181e, 0x260e000f, 0x2b17060d, 0x35012e04, 0x33013e34, 0x15011e32, 0x23010e14, 0x3435023e, 0x2223012e, 0x1415010e, 0x2e33011e, 0x34113501, 0x32013b36, 0x06141516, 
    0x1415012b, 0x32372306, 0x26343536, 0x0115012b, 0x5e5ea125, 0xa1605fa1, 0x60a25e5f, 0x4545794a, 0x784a4a79, 0x4a784444, 0x131b1b5b, 0x4f4f3e63, 0x131a363e, 0x1a1a1663, 
    0x5b0c3616, 0x9e5d5d9d, 0x5d9d5c5c, 0x505c9d5d, 0x49497745, 0x78454579, 0x4478494a, 0x01131b4e, 0x441a140a, 0x42443737, 0x18c01a14, 0x57181413, 0x01000200, 0x9303c900, 
    0x21009e02, 0x4c003800, 0x101e4940, 0x0501030a, 0x04094c01, 0x03080302, 0x05010085, 0x00010500, 0x02020680, 0x0a840000, 0x05050801, 0x010a5708, 0x5f050808, 0x08050107, 
    0x22224f05, 0x38220000, 0x30323622, 0x26282b2d, 0x20002100, 0x25252525, 0x2b1a060b, 0x11151600, 0x22230614, 0x07013d26, 0x2f222306, 0x06141501, 0x35262223, 0x33363411, 
    0x37011f32, 0x16043336, 0x2b061415, 0x06141101, 0x35262223, 0x26222311, 0x33363435, 0x21720321, 0x20191820, 0x1c1c1046, 0x18204710, 0x18212018, 0x7577151e, 0x1ffe1e17, 
    0x5f161d1d, 0x20181820, 0x1d1e165f, 0x022e0117, 0xfe18219e, 0x2121199e, 0x1969a919, 0x19ab6b19, 0x01192121, 0x22211862, 0x0a24babc, 0x1d16161d, 0x2019d4fe, 0x2c011920, 
    0x1d16161d, 0x18000200, 0x51016c01, 0x0f00a002, 0x37001b00, 0x446406b1, 0x01042c40, 0x03010501, 0x69030102, 0x00000200, 0x02005902, 0x00610002, 0x51000200, 0x00001010, 
    0x1a101b10, 0x0f001416, 0x06260e00, 0xb12b1709, 0x12440006, 0x1415011e, 0x2223010e, 0x3435012e, 0x0e33013e, 0x16141501, 0x35363233, 0xe0232634, 0x482a2a47, 0x2a482b2a, 
    0x1d2b482a, 0x1d1c2726, 0x021d2626, 0x2a4729a0, 0x2929472a, 0x472a2a47, 0x1d275729, 0x1d26271c, 0x0000261e, 0x46000100, 0xf1007101, 0x1000a002, 0x1c401f00, 0x00010102, 
    0x01024c01, 0x61000101, 0x48000000, 0x00004e01, 0x0f001000, 0x17090326, 0x3526122b, 0x36013f34, 0x15163233, 0x0e010f14, 0x23692301, 0x400e1803, 0x2406261c, 0x011b2009, 
    0x05192071, 0x27518d13, 0x8a1a0a1c, 0x00001d21, 0x4600ffff, 0xde017101, 0x2200a002, 0x00005603, 0x56030300, 0x0000ed00, 0x6e000100, 0xde007cff, 0x0d001703, 0x1c401f00, 
    0x00010102, 0x02590100, 0x00010101, 0x01000061, 0x00005100, 0x0c000d00, 0x17090325, 0x1516122b, 0x23061411, 0x11352622, 0xbe333634, 0x18182020, 0x03191f20, 0xfc182017, 
    0x202018d5, 0x182b0318, 0x00000020, 0x6e000200, 0xde007eff, 0x0d001703, 0x30001b00, 0x01042d40, 0x03000001, 0x05690001, 0x02020301, 0x01055903, 0x61020303, 0x02030200, 
    0x000e0e51, 0x0e1b0e00, 0x0013151a, 0x250c000d, 0x2b170906, 0x011d1612, 0x22230614, 0x34013d26, 0x16123336, 0x0614011d, 0x3d262223, 0x33363401, 0x182020be, 0x191f2018, 
    0x18202018, 0x191f2018, 0x18201703, 0x202018d2, 0x2018d218, 0x1820a7fd, 0x202018d0, 0x2018d018, 0xffff0200, 0xd101f4ff, 0x2500fa02, 0x43002d00, 0x1e264040, 0x01040a14, 
    0x004c0105, 0x05040501, 0x06800401, 0x05030401, 0x007e0304, 0x01050002, 0x00690502, 0x03000003, 0x03030059, 0x00006100, 0x00510003, 0x002a2c00, 0x27240025, 0x07262429, 
    0x242b1a06, 0x06141516, 0x22230607, 0x06072726, 0x35262223, 0x013f3634, 0x33363435, 0x14151632, 0x14150706, 0x36373233, 0x013e0333, 0x22233435, 0x219e0115, 0x38251416, 
    0x0d0a655a, 0x21181515, 0x614d1011, 0x6455525c, 0x160e5779, 0x3e910a0c, 0x743b2e2b, 0x1d151821, 0x4f510e07, 0x18230f09, 0x370b1f10, 0x5a6f6af9, 0x5f9c5b56, 0x0304592e, 
    0x4d361d01, 0x0061452f, 0x27000100, 0xbc01f000, 0x1f00f602, 0x24402700, 0x03000104, 0x00020101, 0x02006701, 0x06610502, 0x42050501, 0x00004e02, 0x1e001f00, 0x24232324, 
    0x1b090723, 0x1d16002b, 0x16323301, 0x2b061415, 0x06141501, 0x3d262223, 0x26222301, 0x3b363435, 0x36343501, 0x270e0133, 0x2121194d, 0x1c274d19, 0x194d271d, 0x4d192121, 
    0xf6021e26, 0x20541d28, 0xb6201919, 0x1d28281d, 0x191920b6, 0x271e5420, 0x27000100, 0xbc019d00, 0x3100f602, 0x32403500, 0x07000108, 0x00020101, 0x01066701, 0x03010502, 
    0x67030204, 0x09040400, 0x09010a61, 0x4e044209, 0x31000000, 0x21243000, 0x24232324, 0x0b232421, 0x002b1f09, 0x33011d16, 0x14151632, 0x15012b06, 0x15163233, 0x012b0614, 
    0x23061415, 0x013d2622, 0x35262223, 0x013b3634, 0x26222335, 0x3b363435, 0x36343501, 0x270e0133, 0x2121194d, 0x194d4d19, 0x4d192121, 0x271d1d26, 0x2121194d, 0x194d4d19, 
    0x4d192121, 0xf6021e26, 0x21361d28, 0x7f201918, 0x21181920, 0x27271d37, 0x1821371d, 0x207f2019, 0x36211819, 0x0000271e, 0x3c000200, 0xdf02f6ff, 0x1f009e02, 0x4d002800, 
    0x21274a40, 0x08050602, 0x02020101, 0x0002004c, 0x01020001, 0x04010780, 0x04060500, 0x01086905, 0x02000006, 0x00670006, 0x01030301, 0x01010059, 0x03006103, 0x20510301, 
    0x20000020, 0x25282028, 0x001f0023, 0x2323251e, 0x1a060925, 0x011e002b, 0x23061415, 0x011e1521, 0x37363233, 0x16323336, 0x06071415, 0x012e2223, 0x013e3435, 0x2e351333, 
    0x06222301, 0xeb011507, 0x160e5b99, 0x712500fe, 0x2c7f4946, 0x09080709, 0x61ab6307, 0x9e5c5b9f, 0x6725ce5c, 0x2673433d, 0x854f9e02, 0xc616204d, 0x32363632, 0x09080909, 
    0x99597208, 0x5d9e5d5e, 0x2bb8ccfe, 0xa832362d, 0x4b000400, 0x3c04f4ff, 0x1d00a002, 0x39002d00, 0x5a004700, 0x010a5740, 0x01190706, 0x4c020605, 0x010c0400, 0x07040607, 
    0x0b060069, 0x06090501, 0x010d6905, 0x00080009, 0x0a670809, 0x02020203, 0x01014d21, 0x00220000, 0x2e3a3a4e, 0x001e1e2e, 0x3a473a00, 0x2e3e4145, 0x34382e39, 0x1e2d1e32, 
    0x0024262c, 0x251c001d, 0x070e2526, 0x16002b19, 0x06141115, 0x27262223, 0x06141101, 0x35262223, 0x33363411, 0x01171632, 0x33363403, 0x35012e00, 0x33013e34, 0x15011e32, 
    0x23010e14, 0x14150626, 0x36323316, 0x23263435, 0x14151612, 0x22012b06, 0x36343526, 0x5602013b, 0x161c2627, 0xdafe111c, 0x271d1c27, 0x1b171c26, 0x01250113, 0x29011d27, 
    0x4e2d2d4e, 0x2d4e2f2f, 0x1e2f4e2d, 0x1e1e2626, 0x911e2626, 0xfc131919, 0x12191912, 0x28a002fc, 0x1dddfd1d, 0x01151427, 0x1da2fe7a, 0x021d2828, 0x14271d23, 0x0189fe18, 
    0xfe281d5e, 0x2d4c2c4c, 0x2c2c4b2d, 0x4c2d2d4b, 0x1f28ec2c, 0x1f28281f, 0xd1fe281f, 0x18121318, 0x18131218, 0x1d00ffff, 0x3d02b4ff, 0x0601e002, 0x39005003, 0x00b10800, 
    0xb039b002, 0x00002b35, 0x3efe0200, 0xceff5602, 0x0b00f202, 0x34001700, 0x446406b1, 0x03052940, 0x00010304, 0x05590100, 0x01030403, 0x02610001, 0x00010001, 0x000c0c51, 
    0x0c170c00, 0x00101216, 0x240a000b, 0x2b170906, 0x440006b1, 0x14151600, 0x26222306, 0x33363435, 0x14151620, 0x26222306, 0x33363435, 0x2f2eb2fe, 0x30312022, 0x2e110121, 
    0x31202130, 0xf2022130, 0x2d20222d, 0x2e211e2f, 0x2e1f222d, 0x2e211e2f, 0xb1fe0100, 0x5aff5202, 0x0b00f502, 0x06b12700, 0x1c404464, 0x00010102, 0x02590100, 0x00010101, 
    0x01000061, 0x00005100, 0x0a000b00, 0x17090324, 0x0006b12b, 0x15160244, 0x22230614, 0x36343526, 0x3232d833, 0x31312323, 0x30f50223, 0x2f2f2222, 0x00302222, 0xaafe0100, 
    0x64ff3202, 0x11002103, 0x06b12500, 0x1a404464, 0x0001010e, 0x00004c01, 0x02850001, 0x76010101, 0x11000000, 0x03271000, 0xb12b1709, 0x02440006, 0x26012f26, 0x33363435, 
    0x011f1632, 0x06161516, 0x091be923, 0x1d260b3e, 0x2f072413, 0x1c220208, 0x0e113202, 0x1c131267, 0x6b121528, 0x26190c12, 0xa8fe0100, 0x62ff3202, 0x11002103, 0x06b12500, 
    0x1a404464, 0x00010102, 0x00004c01, 0x02850001, 0x76010101, 0x11000000, 0x03271000, 0xb12b1709, 0x00440006, 0x3f343726, 0x33013e01, 0x14151632, 0x010e010f, 0x22cafe23, 
    0x082f0802, 0x261d1323, 0x1b093e0b, 0x2632020f, 0x6b120c19, 0x1c281512, 0x0e671213, 0x00000011, 0x3afe0200, 0xd0ff3202, 0x11002103, 0x2a002300, 0x446406b1, 0x01021f40, 
    0x85000100, 0x03040305, 0x12760101, 0x12000012, 0x1b221223, 0x00110019, 0x09062710, 0x06b12b17, 0x26004400, 0x013f3637, 0x3233013e, 0x0f141516, 0x23010e01, 0x36372632, 
    0x013e013f, 0x15163233, 0x0e010f14, 0x5cfe2301, 0x08010222, 0x1423072f, 0x3d0c261d, 0xbf0f1b0a, 0x08010222, 0x1423072f, 0x3e0b261d, 0x020f1b0a, 0x0d192632, 0x15126b11, 
    0x14111c28, 0x26110e67, 0x6b110d19, 0x1c281512, 0x0e671213, 0x00000011, 0x63fe0100, 0xa9ff3602, 0x15001903, 0x06b12100, 0x16404464, 0x02000107, 0x02004c01, 0x01850200, 
    0x76000001, 0x03232426, 0xb12b1909, 0x02440006, 0x23061415, 0x07012f22, 0x26222306, 0x013f3435, 0x1f323336, 0x141e5701, 0x4f4f0e14, 0x1e14140e, 0x1e146011, 0x0260141e, 
    0x1c16157d, 0x0e51510e, 0x1115161c, 0x74171774, 0x63fe0100, 0xa9ff3702, 0x17001a03, 0x06b12700, 0x1c404464, 0x01000114, 0x02034c01, 0x01000102, 0x00000085, 0x00000076, 
    0x27160017, 0x18090427, 0x0006b12b, 0x15160244, 0x010f0614, 0x2f222306, 0x35012e01, 0x32333634, 0x3637011f, 0x081e7533, 0x1f136009, 0x0960131f, 0x15141e08, 0x0d4f4f0d, 
    0x1c1a0315, 0x0a110c16, 0x73171773, 0x160c110a, 0x51510f1c, 0x0000000f, 0x59fe0100, 0xb2ff3b02, 0x1d002003, 0x06b12e00, 0x23404464, 0x01000102, 0x01008500, 0x59010303, 
    0x03010100, 0x03010461, 0x00510301, 0x001d0000, 0x2625251c, 0x2b190905, 0x440006b1, 0x3d012e00, 0x33363401, 0x011d1632, 0x32331614, 0x34013d36, 0x16323336, 0x0e14011d, 
    0xd4fe2301, 0x171f2c4f, 0x1f241d17, 0x171e251e, 0x4f2c1d17, 0x2b3b0231, 0x1709304c, 0x08171e1e, 0x1f25251f, 0x1e1e1708, 0x4c300917, 0x0000002b, 0x87fe0200, 0x84ff2602, 
    0x0b001b03, 0x37001700, 0x446406b1, 0x01042c40, 0x03010501, 0x69030102, 0x00000200, 0x02005902, 0x00610002, 0x51000200, 0x00000c0c, 0x160c170c, 0x0b001012, 0x06240a00, 
    0xb12b1709, 0x02440006, 0x06141516, 0x35262223, 0x0e333634, 0x16141501, 0x35363233, 0xc4232634, 0x36374848, 0x10364848, 0x11121718, 0x03111818, 0x3535451b, 0x34354646, 
    0x12175146, 0x11181712, 0x00001712, 0x44fe0100, 0xc7ff3e02, 0x2200fe02, 0x06b1b200, 0xb04b4464, 0x4058502d, 0x0003001b, 0x04590301, 0x00000201, 0x69000201, 0x01030300, 
    0x02050662, 0x52010301, 0x2eb04b1b, 0x23405850, 0x04020400, 0x05010085, 0x03008601, 0x59030500, 0x00000200, 0x69000205, 0x05030300, 0x05010662, 0x1b520503, 0x502fb04b, 
    0x001b4058, 0x03010003, 0x02010459, 0x02010000, 0x03006900, 0x06620103, 0x03010205, 0x401b5201, 0x02040023, 0x01008504, 0x00860105, 0x03050003, 0x00020059, 0x00020500, 
    0x03030069, 0x01066205, 0x52050305, 0x40595959, 0x0000000e, 0x24210022, 0x24232424, 0x2b1b0907, 0x440006b1, 0x2e012f02, 0x07222301, 0x2223010e, 0x36343526, 0x011f3233, 
    0x3233011e, 0x013e3736, 0x15163233, 0xd1230614, 0x0f101b23, 0x05081609, 0x1d18131a, 0x22253341, 0x0a0f111c, 0x05040c0b, 0x1c19131a, 0x4302323e, 0x080c1217, 0x2014121c, 
    0x17473a1a, 0x0d080b12, 0x2014110f, 0x00473a1a, 0x67fe0100, 0xa5ff6e02, 0x0d00d802, 0x06b12700, 0x1c404464, 0x00010102, 0x02570100, 0x00010101, 0x0100005f, 0x00004f00, 
    0x0b000d00, 0x17090334, 0x0006b12b, 0x15160244, 0x012b0614, 0x34352622, 0x7b013b36, 0xce182020, 0x18202018, 0x1ed802ce, 0x1e1e1717, 0x001e1717, 0xbcfe0100, 0x50ff02ff, 
    0x1100d8ff, 0x06b12600, 0x1b404464, 0x01010000, 0x00005900, 0x02610100, 0x01000101, 0x00000051, 0x28100011, 0x2b170903, 0x440006b1, 0x34352604, 0x34353637, 0x16323336, 
    0x07061415, 0xe0fe2306, 0x27080524, 0x15281c1c, 0xfe1d1611, 0x120f1622, 0x271c1c1e, 0x411f1c27, 0x00001f14, 0x88fe0100, 0x83ff40ff, 0x1a005000, 0x06b12c00, 0x21404464, 
    0x01000100, 0x02000085, 0x00590002, 0x62020000, 0x00020103, 0x00005202, 0x19001a00, 0x0904352a, 0x06b12b18, 0x27044400, 0x36343526, 0x36321733, 0x2e273435, 0x36343502, 
    0x011e3233, 0x23061415, 0x2018c0fe, 0x1a20141c, 0x0e021520, 0x19121707, 0x47542437, 0x1d0e09c0, 0x14011c14, 0x031b1b14, 0x10071012, 0x1f432d13, 0x0000463b, 0x98fe0100, 
    0x73ff40ff, 0x1c005300, 0x06b12c00, 0x21404464, 0x00010000, 0x02010085, 0x00590102, 0x62020101, 0x01020103, 0x00005202, 0x1b001c00, 0x09042739, 0x06b12b18, 0x26044400, 
    0x37363435, 0x3233013e, 0x07141516, 0x1415010e, 0x32373316, 0x06141516, 0xfe230607, 0x312a42da, 0x100f2118, 0x1d1b1519, 0x12101112, 0x1c131417, 0x2f38c01f, 0x13283b24, 
    0x170f1712, 0x0f221712, 0x19010e0c, 0x051a1113, 0x00000007, 0x9c00ffff, 0x56013202, 0x03002103, 0xf4016303, 0x00000000, 0x4d00ffff, 0xa6013b02, 0x03002003, 0xf4016703, 
    0x00000000, 0x5700ffff, 0x9d013702, 0x03001a03, 0xf4016603, 0x00000000, 0x7c00ffff, 0x770140ff, 0x03005000, 0xf4016c03, 0x00000000, 0x5700ffff, 0x9d013602, 0x03001903, 
    0xf4016503, 0x00000000, 0x3200ffff, 0xc2015602, 0x0300f202, 0xf4016003, 0x00000000, 0xa500ffff, 0x4e015202, 0x0300f502, 0xf4016103, 0x00000000, 0x9e00ffff, 0x58013202, 
    0x03002103, 0xf4016203, 0x00000000, 0x2e00ffff, 0xc4013202, 0x03002103, 0xf4016403, 0x00000000, 0x5b00ffff, 0x99016e02, 0x0300d802, 0xf4016a03, 0x00000000, 0x8c00ffff, 
    0x670140ff, 0x03005300, 0xf4016d03, 0x00000000, 0x7b00ffff, 0x78012602, 0x03001b03, 0xf4016803, 0x00000000, 0x3800ffff, 0xbb013e02, 0x0300fe02, 0xf4016903, 0x00000000, 
    0x34fe0200, 0xd8ffe002, 0x0b007c03, 0x2a001700, 0x01022740, 0x00010100, 0x00010259, 0x05610100, 0x01030403, 0x0c510100, 0x0c00000c, 0x12160c17, 0x000b0010, 0x0706240a, 
    0x26002b17, 0x33363435, 0x14151632, 0x26162306, 0x33363435, 0x14151632, 0x65fe2306, 0x22203031, 0xe4223030, 0x21203132, 0x02213030, 0x211e2fe1, 0x1f212d2d, 0x1e2f012e, 
    0x212e2e21, 0x00002e1f, 0xb1fe0100, 0x5affde02, 0x0b008003, 0x1c401f00, 0x00010102, 0x02590100, 0x00010101, 0x01000061, 0x00005100, 0x0a000b00, 0x17070324, 0x1516022b, 
    0x22230614, 0x36343526, 0x3232d833, 0x31312323, 0x2f800323, 0x2f2f2222, 0x002f2222, 0xaafe0100, 0x62ffcf02, 0x1100ae03, 0x14401700, 0x00010000, 0x01010285, 0x00007601, 
    0x10001100, 0x17070327, 0x2f26022b, 0x34352601, 0x16323336, 0x1516011f, 0xe2070614, 0x0d400b1c, 0x20111d26, 0x1f06340a, 0x0bcf021a, 0x16115a0f, 0x1310281c, 0x180e0c64, 
    0x00000125, 0xaafe0100, 0x63ffcf02, 0x1100ae03, 0x14401700, 0x00010000, 0x01010285, 0x00007601, 0x10001100, 0x17070327, 0x3526002b, 0x3e013f34, 0x16323301, 0x010f1415, 
    0xfe23010e, 0x34061fc9, 0x1d11200a, 0x0b400e27, 0xd0020b1c, 0x0c0e1825, 0x29101364, 0x5a11171a, 0x00000b0f, 0x31fe0200, 0xdcffce02, 0x1100ae03, 0x22002300, 0x01021f40, 
    0x85000100, 0x03040305, 0x12760101, 0x12000012, 0x1b231223, 0x00110019, 0x07062711, 0x26002b17, 0x013f3435, 0x3233013e, 0x0f141516, 0x27010e01, 0x34352636, 0x013e013f, 
    0x15163233, 0x0e010f14, 0x50fe2701, 0x0a34061f, 0x271d1120, 0x1c0b410d, 0x061ed60a, 0x11200a34, 0x410e271d, 0x020a1c0b, 0x0e1825d0, 0x1013640c, 0x11161b29, 0x010c0f5a, 
    0x0f182401, 0x1013640c, 0x11171a29, 0x010c0f5a, 0x5bfe0100, 0xb1ffd202, 0x1700a303, 0x16401900, 0x02000108, 0x02004c01, 0x01850200, 0x76000001, 0x03242427, 0x022b1907, 
    0x06141516, 0x012f2223, 0x22230607, 0x36343526, 0x3336013f, 0x5d011f32, 0x15141d0e, 0x11535312, 0x0e1d1416, 0x19165e10, 0x035e141b, 0x150c1323, 0x4c4c101d, 0x0c151d10, 
    0x145d0f13, 0x00005d14, 0x5bfe0100, 0xb1ffd202, 0x1700a303, 0x1c401f00, 0x01000114, 0x02034c01, 0x01000102, 0x00000085, 0x00000076, 0x27160017, 0x18070427, 0x1516022b, 
    0x010f0614, 0x2f222306, 0x35012e01, 0x32333634, 0x3637011f, 0x0d1d6c33, 0x1b145e11, 0x115e1619, 0x16141d0d, 0x12535311, 0x1da30315, 0x10130c15, 0x5c14145c, 0x150c1310, 
    0x4c4c101d, 0x00000010, 0x59fe0100, 0xb2ffcf02, 0x1d00a803, 0x23402600, 0x01000102, 0x01008500, 0x59010303, 0x03010100, 0x03010461, 0x00510301, 0x001d0000, 0x2625251c, 
    0x2b190705, 0x3d012e00, 0x33363401, 0x011d1632, 0x32331614, 0x34013d36, 0x16323336, 0x0e14011d, 0xd6fe2301, 0x181e2e4f, 0x1d261d17, 0x161f261d, 0x4f2d1d17, 0x2acf0230, 
    0x17042d4a, 0x03151b1d, 0x1c25251c, 0x1d1c1403, 0x4a2d0417, 0x0000002a, 0x87fe0200, 0x84ffa302, 0x0b009703, 0x2f001700, 0x01042c40, 0x03010501, 0x69030102, 0x00000200, 
    0x02005902, 0x00610002, 0x51000200, 0x00000c0c, 0x160c170c, 0x0b001012, 0x06240a00, 0x022b1707, 0x06141516, 0x35262223, 0x0e333634, 0x16141501, 0x35363233, 0xc4232634, 
    0x36374848, 0x10364848, 0x11111818, 0x03111818, 0x35344597, 0x34354646, 0x12175045, 0x12181812, 0x00001811, 0x3efe0100, 0xcdffcd02, 0x23008f03, 0xb04b5a00, 0x4058501d, 
    0x0401001b, 0x02590103, 0x04000001, 0x69040003, 0x03010100, 0x02050662, 0x52030103, 0x0023401b, 0x85020002, 0x03050106, 0x01008605, 0x59010304, 0x04000000, 0x69040003, 
    0x03010100, 0x01030062, 0x40595203, 0x0000000e, 0x24220023, 0x24252324, 0x2b1b0707, 0x34352600, 0x1f323336, 0x33021e01, 0x013e3732, 0x15163233, 0x22230614, 0x012e012f, 
    0x07062223, 0xfe23010e, 0x34411d5b, 0x041e2525, 0x17060d15, 0x131a0408, 0x33411d19, 0x101f2426, 0x0e0d0913, 0x131a0503, 0x1a1fcd02, 0x12154839, 0x1b040b02, 0x1a1f1411, 
    0x11154839, 0x0e0d0809, 0x00001311, 0x5dfe0100, 0xaffff502, 0x0d005f03, 0x1c401f00, 0x00010102, 0x02570100, 0x00010101, 0x0100005f, 0x00004f00, 0x0b000d00, 0x17070334, 
    0x1516022b, 0x012b0614, 0x34352622, 0x71013b36, 0xe4172020, 0x17202017, 0x1f5f03e4, 0x1f1f1616, 0x001f1616, 0xb5fe0100, 0x57ffcc02, 0x1000af03, 0x21402400, 0x00010102, 
    0x00004c01, 0x59000101, 0x01000000, 0x01010261, 0x00510100, 0x00100000, 0x0603270f, 0x26002b17, 0x013f3435, 0x3233013e, 0x0f141516, 0xfe230601, 0x1a0223d8, 0x1b142707, 
    0x11290829, 0x24cc0226, 0x600a0519, 0x1b27191e, 0x255c120e, 0x47fe0200, 0xc5ff5602, 0x0b00f202, 0x24001700, 0x03052140, 0x01010304, 0x01026100, 0x01420000, 0x000c0c4e, 
    0x0c170c00, 0x00101216, 0x240a000b, 0x2b170906, 0x34352600, 0x16323336, 0x23061415, 0x34352632, 0x16323336, 0x23061415, 0x303178fe, 0x2f2f2221, 0x3030bb22, 0x302f2221, 
    0x2f560221, 0x2d2e201f, 0x2e2e2021, 0x2d2e2020, 0x002e2021, 0x50fe0100, 0xbbff3c02, 0x2500fe02, 0xb04b4f00, 0x40585021, 0x06030015, 0x03010205, 0x00006601, 0x04610200, 
    0x42020201, 0x401b4e00, 0x0501001e, 0x03008601, 0x01050106, 0x006a0503, 0x4d420404, 0x02000000, 0x02020061, 0x594e0042, 0x00000e40, 0x24002500, 0x24242524, 0x1b090725, 
    0x2f26022b, 0x23012e01, 0x0e070622, 0x26222301, 0x33363435, 0x011f1632, 0x3233011e, 0x013e3736, 0x15163233, 0xc7230614, 0x0c13131f, 0x0d0b070e, 0x131a0404, 0x313f1d19, 
    0x13131f12, 0x0b070d0d, 0x1a04040d, 0x3e1d1913, 0x0c430232, 0x070a0f0e, 0x14110f0d, 0x48391a20, 0x0a0f0e0c, 0x110e0d07, 0x3a1a2015, 0x00000047, 0x7efe0100, 0x8eff6e02, 
    0x0d00d802, 0x1c401f00, 0x00010102, 0x02570100, 0x00010101, 0x0100005f, 0x00004f00, 0x0b000d00, 0x17090334, 0x1516022b, 0x012b0614, 0x34352622, 0x90013b36, 0xa6171e1e, 
    0x171e1e17, 0x1ed802a6, 0x1e1e1717, 0x001e1717, 0xb9fe0100, 0x52ff1702, 0x10000c03, 0x02b53c00, 0x01000101, 0x1bb04b4c, 0x0c405850, 0x01010102, 0x00006100, 0x4e014200, 
    0x0011401b, 0x00010100, 0x00000059, 0x01026101, 0x51010001, 0x000a4059, 0x00100000, 0x0903270f, 0x26002b17, 0x013f3435, 0x3233013e, 0x0f141516, 0xfe230601, 0x110124dd, 
    0x1a1b2603, 0x0f210429, 0x23170229, 0x7004071b, 0x1d272418, 0x296f0c0d, 0xac000100, 0x47012502, 0x11002d03, 0x06b12d00, 0x22404464, 0x0102020b, 0x004c0100, 0x00010100, 
    0x00000059, 0x01026101, 0x51010001, 0x11000000, 0x03271000, 0xb12b1708, 0x12440006, 0x3f343526, 0x33013e01, 0x14151632, 0x010e010f, 0x0125d123, 0x1922051a, 0x2202261a, 
    0x02161e06, 0x07172025, 0x22198b04, 0x0a051924, 0x001e1985, 0xeaff0300, 0x07022502, 0x11002d03, 0x29001d00, 0x06b14900, 0x3e404464, 0x0302020b, 0x004c0102, 0x00010200, 
    0x02010459, 0x03070508, 0x03020103, 0x00000069, 0x01066101, 0x51010001, 0x12121e1e, 0x291e0000, 0x2224281e, 0x1c121d12, 0x11001618, 0x09271000, 0xb12b1708, 0x12440006, 
    0x3f343526, 0x33013e01, 0x14151632, 0x010e010f, 0x35012e23, 0x32333634, 0x06141516, 0x35262023, 0x32333634, 0x06141516, 0x0125d223, 0x1922051a, 0x2302271a, 0xce161e06, 
    0x211f3132, 0x0120302f, 0x1f30315f, 0x212f2f21, 0x18202502, 0x198b0307, 0x04192522, 0x1e19850a, 0x211e2f31, 0x1f212e2e, 0x211e2f2e, 0x1f212e2e, 0x0000002e, 0x59fe0100, 
    0xb2ff3b02, 0x1d002003, 0x1e402100, 0x01000102, 0x01048500, 0x61010303, 0x21010100, 0x00004e03, 0x1c001d00, 0x05262525, 0x002b1907, 0x013d012e, 0x32333634, 0x14011d16, 
    0x36323316, 0x3634013d, 0x1d163233, 0x010e1401, 0x4fd4fe23, 0x18171f2c, 0x1e1e231e, 0x17171f23, 0x314f2c1e, 0x4c2b3b02, 0x1e170930, 0x1f0b171e, 0x0b1f2525, 0x171e1e17, 
    0x2b4c3009, 0x59fe0100, 0xb2ffcf02, 0x1d00a803, 0x23402600, 0x01000102, 0x01008500, 0x59010303, 0x03010100, 0x03010461, 0x00510301, 0x001d0000, 0x2625251c, 0x2b190705, 
    0x3d012e00, 0x33363401, 0x011d1632, 0x32331614, 0x34013d36, 0x16323336, 0x0e14011d, 0xd6fe2301, 0x171f2d50, 0x1e231e18, 0x181f241d, 0x4f2d1c18, 0x2acf0230, 0x16052d4a, 
    0x07141b1d, 0x1f24241f, 0x1c1b1407, 0x4a2d0517, 0x0000002a, 0xaf000100, 0x44013002, 0x11003203, 0x1b401e00, 0x01010000, 0x00005900, 0x02610100, 0x01000101, 0x00000051, 
    0x26100011, 0x2b170903, 0x34352612, 0x33363736, 0x14151632, 0x14150607, 0x26d52306, 0x28160c12, 0x0b072217, 0x30021b27, 0x53201c25, 0x1821301e, 0x243c190f, 0x0000261b, 
    0x3a000000, 0x7a003a00, 0x2a01d400, 0xb2016c01, 0x5802f001, 0xc0029a02, 0x4403f802, 0xc4037203, 0x50040804, 0xfa049604, 0xd0054805, 0x42060406, 0xd2067a06, 0x56071a07, 
    0xa2079607, 0xba07ae07, 0xd207c607, 0xea07de07, 0x0208f607, 0x90088408, 0xb408a208, 0xd208c008, 0x4009e408, 0x54094c09, 0x6c096009, 0x84097809, 0x9c099009, 0xb409a809, 
    0x2a0a1e0a, 0x420a360a, 0xb80a4e0a, 0xd00ac40a, 0xe80adc0a, 0x000bf40a, 0x180b0c0b, 0x300b240b, 0x480b3c0b, 0x600b540b, 0x7e0b720b, 0xe60b900b, 0xfe0bf20b, 0x5e0c0a0c, 
    0x760c6a0c, 0x8e0c820c, 0xa60c9a0c, 0xbe0cb20c, 0x3c0d300d, 0x220e480d, 0x7a0e6e0e, 0x920e860e, 0xaa0e9e0e, 0xc20eb60e, 0x360fce0e, 0x8c0f3e0f, 0xa40f980f, 0xbc0fb00f, 
    0xd40fc80f, 0xec0fe00f, 0x0410f80f, 0x76106a10, 0x8e108210, 0xa6109a10, 0xbe10b210, 0xd610ca10, 0xee10e210, 0x0611fa10, 0x22111611, 0xa6116411, 0x70121412, 0x1e13c212, 
    0xd6138413, 0xa8146014, 0xc014b414, 0x32150c15, 0xd8159215, 0x76161a16, 0x4817d216, 0x1218c217, 0x88184e18, 0x2219da18, 0xb2197219, 0xca19be19, 0xe219d619, 0xfa19ee19, 
    0x1e1a121a, 0x2e1b2a1a, 0x461b3a1b, 0x5e1b521b, 0x761b6a1b, 0x301c241c, 0xce1cc21c, 0xe61cda1c, 0xfe1cf21c, 0x161d0a1d, 0xa01d221d, 0x081efc1d, 0x201e141e, 0xa81e2c1e, 
    0xe01eba1e, 0xfc1ef01e, 0x141f081f, 0x2c1f201f, 0x481f381f, 0x8a1f541f, 0xa21f961f, 0xc01fb41f, 0xd81fcc1f, 0x34202820, 0x4c204020, 0xb020a420, 0xc820bc20, 0xe020d420, 
    0xf820ec20, 0x9c210421, 0xb421a821, 0xec228e22, 0x0423f822, 0x1c231023, 0x34232823, 0x4c234023, 0x2624ba23, 0x3e243224, 0x56244a24, 0x6e246224, 0x86247a24, 0x9e249224, 
    0x0a25aa24, 0x22251625, 0x3a252e25, 0x52254625, 0x6a255e25, 0x82257625, 0x9a258e25, 0xba25a625, 0x1e26c625, 0xa0269426, 0xb826ac26, 0xd026c426, 0xe826dc26, 0x0027f426, 
    0x18270c27, 0x30272427, 0x48273c27, 0xee27aa27, 0x4a284228, 0xa0289828, 0xdc28d028, 0x7a292429, 0x8e298229, 0x062a9a29, 0xb62a742a, 0xce2ac22a, 0xe22ad62a, 0x302b282b, 
    0x402b382b, 0x7e2b762b, 0x8e2b862b, 0xe62bda2b, 0x502c482c, 0xde2c982c, 0x722d202d, 0xfc2db82d, 0x542e482e, 0x942f202f, 0xfe2f9c2f, 0x86306030, 0x9a309230, 0x5631f230, 
    0x0832a831, 0xf0327e32, 0x82333833, 0x0c340034, 0xce346834, 0x42353635, 0x9c354a35, 0x4a36f435, 0x9a369236, 0xb236a636, 0xc636ba36, 0x34372837, 0x92374037, 0xaa379e37, 
    0x0038f837, 0x1c380838, 0xe2388238, 0x1c391039, 0xbc396439, 0xdc39d039, 0x563ae839, 0x0c3bce3a, 0x243b183b, 0x7a3b6e3b, 0x0c3cc23b, 0x543c4c3c, 0x923c8a3c, 0xce3c9a3c, 
    0xe23cd63c, 0x4e3d463d, 0xdc3d943d, 0x743e1e3e, 0xfa3eb83e, 0xb43f443f, 0xa6403440, 0x2041ae40, 0x9c419441, 0xf841f041, 0xd2427442, 0xb4432243, 0x82441244, 0x1045c644, 
    0xae45a245, 0x82461e46, 0xf446e846, 0x82472e47, 0x3048da47, 0x5e483848, 0x76486a48, 0x8a487e48, 0xf248e648, 0x5049fe48, 0x68495c49, 0x284ac849, 0xa24a304a, 0x5a4b144b, 
    0x724b664b, 0xb44b7a4b, 0xc44bbc4b, 0x904c2e4c, 0x5c4d164d, 0x0c4eaa4d, 0x724e6a4e, 0xc84ec04e, 0x5c4fd44e, 0x744f684f, 0x844f7c4f, 0xf24fb24f, 0x0250fa4f, 0x6c500a50, 
    0x7c507450, 0xb850b050, 0x3251c050, 0x70513a51, 0xd4517851, 0xe451dc51, 0x7c527452, 0x3c53d052, 0x60534e53, 0x84537253, 0xa8539653, 0xc653ba53, 0x3054d253, 0x7055f854, 
    0x0656ac55, 0xd2568056, 0x72572457, 0xf257a857, 0x9a584258, 0x1459a258, 0x5e591c59, 0x0a5ab059, 0xb05a6c5a, 0x4e5bec5a, 0x045cac5b, 0x7c5c705c, 0x945c885c, 0xac5ca05c, 
    0xc45cb85c, 0xdc5cd05c, 0xf45ce85c, 0xb05d6e5d, 0x445eea5d, 0xf45ea45e, 0x585f505f, 0x965f8e5f, 0x6260e65f, 0xb261f060, 0xde624662, 0xe6637063, 0x12658064, 0xc8656a65, 
    0xb4663866, 0xc4674a67, 0x94683c68, 0x9e692669, 0x586a146a, 0xee6a946a, 0x9e6b4e6b, 0x4a6cfa6b, 0xe46c846c, 0x466df26c, 0xca6d826d, 0x2e6e266e, 0x866e7e6e, 0x966e8e6e, 
    0xa66e9e6e, 0x326ff06e, 0x766f6e6f, 0xce6f7e6f, 0x2670d66f, 0x96703470, 0xee709e70, 0x4e713e71, 0x6e715e71, 0x8e717e71, 0xae719e71, 0xce71be71, 0xee71de71, 0x0e72fe71, 
    0x2e721e72, 0x4e723e72, 0x6e725e72, 0xb8727e72, 0x4873f272, 0x0674b873, 0xc2747674, 0x5075f674, 0xae75a075, 0xca75bc75, 0xe675d875, 0x0276f475, 0x1e761076, 0x56762c76, 
    0x76766676, 0x96768676, 0xb676a676, 0xd676c676, 0xf676e676, 0x16770677, 0x36772677, 0x56774677, 0x7a776677, 0xcc779c77, 0xf077de77, 0x42780078, 0xf0788478, 0x6c795e79, 
    0x007a9879, 0xf27aba7a, 0x6c7b2a7b, 0xe67bd87b, 0xfc7bf47b, 0x147c047c, 0x5c7c247c, 0x067d947c, 0xb07d767d, 0x207ee87d, 0x667e587e, 0x827e747e, 0x9e7e907e, 0xd47eac7e, 
    0x067fdc7e, 0x387f307f, 0x747f667f, 0x8a7f7c7f, 0xa07f987f, 0xea7fde7f, 0x0280f67f, 0x40803280, 0x58804c80, 0xdc809a80, 0xf880e880, 0x14810681, 0x30812281, 0x82815681, 
    0xb681a681, 0xbe81be81, 0x6482be81, 0x4e83d082, 0xe284c883, 0xd6853c85, 0xf2866886, 0xfc879087, 0x1c89a688, 0x088a8289, 0x9e8a968a, 0x3e8ba68a, 0x0c8c468b, 0x6a8c628c, 
    0x9e8d148d, 0xa48e388e, 0xa28f148f, 0x8e900890, 0x08910091, 0x5c911891, 0x94916c91, 0x0092d691, 0xa6924c92, 0x7e93fa92, 0xf293b893, 0x9a944694, 0x0a95f494, 0xce959c95, 
    0x80960896, 0xd696ce96, 0x1897de96, 0xac976697, 0x1c981498, 0x9699ca98, 0xfa99a699, 0x7c9a389a, 0x029bbe9a, 0x869b449b, 0x0c9ccc9b, 0xea9c789c, 0x729d309d, 0xe49d9a9d, 
    0x469e1a9e, 0xa89e829e, 0x0c9fe09e, 0x669f389f, 0xca9f929f, 0x3aa0fe9f, 0xa0a072a0, 0x04a1cea0, 0x6ca13ea1, 0xc2a194a1, 0x24a2eaa1, 0x94a256a2, 0x2ca4caa2, 0xfea58ea5, 
    0x8ea63aa6, 0xeea6e2a6, 0x72a7faa6, 0xf6a870a8, 0xcaa938a9, 0xf8aa66aa, 0xf0ab7aab, 0x66ac38ac, 0x9cac72ac, 0x42addeac, 0xdead82ad, 0xd8ae42ae, 0x26afe6ae, 0x82af50af, 
    0x06b0b6af, 0x76b03ab0, 0xfcb0bab0, 0xb6b18ab1, 0x28b2e8b1, 0x76b26cb2, 0x8ab280b2, 0x9eb294b2, 0xb2b2a8b2, 0xc6b2bcb2, 0xdab2d0b2, 0xeeb2e4b2, 0x50b32ab3, 0xa8b37cb3, 
    0x26b4f2b3, 0x9eb45eb4, 0x40b5dcb4, 0x98b568b5, 0x32b6d0b5, 0x96b65ab6, 0x30b7ccb6, 0xacb76cb7, 0x0000dab7, 0x00000100, 0x00000600, 0xcd41c716, 0xf53c0f5f, 0xe8030700, 
    0x00000000, 0x49fc1ed7, 0x00000000, 0xbb8229d7, 0x00ff31fe, 0x08045c05, 0x07000100, 0x00000200, 0x00000000, 0x00000100, 0x40ff2803, 0x85050101, 0xdffe31fe, 0x01005c05, 
    0x00000000, 0x00000000, 0x00000000, 0x90030000, 0x4c00c902, 0x00001801, 0x21009602, 0x4b006c02, 0x2600d002, 0x4b00b202, 0x4b003c02, 0x4b001602, 0x2600eb02, 0x4b00c802, 
    0x4b001d01, 0x05008401, 0x4b009e02, 0x4b000b02, 0x4b001c03, 0x4b00c802, 0x26000a03, 0x4b005102, 0x26000a03, 0x4b008002, 0x2f002f02, 0x06004902, 0x4600bc02, 0x21009602, 
    0x26000c04, 0x27006502, 0x29007102, 0x14004c02, 0x21009602, 0x21009602, 0x21009602, 0x21009602, 0x21009602, 0x21009602, 0x21009602, 0x21009602, 0x21009602, 0x28005503, 
    0x28005503, 0x2600d002, 0x2600d002, 0x2600d002, 0x2600d002, 0x2600d002, 0xf1ffb202, 0x4b00b202, 0xf1ffb202, 0x4b003c02, 0x4b003c02, 0x4b003c02, 0x4b003c02, 0x4b003c02, 
    0x4b003c02, 0x4b003c02, 0x4b003c02, 0x4b003d02, 0x2600eb02, 0x2600eb02, 0x2600eb02, 0x2600eb02, 0xf1ffdc02, 0x4b00c802, 0x4b00a102, 0x4b001d01, 0xe2ff1d01, 0xe4ff1d01, 
    0xbdff1d01, 0x3a001d01, 0xefff1d01, 0xe6ff1d01, 0x06001d01, 0xc7ff1d01, 0x05008401, 0x4b009e02, 0x4b000b02, 0x4b000b02, 0x4b000b02, 0x4b000c02, 0xfcff0b02, 0x4b00c802, 
    0x4b00c802, 0x4b00c802, 0x4b00c802, 0x4b00c802, 0x26000a03, 0x26000a03, 0x26000a03, 0x26000a03, 0x26000a03, 0x26000a03, 0x26000a03, 0x27000b03, 0x27000b03, 0x26000a03, 
    0x26004904, 0x4b005102, 0x4b008002, 0x4b008002, 0x4b008002, 0x2f002f02, 0x2f002f02, 0x2f002f02, 0x2f002f02, 0x2f002f02, 0x4b00da02, 0x2600dd02, 0x06004902, 0x06004902, 
    0x06004902, 0x06004902, 0x4600bc02, 0x4600bc02, 0x4600bc02, 0x4600bc02, 0x4600bc02, 0x4600bc02, 0x4600bc02, 0x4600bc02, 0x4600bc02, 0x4600bc02, 0x26000c04, 0x26000c04, 
    0x26000c04, 0x26000c04, 0x29007102, 0x29007102, 0x29007102, 0x29007102, 0x14004c02, 0x14004c02, 0x14004c02, 0x4b00a102, 0x3a001d01, 0x1000ad01, 0x1d00f801, 0x24002102, 
    0x43007502, 0x27002802, 0x27007502, 0x27003902, 0x0a005601, 0x29007702, 0x43004902, 0x32000d01, 0xb1ff0d01, 0x43003002, 0x43000d01, 0x43007c03, 0x43004902, 0x27006002, 
    0x43007502, 0x27007502, 0x43008401, 0x1a00c701, 0x0800a001, 0x3e004402, 0x15002f02, 0x12005803, 0x27001302, 0x12002f02, 0x1300d401, 0x24002102, 0x24002102, 0x24002102, 
    0x24002102, 0x24002102, 0x24002102, 0x24002102, 0x24002102, 0x24002102, 0x24006e03, 0x24006e03, 0x27002802, 0x27002802, 0x27002802, 0x27002802, 0x27002802, 0x26003d02, 
    0x27001703, 0x26007c02, 0x27003902, 0x27003902, 0x27003902, 0x27003902, 0x27003902, 0x27003902, 0x27003902, 0x27003902, 0x27003902, 0x27003902, 0x29007702, 0x29007702, 
    0x29007702, 0x29007702, 0xf4ff5102, 0x1f004902, 0x43000d01, 0x43000d01, 0xdaff0d01, 0xe4ff0d01, 0xc8ff0d01, 0xf8ff0d01, 0x32001a02, 0xffff0d01, 0xfeff0d01, 0xd2ff0d01, 
    0xb1ff0d01, 0xb1ff0d01, 0x43003002, 0x43000d01, 0x4300af01, 0x34000d01, 0x43009601, 0x08004b01, 0x43004902, 0x43004902, 0x43004902, 0x43004902, 0x43004902, 0x27006002, 
    0x27006002, 0x27006002, 0x27006002, 0x27006002, 0x27006002, 0x27006002, 0x23006402, 0x23006402, 0x27006002, 0x2700ae03, 0x43007502, 0x43008401, 0x1c008401, 0x34008401, 
    0x1a00c701, 0x1a00c701, 0x1a00c701, 0x1a00c701, 0x1a00c701, 0x43008a02, 0x1200af01, 0x0800a001, 0x0800a001, 0x0800a001, 0x3e004402, 0x3e004402, 0x3e004402, 0x3e004402, 
    0x3e004402, 0x3e004402, 0x3e004402, 0x3e004402, 0x3e004402, 0x3e004402, 0x3e004402, 0x12005803, 0x12005803, 0x12005803, 0x12005803, 0x12002f02, 0x12002f02, 0x12002f02, 
    0x12002f02, 0x1300d401, 0x1300d401, 0x1300d401, 0x43001a02, 0x32000d01, 0x27007502, 0x43004f02, 0x27007502, 0x27007502, 0x27007502, 0x27007502, 0x27007502, 0x27007502, 
    0x27007502, 0x27007502, 0x27007502, 0x43004f02, 0x43004f02, 0x43004f02, 0x43004f02, 0x0a007202, 0x0a007202, 0x1b006e01, 0x1d008f01, 0x1d00a101, 0x21009602, 0x4b006402, 
    0x4b006c02, 0x4b000c02, 0x4b000c02, 0x4b00f201, 0x1000d102, 0x4b003c02, 0x4b003c02, 0x4b003c02, 0x1e00ef03, 0x34004c02, 0x4b00cc02, 0x4b00cc02, 0x4b00cc02, 0x4b009e02, 
    0x4b009e02, 0xdfff9e02, 0x4b001c03, 0x4b00c802, 0x26000a03, 0x4b00bf02, 0x4b005102, 0x2600d002, 0x06004902, 0x27007e02, 0x27007e02, 0x24004703, 0x27006502, 0x30009202, 
    0x4b00dd02, 0x4b00dd03, 0x4b000204, 0x4b00b802, 0x4b006302, 0xfeffbb02, 0x4b008003, 0xdfffcb03, 0x4b00e003, 0x2f002f02, 0x2600d002, 0x3600d002, 0x4b001d01, 0xbdff1d01, 
    0x05008401, 0x06001003, 0x4b00ee03, 0x45007702, 0x0600f402, 0xfcffbb02, 0x26000a03, 0x2100a802, 0xefff1102, 0x1800fb03, 0x34004c02, 0x4b00a102, 0xfcff4c03, 0x4b00ed02, 
    0x2600d002, 0x29007102, 0x32007e02, 0x27007302, 0x3000b702, 0x4b008b02, 0x4b001d01, 0x1e00ef03, 0x21009602, 0x28005503, 0x4b003c02, 0x2600dd02, 0x4b00cc02, 0x26000a03, 
    0x26000a03, 0x27007e02, 0x27007e02, 0x17000203, 0x2100a202, 0x26004603, 0x24002102, 0x32006902, 0x46002902, 0x4600c701, 0x4600c701, 0x4600d601, 0x08007e02, 0x27003902, 
    0x27003902, 0x27003902, 0x1e002703, 0x2a00fc01, 0x46005302, 0x46005302, 0x46005302, 0x46002f02, 0x46002f02, 0xf3ff3e02, 0x4600b502, 0x46004f02, 0x27006002, 0x46004902, 
    0x43007502, 0x27002802, 0x0600db01, 0x12002f02, 0x12002f02, 0x27000603, 0x27001302, 0x29002d02, 0x46007002, 0x46005b03, 0x46008a03, 0x46004102, 0x46001b02, 0xfcff5a02, 
    0x4600f802, 0xf3ff3903, 0x46004503, 0x1a00c701, 0x27002e02, 0x2a002e02, 0x32000d01, 0x00000d01, 0xb1ff0d01, 0xf4ff5102, 0x46002e03, 0x3b002b02, 0xf4ff5102, 0xf8ff5a02, 
    0x27006002, 0x15003002, 0xebffe001, 0x2a006c03, 0x2a00fc01, 0x46005402, 0x02009402, 0x46007802, 0x27002802, 0x17002d02, 0x19003202, 0x27003402, 0x29005b02, 0x43004902, 
    0x46001201, 0x1e002703, 0x24002102, 0x24006e03, 0x27003902, 0x27003902, 0x46005302, 0x27006002, 0x27006002, 0x12002f02, 0x12002f02, 0x3e005002, 0x2300c701, 0x29007702, 
    0x2b004803, 0x26000002, 0x3e004b02, 0x3e004b02, 0x3e004b02, 0x43003002, 0x15002902, 0x43004902, 0x43007c03, 0x3e007902, 0x3e007f03, 0x3e00ad03, 0x3e001702, 0xfcff5002, 
    0x46002e03, 0x27004a02, 0x27007502, 0x17009002, 0x43004f02, 0x43004f02, 0x2700dd03, 0x43004f02, 0x43004f02, 0x21009602, 0x4b006c02, 0x4b000b02, 0x2100a202, 0x4b003c02, 
    0x14004c02, 0x4b00c802, 0x26000a03, 0x4b001d01, 0x4b009e02, 0x2100a202, 0x4b001c03, 0x4b00c802, 0x21007c02, 0x26000a03, 0x4b00b202, 0x4b005102, 0x23003a02, 0x06004902, 
    0x29007102, 0x26004603, 0x27006502, 0x3f002703, 0x25001403, 0x07009602, 0x7fff3c02, 0x7fffc802, 0x7fff1d01, 0xa5ff0a03, 0x6aff7102, 0xbdff1403, 0xbdff1d01, 0x29007102, 
    0x21009a02, 0x27009102, 0x43006d02, 0x15002302, 0x27005c02, 0x2900fa01, 0x2b00d901, 0x0e007002, 0x2f008102, 0x41005501, 0x43002e02, 0xfdff2f02, 0x43007202, 0x15002f02, 
    0x2500f101, 0x27006002, 0xf9ff5e02, 0x3e006902, 0x27000902, 0x27009002, 0x01000702, 0x3e004c02, 0x27000603, 0x00002302, 0x3e001a03, 0x27002003, 0x41005501, 0xc7ff5501, 
    0x7dff5501, 0x3e004c02, 0x3e004c02, 0x17004c02, 0x27006002, 0x27002003, 0x27009102, 0x2900fa01, 0x0e007002, 0x2c000a02, 0x38007b02, 0x12009101, 0x2d004802, 0x1c002502, 
    0x10004102, 0x21003402, 0x27003202, 0x26000d02, 0x2e004c02, 0x27003202, 0x3900d203, 0x3900d203, 0x3900d203, 0x3900d203, 0x3900d203, 0x3900d203, 0x3900d203, 0x3900d203, 
    0x3900d203, 0x3900d203, 0x3900d203, 0x3900d203, 0x3900d203, 0x3900d203, 0x3900d203, 0x3900d203, 0x3900d203, 0x3900d203, 0x3900d203, 0x3900d203, 0x2a009302, 0x39000402, 
    0x30004502, 0x13001902, 0x10004002, 0x17002902, 0x27003202, 0x25000d02, 0x2e004c02, 0x27003202, 0x2a009302, 0x25003002, 0x37003002, 0x2c003002, 0x1c003002, 0x0e003002, 
    0x25003002, 0x26003002, 0x32003002, 0x20003002, 0x26003002, 0x25003002, 0x16003002, 0x31003002, 0x25003002, 0x1f003002, 0x0c003002, 0x23003002, 0x26003002, 0x3a003002, 
    0x20003002, 0x26003002, 0x16003002, 0x38007b02, 0x2a00a501, 0x23007201, 0x21008101, 0x15006801, 0x0c007701, 0x19007201, 0x1e007601, 0x19005a01, 0x23008401, 0x1e007601, 
    0x2a00a501, 0x23007201, 0x21008101, 0x15006801, 0x0c007701, 0x19007201, 0x1e007601, 0x19005a01, 0x23008401, 0x1e007601, 0x2a00a501, 0x23007201, 0x21008101, 0x15006801, 
    0x0c007701, 0x19007201, 0x1e007601, 0x19005a01, 0x23008401, 0x1e007601, 0x2a00a501, 0x23007201, 0x21008101, 0x15006801, 0x0c007701, 0x19007201, 0x1e007601, 0x19005a01, 
    0x23008401, 0x1e007601, 0xa4fffb00, 0x2300cb03, 0x2300d503, 0x2100e403, 0x2300a803, 0x15007b03, 0x2300d803, 0x2100e603, 0x1500aa03, 0x0c00e603, 0x23009303, 0x19007003, 
    0x2300c703, 0x2300c403, 0x15009703, 0x1900a103, 0x19004a03, 0x2300c503, 0x23008505, 0x2f001801, 0x30001801, 0x2f001801, 0x2f001801, 0x2f001e03, 0x55005b01, 0x55005b01, 
    0x2200c401, 0x2100c401, 0x2f001801, 0x3300ab01, 0x2e00d301, 0x13007702, 0x2800a002, 0x2800a002, 0x55005b01, 0x2100c401, 0x2f001801, 0x3300ab01, 0x2800a002, 0x2800a002, 
    0x33001301, 0x18001301, 0x45006d01, 0x20006d01, 0x26009d01, 0x1c009d01, 0x5a006b01, 0x26006501, 0x33001301, 0x18001301, 0x45006d01, 0x20006d01, 0x26009d01, 0x1c009d01, 
    0x5a006b01, 0x26006501, 0x26005601, 0x26005601, 0x1c00f601, 0x2a00e803, 0x2a00e803, 0x1c00f601, 0x26005601, 0x26005601, 0x1c00f601, 0x2a00e803, 0x2a00e803, 0x43003301, 
    0x40001a02, 0x44001a02, 0x43001a02, 0x44002d01, 0x43002d01, 0x21005302, 0x2e005502, 0x20005201, 0x2e005201, 0x43001a02, 0x43003301, 0x1f005502, 0x2e005502, 0x1f005401, 
    0x2e005401, 0x1f00cd00, 0x1c00cd00, 0x1f00cd00, 0x1c00cd00, 0x2f001801, 0x00001801, 0x00009400, 0x4b004e02, 0x21002d02, 0x20009102, 0x31001a02, 0xfaffa402, 0xefffc301, 
    0x01001c02, 0x2c003f02, 0xfeff1a02, 0x08007202, 0x07005702, 0x36001902, 0x2a003902, 0x06004902, 0x06004902, 0x24005702, 0x46003002, 0x27003002, 0x2b003002, 0x37003002, 
    0x09003002, 0xfdff3002, 0x0b003002, 0x27003002, 0x0e003002, 0x00003002, 0x16003002, 0x47003002, 0x26003002, 0x1a003002, 0x0a003002, 0x1b003002, 0x2f001801, 0x2200ab01, 
    0x2200ab01, 0x1b00ab01, 0x1b00ab01, 0x21003002, 0x26003002, 0x43003002, 0x24003002, 0x2e003002, 0x2e003002, 0x32003002, 0x25003002, 0x32003002, 0x24003002, 0x2e003002, 
    0x22003002, 0x22003002, 0x23003002, 0x43001702, 0x12006d03, 0xfbff6701, 0x25001403, 0x2100a202, 0x4c00bd02, 0x23003a02, 0x0900de02, 0x2f006602, 0x43007202, 0x2a003f03, 
    0x2a00bd04, 0x1b00ab01, 0x1b00ab01, 0x38008a02, 0x52008a02, 0x25008a02, 0x52008a02, 0x38008a02, 0x69008a02, 0x2b008a02, 0x6a008a02, 0x2b00b203, 0x30008202, 0x2800c004, 
    0x1800c004, 0x3a000703, 0x3a000703, 0x68009902, 0x5a00da02, 0x5a00da02, 0x50001d02, 0x50001d02, 0x1700da02, 0x5a008502, 0x1700da02, 0x17008502, 0x2700da02, 0x5a008502, 
    0x2700da02, 0x5a008502, 0x5a00c103, 0x2500c103, 0x4900ca03, 0x4900ca03, 0x28001002, 0x5000eb01, 0x28001002, 0x2600eb01, 0x28001002, 0x5000eb01, 0x28001002, 0x2600eb01, 
    0x2100bc04, 0x2000bc04, 0x34005c03, 0x34005c03, 0x26007b02, 0x26007b02, 0x2600e104, 0x2600e704, 0x28009002, 0x2600b903, 0x2e00a202, 0x20006502, 0x1d005a02, 0x26000a03, 
    0x21003e02, 0x26000a03, 0x0100d803, 0x18006901, 0x46002001, 0x46000d02, 0x6e004c01, 0x6e004c01, 0xfffff001, 0x2700e301, 0x2700e301, 0x3c001b03, 0x4b006304, 0x1d005a02, 
    0x3efe0000, 0xb1fe0000, 0xaafe0000, 0xa8fe0000, 0x3afe0000, 0x63fe0000, 0x63fe0000, 0x59fe0000, 0x87fe0000, 0x44fe0000, 0x67fe0000, 0xbcfe0000, 0x88fe0000, 0x98fe0000, 
    0x9c00f401, 0x4d00f401, 0x5700f401, 0x7c00f401, 0x5700f401, 0x3200f401, 0xa500f401, 0x9e00f401, 0x2e00f401, 0x5b00f401, 0x8c00f401, 0x7b00f401, 0x3800f401, 0x34fe0000, 
    0xb1fe0000, 0xaafe0000, 0xaafe0000, 0x31fe0000, 0x5bfe0000, 0x5bfe0000, 0x59fe0000, 0x87fe0000, 0x3efe0000, 0x5dfe0000, 0xb5fe0000, 0x47fe0000, 0x50fe0000, 0x7efe0000, 
    0xb9fe0000, 0xac00f401, 0xeafff401, 0x59fe0000, 0x59fe0000, 0xaf00f401, 0x00000100, 0x8c009003, 0x6a000700, 0x02000500, 0x57002a00, 0x00008d00, 0x1e0ef400, 0x05000400, 
    0x1a000000, 0x01003e01, 0x00000000, 0x76000000, 0x01000000, 0x00000000, 0x0e000100, 0x01007600, 0x00000000, 0x04000200, 0x01008400, 0x00000000, 0x1c000300, 0x01008800, 
    0x00000000, 0x13000400, 0x0100a400, 0x00000000, 0x21000500, 0x0100b700, 0x00000000, 0x11000600, 0x0100d800, 0x00000000, 0x1c000800, 0x0100e900, 0x00000000, 0x5f000900, 
    0x01000501, 0x00000000, 0x57010a00, 0x01006401, 0x00000000, 0x18000b00, 0x0100bb02, 0x00000000, 0x18000c00, 0x0100d302, 0x00000000, 0x23000d00, 0x0300eb02, 0x09040100, 
    0xec000000, 0x03000e03, 0x09040100, 0x1c000100, 0x0300fa03, 0x09040100, 0x08000200, 0x03001604, 0x09040100, 0x38000300, 0x03001e04, 0x09040100, 0x26000400, 0x03005604, 
    0x09040100, 0x42000500, 0x03007c04, 0x09040100, 0x22000600, 0x0300be04, 0x09040100, 0x38000800, 0x0300e004, 0x09040100, 0xbe000900, 0x03001805, 0x09040100, 0xae020a00, 
    0x0300d605, 0x09040100, 0x30000b00, 0x03008408, 0x09040100, 0x30000c00, 0x0300b408, 0x09040100, 0x46000d00, 0x6f43e408, 0x69727970, 0x20746867, 0x20296328, 0x36313032, 
    0x3032202c, 0x62203831, 0x614a2079, 0x20626f6b, 0x676e7552, 0x6e612065, 0x694c2064, 0x46206173, 0x68637369, 0x68636162, 0x6e75202c, 0x20726564, 0x6c637865, 0x76697375, 
    0x696c2065, 0x736e6563, 0x6f742065, 0x70795420, 0x74614d65, 0x202e7365, 0x206c6c41, 0x68676972, 0x72207374, 0x72657365, 0x2e646576, 0x61726543, 0x756f5220, 0x5020646e, 
    0x6f426f72, 0x2e36646c, 0x3b303030, 0x4554414d, 0x7265433b, 0x756f5261, 0x7250646e, 0x6f422d6f, 0x6543646c, 0x52206172, 0x646e756f, 0x6f725020, 0x6c6f4220, 0x72655664, 
    0x6e6f6973, 0x302e3620, 0x203b3030, 0x61667474, 0x686f7475, 0x20746e69, 0x2e317628, 0x65432938, 0x6f526172, 0x50646e75, 0x422d6f72, 0x54646c6f, 0x4d657079, 0x73657461, 
    0x7552202c, 0x2065676e, 0x6d6f6854, 0x206e6573, 0x4a526247, 0x626f6b61, 0x6e755220, 0x61206567, 0x4c20646e, 0x20617369, 0x63736946, 0x63616268, 0x77202c68, 0x20687469, 
    0x706c6568, 0x20666f20, 0x6e657249, 0x6c562065, 0x6f686361, 0x49202c75, 0x2061796c, 0x65647552, 0x6e616d72, 0x646e6120, 0x72755920, 0x734f2079, 0x6d6f7274, 0x73746e65, 
    0x6854796b, 0x61702065, 0x75452d6e, 0x65706f72, 0x43206e61, 0x20617265, 0x6c6c6f43, 0x69746365, 0x69206e6f, 0x72642073, 0x6e657669, 0x20796220, 0x65727570, 0x6f656720, 
    0x7274656d, 0x6e612079, 0x6f632064, 0x6961746e, 0x7420736e, 0x62206568, 0x73747365, 0x696c6c65, 0x4320676e, 0x20617265, 0x73756c70, 0x72654320, 0x6f432061, 0x6e65646e, 
    0x2c646573, 0x73746920, 0x65747320, 0x6c69636e, 0x63206465, 0x746e756f, 0x61707265, 0x43207472, 0x20617265, 0x6e657453, 0x2c6c6963, 0x65687420, 0x6e616820, 0x72632d64, 
    0x65746661, 0x69642064, 0x616c7073, 0x6f632079, 0x6e61706d, 0x206e6f69, 0x61726543, 0x75724220, 0x61206873, 0x7320646e, 0x2074666f, 0x61726543, 0x756f5220, 0x0a2e646e, 
    0x6968540a, 0x73692073, 0x65687420, 0x64707520, 0x64657461, 0x72657620, 0x6e6f6973, 0x6f726620, 0x3032206d, 0x202c3831, 0x74616566, 0x6e697275, 0x6d692067, 0x766f7270, 
    0x6e656d65, 0x6f207374, 0x7247206e, 0x206b6565, 0x20646e61, 0x69727943, 0x63696c6c, 0x72637320, 0x20747069, 0x73756c70, 0x65766f20, 0x6c6c6172, 0x72654b20, 0x676e696e, 
    0x64707520, 0x73657461, 0x7474682e, 0x2f2f3a70, 0x2e777777, 0x65707974, 0x6574616d, 0x6f632e73, 0x7474686d, 0x2f2f3a70, 0x2e777777, 0x65707974, 0x6574616d, 0x6f632e73, 
    0x7474686d, 0x2f3a7370, 0x7777772f, 0x7079742e, 0x74616d65, 0x632e7365, 0x6c2f6d6f, 0x6e656369, 0x2f736563, 0x6f004300, 0x79007000, 0x69007200, 0x68006700, 0x20007400, 
    0x63002800, 0x20002900, 0x30003200, 0x36003100, 0x20002c00, 0x30003200, 0x38003100, 0x62002000, 0x20007900, 0x61004a00, 0x6f006b00, 0x20006200, 0x75005200, 0x67006e00, 
    0x20006500, 0x6e006100, 0x20006400, 0x69004c00, 0x61007300, 0x46002000, 0x73006900, 0x68006300, 0x61006200, 0x68006300, 0x20002c00, 0x6e007500, 0x65006400, 0x20007200, 
    0x78006500, 0x6c006300, 0x73007500, 0x76006900, 0x20006500, 0x69006c00, 0x65006300, 0x73006e00, 0x20006500, 0x6f007400, 0x54002000, 0x70007900, 0x4d006500, 0x74006100, 
    0x73006500, 0x20002e00, 0x6c004100, 0x20006c00, 0x69007200, 0x68006700, 0x73007400, 0x72002000, 0x73006500, 0x72006500, 0x65007600, 0x2e006400, 0x65004300, 0x61007200, 
    0x52002000, 0x75006f00, 0x64006e00, 0x50002000, 0x6f007200, 0x6f004200, 0x64006c00, 0x2e003600, 0x30003000, 0x3b003000, 0x41004d00, 0x45005400, 0x43003b00, 0x72006500, 
    0x52006100, 0x75006f00, 0x64006e00, 0x72005000, 0x2d006f00, 0x6f004200, 0x64006c00, 0x65004300, 0x61007200, 0x52002000, 0x75006f00, 0x64006e00, 0x50002000, 0x6f007200, 
    0x42002000, 0x6c006f00, 0x56006400, 0x72006500, 0x69007300, 0x6e006f00, 0x36002000, 0x30002e00, 0x30003000, 0x20003b00, 0x74007400, 0x61006600, 0x74007500, 0x68006f00, 
    0x6e006900, 0x20007400, 0x76002800, 0x2e003100, 0x29003800, 0x65004300, 0x61007200, 0x6f005200, 0x6e007500, 0x50006400, 0x6f007200, 0x42002d00, 0x6c006f00, 0x54006400, 
    0x70007900, 0x4d006500, 0x74006100, 0x73006500, 0x20002c00, 0x75005200, 0x67006e00, 0x20006500, 0x68005400, 0x6d006f00, 0x65007300, 0x20006e00, 0x62004700, 0x4a005200, 
    0x6b006100, 0x62006f00, 0x52002000, 0x6e007500, 0x65006700, 0x61002000, 0x64006e00, 0x4c002000, 0x73006900, 0x20006100, 0x69004600, 0x63007300, 0x62006800, 0x63006100, 
    0x2c006800, 0x77002000, 0x74006900, 0x20006800, 0x65006800, 0x70006c00, 0x6f002000, 0x20006600, 0x72004900, 0x6e006500, 0x20006500, 0x6c005600, 0x63006100, 0x6f006800, 
    0x2c007500, 0x49002000, 0x79006c00, 0x20006100, 0x75005200, 0x65006400, 0x6d007200, 0x6e006100, 0x61002000, 0x64006e00, 0x59002000, 0x72007500, 0x20007900, 0x73004f00, 
    0x72007400, 0x6d006f00, 0x6e006500, 0x73007400, 0x79006b00, 0x68005400, 0x20006500, 0x61007000, 0x2d006e00, 0x75004500, 0x6f007200, 0x65007000, 0x6e006100, 0x43002000, 
    0x72006500, 0x20006100, 0x6f004300, 0x6c006c00, 0x63006500, 0x69007400, 0x6e006f00, 0x69002000, 0x20007300, 0x72006400, 0x76006900, 0x6e006500, 0x62002000, 0x20007900, 
    0x75007000, 0x65007200, 0x67002000, 0x6f006500, 0x65006d00, 0x72007400, 0x20007900, 0x6e006100, 0x20006400, 0x6f006300, 0x74006e00, 0x69006100, 0x73006e00, 0x74002000, 
    0x65006800, 0x62002000, 0x73006500, 0x73007400, 0x6c006500, 0x69006c00, 0x67006e00, 0x43002000, 0x72006500, 0x20006100, 0x6c007000, 0x73007500, 0x43002000, 0x72006500, 
    0x20006100, 0x6f004300, 0x64006e00, 0x6e006500, 0x65007300, 0x2c006400, 0x69002000, 0x73007400, 0x73002000, 0x65007400, 0x63006e00, 0x6c006900, 0x64006500, 0x63002000, 
    0x75006f00, 0x74006e00, 0x72006500, 0x61007000, 0x74007200, 0x43002000, 0x72006500, 0x20006100, 0x74005300, 0x6e006500, 0x69006300, 0x2c006c00, 0x74002000, 0x65006800, 
    0x68002000, 0x6e006100, 0x2d006400, 0x72006300, 0x66006100, 0x65007400, 0x20006400, 0x69006400, 0x70007300, 0x61006c00, 0x20007900, 0x6f006300, 0x70006d00, 0x6e006100, 
    0x6f006900, 0x20006e00, 0x65004300, 0x61007200, 0x42002000, 0x75007200, 0x68007300, 0x61002000, 0x64006e00, 0x73002000, 0x66006f00, 0x20007400, 0x65004300, 0x61007200, 
    0x52002000, 0x75006f00, 0x64006e00, 0x0a002e00, 0x54000a00, 0x69006800, 0x20007300, 0x73006900, 0x74002000, 0x65006800, 0x75002000, 0x64007000, 0x74006100, 0x64006500, 
    0x76002000, 0x72006500, 0x69007300, 0x6e006f00, 0x66002000, 0x6f007200, 0x20006d00, 0x30003200, 0x38003100, 0x20002c00, 0x65006600, 0x74006100, 0x72007500, 0x6e006900, 
    0x20006700, 0x6d006900, 0x72007000, 0x76006f00, 0x6d006500, 0x6e006500, 0x73007400, 0x6f002000, 0x20006e00, 0x72004700, 0x65006500, 0x20006b00, 0x6e006100, 0x20006400, 
    0x79004300, 0x69007200, 0x6c006c00, 0x63006900, 0x73002000, 0x72006300, 0x70006900, 0x20007400, 0x6c007000, 0x73007500, 0x6f002000, 0x65007600, 0x61007200, 0x6c006c00, 
    0x4b002000, 0x72006500, 0x69006e00, 0x67006e00, 0x75002000, 0x64007000, 0x74006100, 0x73006500, 0x68002e00, 0x74007400, 0x3a007000, 0x2f002f00, 0x77007700, 0x2e007700, 
    0x79007400, 0x65007000, 0x61006d00, 0x65007400, 0x2e007300, 0x6f006300, 0x68006d00, 0x74007400, 0x3a007000, 0x2f002f00, 0x77007700, 0x2e007700, 0x79007400, 0x65007000, 
    0x61006d00, 0x65007400, 0x2e007300, 0x6f006300, 0x68006d00, 0x74007400, 0x73007000, 0x2f003a00, 0x77002f00, 0x77007700, 0x74002e00, 0x70007900, 0x6d006500, 0x74006100, 
    0x73006500, 0x63002e00, 0x6d006f00, 0x6c002f00, 0x63006900, 0x6e006500, 0x65006300, 0x2f007300, 0x00000200, 0x00000000, 0x5700c7ff, 0x00000000, 0x00000000, 0x00000000, 
    0x00000000, 0x00000000, 0x00009003, 0x24000300, 0x26002500, 0x28002700, 0x2a002900, 0x2c002b00, 0x2e002d00, 0x30002f00, 0x32003100, 0x34003300, 0x36003500, 0x38003700, 
    0x3a003900, 0x3c003b00, 0xc9003d00, 0xc7000201, 0xad006200, 0x04010301, 0xae006300, 0x05019000, 0xff00fd00, 0x06016400, 0xe9000701, 0x09010801, 0x0a016500, 0xc8000b01, 
    0x0c01ca00, 0x0d01cb00, 0xf8000e01, 0x10010f01, 0x12011101, 0x14011301, 0x1501cc00, 0xce00cd00, 0xcf00fa00, 0x17011601, 0x19011801, 0x1b011a01, 0x1d011c01, 0xe2001e01, 
    0x20011f01, 0x22012101, 0xd0006600, 0xd1002301, 0xd3006700, 0x25012401, 0x26019100, 0xb000af00, 0x2701ed00, 0x29012801, 0xe4002a01, 0x2b01fb00, 0x2d012c01, 0x2f012e01, 
    0x31013001, 0xd4003201, 0xd5003301, 0xd6006800, 0x35013401, 0x37013601, 0x39013801, 0x3b013a01, 0xeb003c01, 0xbb003d01, 0x3f013e01, 0x4001e600, 0x42014101, 0x44014301, 
    0x45004400, 0x47004600, 0x49004800, 0x4b004a00, 0x4d004c00, 0x4f004e00, 0x51005000, 0x53005200, 0x55005400, 0x57005600, 0x59005800, 0x5b005a00, 0x5d005c00, 0x45016900, 
    0x6c006b00, 0x46016a00, 0x6e004701, 0xa0006d00, 0xfe004801, 0x6f000001, 0x4a014901, 0x4b01ea00, 0x70000101, 0x4d014c01, 0x73007200, 0x71004e01, 0x50014f01, 0xf9005101, 
    0x53015201, 0x55015401, 0xd7005601, 0x57017400, 0x77007600, 0x58017500, 0x5a015901, 0x5c015b01, 0x5e015d01, 0x60015f01, 0x62016101, 0x6301e300, 0x65016401, 0x78006601, 
    0x67017900, 0x7c007b00, 0x68017a00, 0xa1006901, 0x7d006a01, 0xee00b100, 0x6c016b01, 0x6e016d01, 0xfc00e500, 0x70016f01, 0x71018900, 0x73017201, 0x7e007401, 0x76017501, 
    0x81008000, 0x77017f00, 0x79017801, 0x7b017a01, 0x7d017c01, 0x7f017e01, 0x8001ec00, 0x8101ba00, 0xe7008201, 0x84018301, 0x86018501, 0x88018701, 0x8a018901, 0x8c018b01, 
    0x8e018d01, 0x90018f01, 0x92019101, 0x94019301, 0xc100c000, 0x9e009d00, 0x96019501, 0x98019701, 0x9a019901, 0x9c019b01, 0x9e019d01, 0xa0019f01, 0xa201a101, 0xa401a301, 
    0xa601a501, 0xa801a701, 0xaa01a901, 0xac01ab01, 0xae01ad01, 0xb001af01, 0xb201b101, 0xb401b301, 0xb601b501, 0xb801b701, 0xba01b901, 0xbc01bb01, 0xbe01bd01, 0xc001bf01, 
    0xc201c101, 0xc401c301, 0xc601c501, 0xc801c701, 0xca01c901, 0xcc01cb01, 0xce01cd01, 0xd001cf01, 0xd201d101, 0xd401d301, 0xd601d501, 0xd801d701, 0xda01d901, 0xdc01db01, 
    0xde01dd01, 0xe001df01, 0xe201e101, 0xe401e301, 0xe601e501, 0xe801e701, 0xea01e901, 0xec01eb01, 0xee01ed01, 0xf001ef01, 0xf201f101, 0xf401f301, 0xf601f501, 0xf801f701, 
    0xfa01f901, 0xfc01fb01, 0xfe01fd01, 0x0002ff01, 0x02020102, 0x04020302, 0x06020502, 0x08020702, 0x0a020902, 0x0c020b02, 0x0e020d02, 0x10020f02, 0x12021102, 0x14021302, 
    0x16021502, 0x18021702, 0x1a021902, 0x1c021b02, 0x1e021d02, 0x20021f02, 0x22022102, 0x24022302, 0x26022502, 0x28022702, 0x2a022902, 0x2c022b02, 0x2e022d02, 0x30022f02, 
    0x32023102, 0x34023302, 0x36023502, 0x38023702, 0x3a023902, 0x3c023b02, 0x3e023d02, 0x40023f02, 0x42024102, 0x44024302, 0x46024502, 0x48024702, 0x4a024902, 0x4c024b02, 
    0x4e024d02, 0x50024f02, 0x52025102, 0x54025302, 0x56025502, 0x58025702, 0x5a025902, 0x5c025b02, 0x5e025d02, 0x60025f02, 0x62026102, 0x64026302, 0x66026502, 0x68026702, 
    0x6a026902, 0x6c026b02, 0x6e026d02, 0x70026f02, 0x72027102, 0x74027302, 0x76027502, 0x78027702, 0x9b007902, 0x7b027a02, 0x7d027c02, 0x7f027e02, 0x81028002, 0x83028202, 
    0x85028402, 0x87028602, 0x89028802, 0x8b028a02, 0x8d028c02, 0x13008e02, 0x15001400, 0x17001600, 0x19001800, 0x1b001a00, 0x8f021c00, 0x91029002, 0x93029202, 0x95029402, 
    0x97029602, 0x99029802, 0x9b029a02, 0x9d029c02, 0x9f029e02, 0xa102a002, 0xa302a202, 0xa502a402, 0xa702a602, 0xa902a802, 0xab02aa02, 0xad02ac02, 0xaf02ae02, 0xb102b002, 
    0xb302b202, 0xb502b402, 0xb702b602, 0xb902b802, 0xbb02ba02, 0xbd02bc02, 0xbf02be02, 0xc102c002, 0xc302c202, 0xc502c402, 0xc702c602, 0xc902c802, 0xcb02ca02, 0xcd02cc02, 
    0xcf02ce02, 0xd102d002, 0xd302d202, 0xd502d402, 0xd702d602, 0xd902d802, 0xdb02da02, 0xdd02dc02, 0xdf02de02, 0xe102e002, 0xe302e202, 0xe502e402, 0xe702e602, 0xe902e802, 
    0xeb02ea02, 0xbc00ec02, 0xed02f400, 0xf500ee02, 0xef02f600, 0xf102f002, 0xf302f202, 0xf502f402, 0xf702f602, 0xf902f802, 0xfb02fa02, 0x0f001100, 0x1e001d00, 0x0400ab00, 
    0x2200a300, 0xc300a200, 0x0d008700, 0x12000600, 0xfc023f00, 0xfe02fd02, 0x0003ff02, 0x02030103, 0x0b000303, 0x5e000c00, 0x3e006000, 0x04034000, 0x06030503, 0x08030703, 
    0x0a030903, 0x10000b03, 0xb2000c03, 0x0d03b300, 0x0e034200, 0x10030f03, 0x12031103, 0xc500c400, 0xb500b400, 0xb700b600, 0xaa00a900, 0xbf00be00, 0x0a000500, 0x14031303, 
    0x16031503, 0x18031703, 0x1a031903, 0x1c031b03, 0x1e031d03, 0xbd008400, 0x1f030700, 0x2003a600, 0x22032103, 0x24032303, 0x85002503, 0x27032603, 0x28039600, 0x2a032903, 
    0x2c032b03, 0x2e032d03, 0x30032f03, 0x32033103, 0x34033303, 0x36033503, 0x38033703, 0x3a033903, 0x3c033b03, 0xef000e00, 0xb800f000, 0x8f002000, 0x1f002100, 0x94009500, 
    0xa7009300, 0xa4006100, 0x92004100, 0x3d039c00, 0x9a003e03, 0xa5009900, 0x3f039800, 0xc6000800, 0x41034003, 0x43034203, 0x45034403, 0x47034603, 0x49034803, 0x4b034a03, 
    0x4d034c03, 0x4f034e03, 0x5003b900, 0x52035103, 0x54035303, 0x56035503, 0x58035703, 0x5a035903, 0x5c035b03, 0x5e035d03, 0x60035f03, 0x62036103, 0x64036303, 0x66036503, 
    0x68036703, 0x6a036903, 0x6c036b03, 0x6e036d03, 0x70036f03, 0x09002300, 0x86008800, 0x8a008b00, 0x8c007103, 0x72038300, 0x5f007303, 0x7403e800, 0xc2008200, 0x76037503, 
    0x78037703, 0x7a037903, 0x7c037b03, 0x7e037d03, 0x80037f03, 0x82038103, 0x84038303, 0x8d008503, 0xe100db00, 0xd800de00, 0xdc008e00, 0xdf004300, 0xe000da00, 0xd900dd00, 
    0x87038603, 0x89038803, 0x8b038a03, 0x8d038c03, 0x8f038e03, 0x91039003, 0x93039203, 0x95039403, 0x97039603, 0x99039803, 0x41069a03, 0x76657262, 0x6d410765, 0x6f726361, 
    0x6f41076e, 0x656e6f67, 0x4541076b, 0x74756361, 0x63430b65, 0x75637269, 0x656c666d, 0x64430a78, 0x6361746f, 0x746e6563, 0x61634406, 0x066e6f72, 0x6f726344, 0x45067461, 
    0x76657262, 0x63450665, 0x6e6f7261, 0x6f64450a, 0x63636174, 0x07746e65, 0x63616d45, 0x076e6f72, 0x6f676f45, 0x0b6b656e, 0x72696347, 0x666d7563, 0x0778656c, 0x30696e75, 
    0x0a323231, 0x746f6447, 0x65636361, 0x4804746e, 0x0b726162, 0x72696348, 0x666d7563, 0x0278656c, 0x49064a49, 0x76657262, 0x6d490765, 0x6f726361, 0x6f49076e, 0x656e6f67, 
    0x7449066b, 0x65646c69, 0x69634a0b, 0x6d756372, 0x78656c66, 0x696e7507, 0x36333130, 0x63614c06, 0x06657475, 0x7261634c, 0x75076e6f, 0x3130696e, 0x4c044233, 0x06746f64, 
    0x7563614e, 0x4e066574, 0x6f726163, 0x6e75076e, 0x34313069, 0x6e450335, 0x624f0667, 0x65766572, 0x75684f0d, 0x7261676e, 0x616c6d75, 0x4f077475, 0x7263616d, 0x4f0b6e6f, 
    0x73616c73, 0x75636168, 0x52066574, 0x74756361, 0x63520665, 0x6e6f7261, 0x696e7507, 0x36353130, 0x63615306, 0x0b657475, 0x72696353, 0x666d7563, 0x0778656c, 0x30696e75, 
    0x07383132, 0x31696e75, 0x07453945, 0x30696e75, 0x04463831, 0x72616254, 0x61635406, 0x076e6f72, 0x30696e75, 0x07323631, 0x30696e75, 0x06413132, 0x65726255, 0x550d6576, 
    0x676e7568, 0x6d757261, 0x7475616c, 0x616d5507, 0x6e6f7263, 0x676f5507, 0x6b656e6f, 0x69725505, 0x5506676e, 0x646c6974, 0x61570665, 0x65747563, 0x6963570b, 0x6d756372, 
    0x78656c66, 0x69645709, 0x73657265, 0x57067369, 0x76617267, 0x63590b65, 0x75637269, 0x656c666d, 0x67590678, 0x65766172, 0x63615a06, 0x0a657475, 0x746f645a, 0x65636361, 
    0x4910746e, 0x74756361, 0x2e4a5f65, 0x6c636f6c, 0x12444c4e, 0x746f6449, 0x65636361, 0x6c2e746e, 0x546c636f, 0x41064b52, 0x64726f2e, 0x2e4f066e, 0x6e64726f, 0x72626106, 
    0x07657665, 0x63616d61, 0x076e6f72, 0x6f676f61, 0x076b656e, 0x63616561, 0x0b657475, 0x72696363, 0x666d7563, 0x0a78656c, 0x746f6463, 0x65636361, 0x6406746e, 0x6f726163, 
    0x6265066e, 0x65766572, 0x61636506, 0x0a6e6f72, 0x746f6465, 0x65636361, 0x6507746e, 0x7263616d, 0x65076e6f, 0x6e6f676f, 0x75076b65, 0x3230696e, 0x670b3935, 0x63726963, 
    0x6c666d75, 0x75077865, 0x3130696e, 0x670a3332, 0x61746f64, 0x6e656363, 0x62680474, 0x680b7261, 0x63726963, 0x6c666d75, 0x69067865, 0x76657262, 0x6a690265, 0x616d6907, 
    0x6e6f7263, 0x676f6907, 0x6b656e6f, 0x69746906, 0x0765646c, 0x30696e75, 0x0b373332, 0x7269636a, 0x666d7563, 0x0778656c, 0x30696e75, 0x06373331, 0x7563616c, 0x6c066574, 
    0x6f726163, 0x6e75076e, 0x33313069, 0x646c0443, 0x6e06746f, 0x74756361, 0x636e0665, 0x6e6f7261, 0x696e7507, 0x36343130, 0x676e6503, 0x72626f06, 0x0d657665, 0x6e75686f, 
    0x75726167, 0x75616c6d, 0x6d6f0774, 0x6f726361, 0x736f0b6e, 0x6873616c, 0x74756361, 0x61720665, 0x65747563, 0x61637206, 0x076e6f72, 0x30696e75, 0x06373531, 0x75636173, 
    0x730b6574, 0x63726963, 0x6c666d75, 0x75077865, 0x3230696e, 0x74043931, 0x06726162, 0x72616374, 0x75076e6f, 0x3130696e, 0x75073336, 0x3230696e, 0x75064231, 0x76657262, 
    0x6e750765, 0x44313069, 0x68750d34, 0x61676e75, 0x6c6d7572, 0x07747561, 0x63616d75, 0x076e6f72, 0x6f676f75, 0x056b656e, 0x6e697275, 0x74750667, 0x65646c69, 0x63617706, 
    0x0b657475, 0x72696377, 0x666d7563, 0x0978656c, 0x65696477, 0x69736572, 0x67770673, 0x65766172, 0x6963790b, 0x6d756372, 0x78656c66, 0x72677906, 0x06657661, 0x7563617a, 
    0x7a0a6574, 0x61746f64, 0x6e656363, 0x61691074, 0x65747563, 0x6c2e6a5f, 0x4e6c636f, 0x6911444c, 0x636f6c2e, 0x4b52546c, 0x636f6c2e, 0x4b52546c, 0x732e6106, 0x06313073, 
    0x73732e79, 0x610b3130, 0x74756361, 0x73732e65, 0x610b3130, 0x76657262, 0x73732e65, 0x61103130, 0x63726963, 0x6c666d75, 0x732e7865, 0x0e313073, 0x65696461, 0x69736572, 
    0x73732e73, 0x610b3130, 0x76617267, 0x73732e65, 0x610c3130, 0x7263616d, 0x732e6e6f, 0x0c313073, 0x6f676f61, 0x2e6b656e, 0x31307373, 0x6972610a, 0x732e676e, 0x0b313073, 
    0x6c697461, 0x732e6564, 0x0b313073, 0x75636179, 0x732e6574, 0x10313073, 0x72696379, 0x666d7563, 0x2e78656c, 0x31307373, 0x6964790e, 0x73657265, 0x732e7369, 0x0b313073, 
    0x61726779, 0x732e6576, 0x10313073, 0x6664726f, 0x6e696d65, 0x2e656e69, 0x31307373, 0x696e7507, 0x30313430, 0x696e7507, 0x31313430, 0x696e7507, 0x32313430, 0x696e7507, 
    0x33313430, 0x696e7507, 0x33303430, 0x696e7507, 0x30393430, 0x696e7507, 0x34313430, 0x696e7507, 0x35313430, 0x696e7507, 0x30303430, 0x696e7507, 0x31303430, 0x696e7507, 
    0x36313430, 0x696e7507, 0x37313430, 0x696e7507, 0x38313430, 0x696e7507, 0x39313430, 0x696e7507, 0x44303430, 0x696e7507, 0x41313430, 0x696e7507, 0x43303430, 0x696e7507, 
    0x42313430, 0x696e7507, 0x43313430, 0x696e7507, 0x44313430, 0x696e7507, 0x45313430, 0x696e7507, 0x46313430, 0x696e7507, 0x30323430, 0x696e7507, 0x31323430, 0x696e7507, 
    0x32323430, 0x696e7507, 0x33323430, 0x696e7507, 0x45303430, 0x696e7507, 0x34323430, 0x696e7507, 0x35323430, 0x696e7507, 0x37323430, 0x696e7507, 0x36323430, 0x696e7507, 
    0x38323430, 0x696e7507, 0x39323430, 0x696e7507, 0x46303430, 0x696e7507, 0x43323430, 0x696e7507, 0x41323430, 0x696e7507, 0x42323430, 0x696e7507, 0x39303430, 0x696e7507, 
    0x41303430, 0x696e7507, 0x35303430, 0x696e7507, 0x34303430, 0x696e7507, 0x44323430, 0x696e7507, 0x36303430, 0x696e7507, 0x37303430, 0x696e7507, 0x38303430, 0x696e7507, 
    0x42303430, 0x696e7507, 0x45323430, 0x696e7507, 0x46323430, 0x696e7507, 0x32303430, 0x696e7507, 0x32363430, 0x696e7507, 0x32373430, 0x696e7507, 0x34373430, 0x696e7507, 
    0x32393430, 0x696e7507, 0x36393430, 0x696e7507, 0x38393430, 0x696e7507, 0x41393430, 0x696e7507, 0x30413430, 0x696e7507, 0x32413430, 0x696e7507, 0x41413430, 0x696e7507, 
    0x45413430, 0x696e7507, 0x30423430, 0x696e7507, 0x32423430, 0x696e7507, 0x36423430, 0x696e7507, 0x41423430, 0x696e7507, 0x30433430, 0x696e7507, 0x31433430, 0x696e7507, 
    0x30443430, 0x696e7507, 0x34443430, 0x696e7507, 0x36443430, 0x696e7507, 0x38443430, 0x696e7507, 0x32453430, 0x696e7507, 0x36453430, 0x696e7507, 0x38453430, 0x696e7507, 
    0x45453430, 0x696e7507, 0x32463430, 0x696e750f, 0x34313430, 0x636f6c2e, 0x5247426c, 0x696e750f, 0x42313430, 0x636f6c2e, 0x5247426c, 0x696e750f, 0x34323430, 0x636f6c2e, 
    0x5247426c, 0x696e7507, 0x30333430, 0x696e7507, 0x31333430, 0x696e7507, 0x32333430, 0x696e7507, 0x33333430, 0x696e7507, 0x33353430, 0x696e7507, 0x31393430, 0x696e7507, 
    0x34333430, 0x696e7507, 0x35333430, 0x696e7507, 0x30353430, 0x696e7507, 0x31353430, 0x696e7507, 0x36333430, 0x696e7507, 0x37333430, 0x696e7507, 0x38333430, 0x696e7507, 
    0x39333430, 0x696e7507, 0x44353430, 0x696e7507, 0x41333430, 0x696e7507, 0x43353430, 0x696e7507, 0x42333430, 0x696e7507, 0x43333430, 0x696e7507, 0x44333430, 0x696e7507, 
    0x45333430, 0x696e7507, 0x46333430, 0x696e7507, 0x30343430, 0x696e7507, 0x31343430, 0x696e7507, 0x32343430, 0x696e7507, 0x33343430, 0x696e7507, 0x45353430, 0x696e7507, 
    0x34343430, 0x696e7507, 0x35343430, 0x696e7507, 0x37343430, 0x696e7507, 0x36343430, 0x696e7507, 0x38343430, 0x696e7507, 0x39343430, 0x696e7507, 0x46353430, 0x696e7507, 
    0x43343430, 0x696e7507, 0x41343430, 0x696e7507, 0x42343430, 0x696e7507, 0x39353430, 0x696e7507, 0x41353430, 0x696e7507, 0x35353430, 0x696e7507, 0x34353430, 0x696e7507, 
    0x44343430, 0x696e7507, 0x36353430, 0x696e7507, 0x37353430, 0x696e7507, 0x38353430, 0x696e7507, 0x42353430, 0x696e7507, 0x45343430, 0x696e7507, 0x46343430, 0x696e7507, 
    0x32353430, 0x696e7507, 0x33363430, 0x696e7507, 0x33373430, 0x696e7507, 0x35373430, 0x696e7507, 0x33393430, 0x696e7507, 0x37393430, 0x696e7507, 0x39393430, 0x696e7507, 
    0x42393430, 0x696e7507, 0x31413430, 0x696e7507, 0x33413430, 0x696e7507, 0x42413430, 0x696e7507, 0x46413430, 0x696e7507, 0x31423430, 0x696e7507, 0x33423430, 0x696e7507, 
    0x37423430, 0x696e7507, 0x42423430, 0x696e7507, 0x46433430, 0x696e7507, 0x32433430, 0x696e7507, 0x31443430, 0x696e7507, 0x35443430, 0x696e7507, 0x37443430, 0x696e7507, 
    0x39443430, 0x696e7507, 0x33453430, 0x696e7507, 0x37453430, 0x696e7507, 0x39453430, 0x696e7507, 0x46453430, 0x696e7507, 0x33463430, 0x696e750f, 0x32333430, 0x636f6c2e, 
    0x5247426c, 0x696e750f, 0x33333430, 0x636f6c2e, 0x5247426c, 0x696e750f, 0x34333430, 0x636f6c2e, 0x5247426c, 0x696e750f, 0x36333430, 0x636f6c2e, 0x5247426c, 0x696e750f, 
    0x37333430, 0x636f6c2e, 0x5247426c, 0x696e750f, 0x38333430, 0x636f6c2e, 0x5247426c, 0x696e750f, 0x39333430, 0x636f6c2e, 0x5247426c, 0x696e750f, 0x44353430, 0x636f6c2e, 
    0x5247426c, 0x696e750f, 0x41333430, 0x636f6c2e, 0x5247426c, 0x696e750f, 0x42333430, 0x636f6c2e, 0x5247426c, 0x696e750f, 0x46333430, 0x636f6c2e, 0x5247426c, 0x696e750f, 
    0x32343430, 0x636f6c2e, 0x5247426c, 0x696e750f, 0x36343430, 0x636f6c2e, 0x5247426c, 0x696e750f, 0x38343430, 0x636f6c2e, 0x5247426c, 0x696e750f, 0x39343430, 0x636f6c2e, 
    0x5247426c, 0x696e750f, 0x43343430, 0x636f6c2e, 0x5247426c, 0x696e750f, 0x41343430, 0x636f6c2e, 0x5247426c, 0x696e750f, 0x45343430, 0x636f6c2e, 0x5247426c, 0x696e750f, 
    0x31333430, 0x636f6c2e, 0x4252536c, 0x696e750c, 0x30333430, 0x3073732e, 0x6e750c31, 0x33343069, 0x73732e34, 0x750c3130, 0x3430696e, 0x732e3334, 0x0c313073, 0x30696e75, 
    0x2e453534, 0x31307373, 0x696e750c, 0x34343430, 0x3073732e, 0x6e750c31, 0x45343069, 0x73732e46, 0x750c3130, 0x3430696e, 0x732e3346, 0x05313073, 0x68706c41, 0x65420461, 
    0x47056174, 0x616d6d61, 0x696e7507, 0x34393330, 0x73704507, 0x6e6f6c69, 0x74655a04, 0x74450361, 0x68540561, 0x04617465, 0x61746f49, 0x70614b05, 0x4c066170, 0x64626d61, 
    0x754d0261, 0x02754e02, 0x4f076958, 0x7263696d, 0x50026e6f, 0x68520369, 0x6953056f, 0x03616d67, 0x07756154, 0x69737055, 0x036e6f6c, 0x03696850, 0x03696843, 0x07697350, 
    0x30696e75, 0x0a394133, 0x68706c41, 0x6e6f7461, 0x450c736f, 0x6c697370, 0x6f746e6f, 0x08736f6e, 0x74617445, 0x736f6e6f, 0x746f4909, 0x6e6f7461, 0x4f0c736f, 0x7263696d, 
    0x6f746e6f, 0x0c736f6e, 0x69737055, 0x746e6f6c, 0x736f6e6f, 0x656d4f0a, 0x6f746167, 0x0c736f6e, 0x61746f49, 0x72656964, 0x73697365, 0x7370550f, 0x6e6f6c69, 0x72656964, 
    0x73697365, 0x2e695807, 0x31307373, 0x706c6105, 0x62046168, 0x05617465, 0x6d6d6167, 0x65640561, 0x0761746c, 0x69737065, 0x046e6f6c, 0x6174657a, 0x61746503, 0x65687405, 
    0x69046174, 0x0561746f, 0x7070616b, 0x616c0661, 0x6164626d, 0x696e7507, 0x43423330, 0x02756e02, 0x6f076978, 0x7263696d, 0x72036e6f, 0x75076f68, 0x3330696e, 0x73053243, 
    0x616d6769, 0x75617403, 0x73707507, 0x6e6f6c69, 0x69687003, 0x69686303, 0x69737003, 0x656d6f05, 0x69096167, 0x7461746f, 0x736f6e6f, 0x746f690c, 0x65696461, 0x69736572, 
    0x6f691173, 0x69646174, 0x73657265, 0x6f747369, 0x0c736f6e, 0x69737075, 0x746e6f6c, 0x736f6e6f, 0x7370750f, 0x6e6f6c69, 0x72656964, 0x73697365, 0x73707514, 0x6e6f6c69, 
    0x72656964, 0x73697365, 0x6f6e6f74, 0x6d6f0c73, 0x6f726369, 0x6e6f746e, 0x6f0a736f, 0x6167656d, 0x6f6e6f74, 0x6c610a73, 0x74616870, 0x736f6e6f, 0x7370650c, 0x6e6f6c69, 
    0x6f6e6f74, 0x74650873, 0x6e6f7461, 0x7807736f, 0x73732e69, 0x75073130, 0x3732696e, 0x75073038, 0x3732696e, 0x75073138, 0x3732696e, 0x75073238, 0x3732696e, 0x75073338, 
    0x3732696e, 0x75073438, 0x3732696e, 0x75073538, 0x3732696e, 0x75073638, 0x3732696e, 0x75073738, 0x3732696e, 0x75073838, 0x3432696e, 0x75074646, 0x3732696e, 0x75073637, 
    0x3732696e, 0x75073737, 0x3732696e, 0x75073837, 0x3732696e, 0x75073937, 0x3732696e, 0x75074137, 0x3732696e, 0x75074237, 0x3732696e, 0x75074337, 0x3732696e, 0x75074437, 
    0x3732696e, 0x75074537, 0x3432696e, 0x7a084145, 0x2e6f7265, 0x0766736f, 0x2e656e6f, 0x0766736f, 0x2e6f7774, 0x0966736f, 0x65726874, 0x736f2e65, 0x6f660866, 0x6f2e7275, 
    0x66086673, 0x2e657669, 0x0766736f, 0x2e786973, 0x0966736f, 0x65766573, 0x736f2e6e, 0x69650966, 0x2e746867, 0x0866736f, 0x656e696e, 0x66736f2e, 0x72657a0d, 0x736f2e6f, 
    0x657a2e66, 0x7a076f72, 0x2e6f7265, 0x6f066674, 0x742e656e, 0x77740666, 0x66742e6f, 0x72687408, 0x742e6565, 0x6f660766, 0x742e7275, 0x69660766, 0x742e6576, 0x69730666, 
    0x66742e78, 0x76657308, 0x742e6e65, 0x69650866, 0x2e746867, 0x6e076674, 0x2e656e69, 0x7a0c6674, 0x2e6f7265, 0x7a2e6674, 0x096f7265, 0x6f72657a, 0x736f742e, 0x6e6f0866, 
    0x6f742e65, 0x74086673, 0x742e6f77, 0x0a66736f, 0x65726874, 0x6f742e65, 0x66096673, 0x2e72756f, 0x66736f74, 0x76696609, 0x6f742e65, 0x73086673, 0x742e7869, 0x0a66736f, 
    0x65766573, 0x6f742e6e, 0x650a6673, 0x74686769, 0x736f742e, 0x696e0966, 0x742e656e, 0x0e66736f, 0x6f72657a, 0x736f742e, 0x657a2e66, 0x7a096f72, 0x2e6f7265, 0x6f72657a, 
    0x696e7507, 0x30383032, 0x696e7507, 0x31383032, 0x696e7507, 0x32383032, 0x696e7507, 0x33383032, 0x696e7507, 0x34383032, 0x696e7507, 0x35383032, 0x696e7507, 0x36383032, 
    0x696e7507, 0x37383032, 0x696e7507, 0x38383032, 0x696e7507, 0x39383032, 0x72657a09, 0x6e642e6f, 0x6f086d6f, 0x642e656e, 0x086d6f6e, 0x2e6f7774, 0x6d6f6e64, 0x7268740a, 
    0x642e6565, 0x096d6f6e, 0x72756f66, 0x6f6e642e, 0x6966096d, 0x642e6576, 0x086d6f6e, 0x2e786973, 0x6d6f6e64, 0x7665730a, 0x642e6e65, 0x0a6d6f6e, 0x68676965, 0x6e642e74, 
    0x6e096d6f, 0x2e656e69, 0x6d6f6e64, 0x72657a09, 0x756e2e6f, 0x6f08726d, 0x6e2e656e, 0x08726d75, 0x2e6f7774, 0x726d756e, 0x7268740a, 0x6e2e6565, 0x09726d75, 0x72756f66, 
    0x6d756e2e, 0x69660972, 0x6e2e6576, 0x08726d75, 0x2e786973, 0x726d756e, 0x7665730a, 0x6e2e6e65, 0x0a726d75, 0x68676965, 0x756e2e74, 0x6e09726d, 0x2e656e69, 0x726d756e, 
    0x696e7507, 0x30373032, 0x696e7507, 0x39423030, 0x696e7507, 0x32423030, 0x696e7507, 0x33423030, 0x696e7507, 0x34373032, 0x696e7507, 0x35373032, 0x696e7507, 0x36373032, 
    0x696e7507, 0x37373032, 0x696e7507, 0x38373032, 0x696e7507, 0x39373032, 0x696e7507, 0x33353132, 0x696e7507, 0x34353132, 0x696e7507, 0x35353132, 0x696e7507, 0x36353132, 
    0x696e7507, 0x37353132, 0x696e7507, 0x38353132, 0x696e7507, 0x39353132, 0x696e7507, 0x41353132, 0x696e7507, 0x30353132, 0x656e6f09, 0x68676965, 0x740c6874, 0x65657268, 
    0x68676965, 0x0b736874, 0x65766966, 0x68676965, 0x0c736874, 0x65766573, 0x6769656e, 0x73687468, 0x696e7507, 0x31353132, 0x696e7507, 0x32353132, 0x6378650f, 0x646d616c, 
    0x2e6e776f, 0x65736163, 0x65757111, 0x6f697473, 0x776f646e, 0x61632e6e, 0x70136573, 0x6f697265, 0x6e656364, 0x65726574, 0x61632e64, 0x620b6573, 0x656c6c75, 0x61632e74, 
    0x730a6573, 0x6873616c, 0x7361632e, 0x61620e65, 0x6c736b63, 0x2e687361, 0x65736163, 0x696e7507, 0x44383032, 0x696e7507, 0x45383032, 0x696e7507, 0x44373032, 0x696e7507, 
    0x45373032, 0x7261700e, 0x656c6e65, 0x632e7466, 0x0f657361, 0x65726170, 0x6769726e, 0x632e7468, 0x0e657361, 0x63617262, 0x66656c65, 0x61632e74, 0x620f6573, 0x65636172, 
    0x68676972, 0x61632e74, 0x62106573, 0x6b636172, 0x656c7465, 0x632e7466, 0x11657361, 0x63617262, 0x7274656b, 0x74686769, 0x7361632e, 0x6e750765, 0x41303069, 0x6e750744, 
    0x31303269, 0x79680b35, 0x6e656870, 0x7361632e, 0x6e750c65, 0x41303069, 0x61632e44, 0x650b6573, 0x7361646e, 0x61632e68, 0x650b6573, 0x7361646d, 0x61632e68, 0x750c6573, 
    0x3032696e, 0x632e3531, 0x12657361, 0x6c697567, 0x6f6d656c, 0x66656c74, 0x61632e74, 0x67136573, 0x6c6c6975, 0x746f6d65, 0x68676972, 0x61632e74, 0x67126573, 0x736c6975, 
    0x6c676e69, 0x7466656c, 0x7361632e, 0x75671365, 0x69736c69, 0x726c676e, 0x74686769, 0x7361632e, 0x65700b65, 0x646f6972, 0x6275732e, 0x6f630a73, 0x2e616d6d, 0x73627573, 
    0x7265700b, 0x2e646f69, 0x73707573, 0x6d6f630a, 0x732e616d, 0x09737075, 0x746f6e61, 0x69656c65, 0x6e750761, 0x41303069, 0x6e750730, 0x30303269, 0x6e750739, 0x42303269, 
    0x75450446, 0x75076f72, 0x3032696e, 0x6c043442, 0x07617269, 0x32696e75, 0x06414230, 0x65736570, 0x75076174, 0x3032696e, 0x75074442, 0x3032696e, 0x75073942, 0x3032696e, 
    0x75073842, 0x3032696e, 0x750a4541, 0x3032696e, 0x742e4642, 0x65630766, 0x742e746e, 0x75630b66, 0x6e657272, 0x742e7963, 0x6f640966, 0x72616c6c, 0x0766742e, 0x6f727545, 
    0x0966742e, 0x726f6c66, 0x742e6e69, 0x6e750a66, 0x42303269, 0x66742e34, 0x72696c07, 0x66742e61, 0x696e750a, 0x41423032, 0x0966742e, 0x65736570, 0x742e6174, 0x6e750a66, 
    0x42303269, 0x66742e44, 0x696e750a, 0x39423032, 0x0b66742e, 0x72657473, 0x676e696c, 0x0a66742e, 0x32696e75, 0x2e384230, 0x750a6674, 0x3032696e, 0x742e4541, 0x65790666, 
    0x66742e6e, 0x696e7507, 0x39313232, 0x696e7507, 0x43383032, 0x696e7507, 0x43373032, 0x696e7507, 0x42383032, 0x696e7507, 0x42373032, 0x696e7507, 0x36323132, 0x696e7507, 
    0x36303232, 0x696e7507, 0x35423030, 0x696e7507, 0x41383032, 0x696e7507, 0x41373032, 0x72726107, 0x7075776f, 0x696e7507, 0x37393132, 0x7272610a, 0x6972776f, 0x07746867, 
    0x32696e75, 0x09383931, 0x6f727261, 0x776f6477, 0x6e75076e, 0x39313269, 0x72610939, 0x6c776f72, 0x07746665, 0x32696e75, 0x09363931, 0x6f727261, 0x746f6277, 0x72610968, 
    0x75776f72, 0x076e6470, 0x32696e75, 0x07354637, 0x32696e75, 0x07364637, 0x32696e75, 0x06464335, 0x63726963, 0x6609656c, 0x656c6c69, 0x786f6264, 0x696e7507, 0x31413532, 
    0x696e7507, 0x41413532, 0x696e7507, 0x42413532, 0x69727407, 0x70756761, 0x696e7507, 0x36423532, 0x69727407, 0x6e646761, 0x696e7507, 0x30433532, 0x696e7507, 0x33423532, 
    0x696e7507, 0x37423532, 0x696e7507, 0x44423532, 0x696e7507, 0x31433532, 0x69727407, 0x74726761, 0x69727407, 0x666c6761, 0x696e7507, 0x42423532, 0x696e7507, 0x35433532, 
    0x696e7507, 0x34423532, 0x696e7507, 0x38423532, 0x696e7507, 0x45423532, 0x696e7507, 0x32433532, 0x696e7507, 0x35423532, 0x696e7507, 0x39423532, 0x696e7507, 0x46423532, 
    0x696e7507, 0x33433532, 0x696e7507, 0x43313632, 0x696e7507, 0x45313632, 0x696e7507, 0x31363632, 0x61656805, 0x75077472, 0x3732696e, 0x75074235, 0x3732696e, 0x75074335, 
    0x3732696e, 0x75074435, 0x3732696e, 0x75074535, 0x3846696e, 0x75074646, 0x3132696e, 0x6d063731, 0x74756e69, 0x65730665, 0x646e6f63, 0x696e7507, 0x33313132, 0x74736509, 
    0x74616d69, 0x75076465, 0x3132696e, 0x730c3631, 0x69746365, 0x632e6e6f, 0x07657361, 0x30696e75, 0x07383033, 0x30696e75, 0x09373033, 0x76617267, 0x6d6f6365, 0x63610962, 
    0x63657475, 0x07626d6f, 0x30696e75, 0x07423033, 0x30696e75, 0x07323033, 0x30696e75, 0x07433033, 0x30696e75, 0x07363033, 0x30696e75, 0x09413033, 0x646c6974, 0x6d6f6365, 
    0x6e750762, 0x30333069, 0x6e750734, 0x32333069, 0x6e750736, 0x32333069, 0x6e750737, 0x32333069, 0x6e750c38, 0x30333069, 0x61632e38, 0x750c6573, 0x3330696e, 0x632e3730, 
    0x0e657361, 0x76617267, 0x6d6f6365, 0x61632e62, 0x610e6573, 0x65747563, 0x626d6f63, 0x7361632e, 0x6e750c65, 0x30333069, 0x61632e42, 0x750c6573, 0x3330696e, 0x632e3230, 
    0x0c657361, 0x30696e75, 0x2e433033, 0x65736163, 0x696e750c, 0x36303330, 0x7361632e, 0x6e750c65, 0x30333069, 0x61632e41, 0x740e6573, 0x65646c69, 0x626d6f63, 0x7361632e, 
    0x6e750c65, 0x30333069, 0x61632e34, 0x611a6573, 0x65747563, 0x626d6f63, 0x636f6c2e, 0x4b4c506c, 0x626d6f63, 0x7361632e, 0x6e750965, 0x30333069, 0x0b692e38, 0x646c6974, 
    0x6d6f6365, 0x09692e62, 0x30696e75, 0x2e343033, 0x6e750e69, 0x30333069, 0x6c732e43, 0x6b61766f, 0x6e6f7405, 0x640d736f, 0x65726569, 0x74736973, 0x736f6e6f, 0x6572620b, 
    0x6f636576, 0x7963626d, 0x65726210, 0x6f636576, 0x7963626d, 0x7361632e, 0x6f630d65, 0x61616d6d, 0x6e656363, 0x00707574, 0x00b84b00, 0xb15852c8, 0x598e0101, 0x08b901b0, 
    0x63000800, 0x0700b170, 0x0000b642, 0x0523374b, 0x00b12a00, 0x0c404207, 0x0452045e, 0x082a083e, 0x0a050718, 0x0700b12a, 0x640c4042, 0x48025802, 0x21063406, 0x2a0a0505, 
    0x420c00b1, 0x14c017be, 0x0ac00fc0, 0x004006c0, 0x2a0b0005, 0x421100b1, 0x004000be, 0x00400040, 0x00400040, 0x2a0b0005, 0x000300b9, 0x24b14400, 0x58518801, 0x588840b0, 
    0x000300b9, 0x28b14464, 0x58518801, 0x880008b8, 0x0300b958, 0x59440000, 0x0127b11b, 0xba585188, 0x01008008, 0x63884004, 0x00b95854, 0x44000003, 0x59595959, 0x600c4059, 
    0x40045404, 0x1a082c08, 0x2a0e0507, 0x85ff01b8, 0xb18d04b0, 0xb0440002, 0x05b35e06, 0x44000664, 0x00000044, 
};

